sales,quantity,discount,category_Office Supplies,category_Technology,region_East,region_South,region_West,segment_Corporate,segment_Home Office,ship_mode_Same Day,ship_mode_Second Class,ship_mode_Standard Class
-0.3651940272474917,-1.253741929331373,3.11854373079798,1,0,0,0,0,0,0,0,0,1
0.03002500201950104,1.4428892644139713,-0.7566434880210966,1,0,1,0,0,0,0,0,0,1
-0.29181954278377165,1.4428892644139713,0.2121533166836726,1,0,0,0,1,0,0,0,0,1
-0.21488287857220645,-0.35486486474959156,-0.7566434880210966,1,0,0,1,0,0,0,0,1,0
-0.31940557621843474,0.09457366754129916,-0.7566434880210966,0,0,0,0,1,0,0,0,0,1
-0.3173773801818239,0.9934507321230805,0.2121533166836726,1,0,0,0,0,0,0,0,0,1
1.6016015835259356,0.9934507321230805,0.7934313995065341,0,0,0,0,0,1,0,0,0,0
-0.2085768576672375,-0.35486486474959156,-0.7566434880210966,1,0,0,0,1,1,0,0,0,1
-0.31653015905260673,-0.35486486474959156,0.2121533166836726,1,0,0,0,0,0,0,0,0,1
-0.3043224727816134,0.5440121998321898,-0.7566434880210966,1,0,0,0,0,0,0,0,1,0
1.0493700148183875,0.09457366754129916,0.2121533166836726,0,0,0,0,1,0,0,0,0,1
-0.3372967042312601,-0.35486486474959156,-0.7566434880210966,1,0,1,0,0,0,0,0,0,0
-0.33237062683221313,-1.253741929331373,-0.7566434880210966,0,0,0,0,1,1,0,0,0,1
0.6362085108034652,-0.35486486474959156,0.2121533166836726,0,0,0,0,1,0,0,0,0,1
0.3307708524514158,-0.35486486474959156,-0.030045884492519763,0,0,0,0,1,1,0,0,0,1
0.23765836209659572,-0.35486486474959156,-0.7566434880210966,0,1,0,1,0,0,0,0,0,1
-0.35403894904613187,0.09457366754129916,0.2121533166836726,1,0,0,1,0,1,0,0,0,1
0.31305382196230264,0.5440121998321898,-0.030045884492519763,0,0,0,0,1,1,0,0,0,1
0.20376951692790762,0.5440121998321898,-0.7566434880210966,0,0,0,1,0,0,0,0,0,1
-0.25734021016138664,-1.253741929331373,-0.7566434880210966,1,0,0,0,1,1,0,0,1,0
-0.22122099118661542,-1.253741929331373,-0.7566434880210966,1,0,0,0,0,0,0,0,0,1
0.5360631223248592,-0.35486486474959156,-0.7566434880210966,0,0,0,0,0,0,1,0,0,0
1.0687534073201748,0.5440121998321898,0.2121533166836726,1,0,1,0,0,1,0,0,0,0
-0.27285976084659275,-0.35486486474959156,0.2121533166836726,1,0,0,0,1,0,1,0,0,1
-0.2960428117460816,0.09457366754129916,-0.7566434880210966,1,0,0,0,1,0,1,1,0,0
6.909534382194894,-0.35486486474959156,0.2121533166836726,1,0,0,0,1,0,1,0,1,0
-0.18437970874944315,0.5440121998321898,-0.7566434880210966,0,1,0,0,0,1,0,0,1,0
-0.3587756853594826,-0.35486486474959156,0.2121533166836726,1,0,0,0,0,1,0,0,0,1
-0.32963641318792125,-1.253741929331373,0.2121533166836726,1,0,0,0,0,0,1,0,1,0
-0.24270639065672595,0.5440121998321898,2.634145328445595,1,0,0,1,0,1,0,0,0,0
-0.32180603608455016,-0.35486486474959156,0.2121533166836726,1,0,0,0,1,0,0,0,1,0
-0.21101261841373695,-0.35486486474959156,0.2121533166836726,1,0,0,1,0,0,0,0,0,0
-0.3046754815854539,-1.253741929331373,-0.7566434880210966,1,0,1,0,0,0,0,0,0,1
-0.046240945464767175,1.892327796704862,-0.7566434880210966,0,0,0,0,1,0,0,0,0,1
-0.2924228669212445,-0.35486486474959156,0.2121533166836726,1,0,0,1,0,0,0,0,0,1
-0.3048359401326541,-0.8043033970404823,-0.7566434880210966,0,0,1,0,0,1,0,0,0,1
-0.3423190567586272,0.09457366754129916,-0.7566434880210966,1,0,1,0,0,0,0,0,0,1
1.299929245442487,-1.253741929331373,0.2121533166836726,0,1,0,0,1,0,0,0,0,1
-0.2437461620425834,-0.35486486474959156,0.2121533166836726,0,0,0,1,0,0,0,0,0,1
-0.3166071791552628,-0.8043033970404823,0.2121533166836726,1,0,1,0,0,1,0,0,0,1
2.2035419264877367,0.09457366754129916,0.2121533166836726,0,0,0,0,1,0,1,0,0,1
-0.19047713354305182,0.5440121998321898,-0.7566434880210966,0,0,0,1,0,0,1,0,0,1
0.19435060020725425,-1.253741929331373,-0.7566434880210966,0,0,0,1,0,0,0,0,0,1
-0.35922496929164327,-0.8043033970404823,0.2121533166836726,1,0,1,0,0,0,0,0,0,1
1.2574013120925387,1.4428892644139713,0.2121533166836726,0,0,0,0,1,0,0,0,1,0
-0.23904793578056074,-0.35486486474959156,-0.7566434880210966,1,0,1,0,0,1,0,0,0,0
1.7165887457863744,-0.8043033970404823,-0.7566434880210966,0,1,1,0,0,0,0,0,0,1
-0.2857895105799871,0.5440121998321898,-0.7566434880210966,1,0,0,0,0,0,1,0,0,1
-0.2989310655956857,-0.8043033970404823,-0.7566434880210966,1,0,0,0,1,1,0,0,0,0
-0.22446225384006005,-0.35486486474959156,-0.7566434880210966,0,1,1,0,0,0,0,0,0,1
0.49028429880863406,-0.35486486474959156,-0.7566434880210966,1,0,1,0,0,0,0,0,0,1
-0.347774647363435,0.5440121998321898,0.2121533166836726,1,0,0,0,0,0,0,0,0,1
-0.32955939308526516,1.4428892644139713,0.2121533166836726,1,0,0,1,0,0,0,0,0,1
0.0545912055958559,0.9934507321230805,-0.7566434880210966,1,0,1,0,0,0,0,0,1,0
-0.3213310787848375,-0.8043033970404823,-0.7566434880210966,1,0,0,0,1,0,0,0,0,1
-0.3074417869391858,-0.35486486474959156,0.2121533166836726,1,0,0,0,1,0,0,0,0,1
1.7148076559124517,0.5440121998321898,-0.7566434880210966,0,0,0,0,1,0,0,0,0,0
-0.347761810679659,-0.35486486474959156,0.2121533166836726,1,0,1,0,0,0,0,0,0,1
-0.3438722954955255,-0.35486486474959156,0.2121533166836726,1,0,0,1,0,0,0,0,0,1
-0.3572096099388084,0.09457366754129916,-0.7566434880210966,1,0,1,0,0,1,0,0,0,1
-0.33736409682108426,-0.35486486474959156,0.2121533166836726,1,0,0,0,1,1,0,0,0,1
0.9852828710666165,-0.8043033970404823,-0.7566434880210966,0,1,1,0,0,0,0,0,0,1
-0.17781695416895385,0.9934507321230805,-0.7566434880210966,1,0,1,0,0,0,0,0,0,1
-0.28517014058779416,1.4428892644139713,0.2121533166836726,1,0,0,1,0,0,0,0,0,1
-0.29029839575631344,-1.253741929331373,-0.7566434880210966,1,0,1,0,0,0,0,0,0,1
-0.3620490397223673,-0.35486486474959156,0.2121533166836726,1,0,0,1,0,0,0,0,0,1
-0.2587522453767487,0.09457366754129916,-0.7566434880210966,1,0,1,0,0,0,0,0,0,1
-0.31622207864198226,0.09457366754129916,3.11854373079798,1,0,0,0,0,0,0,0,0,0
-0.36281924074892835,-1.253741929331373,0.2121533166836726,1,0,1,0,0,1,0,0,0,1
-0.26076760472958355,0.9934507321230805,0.2121533166836726,1,0,0,1,0,0,0,0,0,1
-0.24148690569800418,0.09457366754129916,-0.7566434880210966,1,0,0,0,0,0,0,0,0,1
-0.34192111956157073,-0.8043033970404823,0.2121533166836726,1,0,1,0,0,0,0,0,0,1
-0.3271332598515977,-1.253741929331373,0.2121533166836726,1,0,1,0,0,0,0,1,0,0
-0.2083843074105972,-1.253741929331373,-0.7566434880210966,0,1,0,0,1,1,0,0,0,1
-0.24052415441480288,0.09457366754129916,-0.7566434880210966,0,1,0,1,0,0,0,0,0,1
-0.028718872110502287,0.09457366754129916,-0.7566434880210966,1,0,0,0,0,0,0,0,1,0
-0.3635894417754894,-0.8043033970404823,0.2121533166836726,1,0,1,0,0,0,0,0,0,1
-0.33058632778734665,-0.35486486474959156,0.2121533166836726,1,0,0,0,0,0,0,0,0,1
-0.35103195587159963,-1.253741929331373,-0.7566434880210966,1,0,0,1,0,0,0,0,0,1
1.0318800331735627,-0.35486486474959156,-0.7566434880210966,0,0,0,0,0,1,0,0,0,1
-0.361856489465727,-0.35486486474959156,0.2121533166836726,1,0,0,0,0,0,0,0,1,0
1.1496630251604179,1.4428892644139713,0.2121533166836726,0,1,0,0,0,1,0,0,0,0
0.6013954244029037,2.3417663289957527,0.2121533166836726,1,0,0,0,0,0,0,0,0,1
-0.18603243178560552,0.09457366754129916,-0.7566434880210966,0,0,1,0,0,0,0,0,0,1
-0.14901464494651298,-1.253741929331373,-0.7566434880210966,0,1,1,0,0,0,0,0,0,1
0.6486665124080908,0.9934507321230805,0.6965517190360571,0,0,0,0,0,0,1,0,0,1
-0.3509838183074396,0.09457366754129916,-0.7566434880210966,1,0,1,0,0,1,0,0,0,1
-0.06461665829013724,-0.8043033970404823,2.634145328445595,1,0,0,1,0,0,1,0,0,1
-0.03185102295185073,-1.253741929331373,0.2121533166836726,0,0,0,0,1,0,0,0,0,0
-0.2936680252475182,-0.8043033970404823,-0.7566434880210966,1,0,0,0,1,0,0,1,0,0
-0.2340801391592417,-0.35486486474959156,0.2121533166836726,0,1,0,1,0,0,0,0,0,1
-0.3521904665823853,-0.8043033970404823,0.2121533166836726,1,0,0,0,0,1,0,0,0,1
-0.2263909655774068,-0.8043033970404823,0.2121533166836726,1,0,0,1,0,1,0,0,0,1
0.7607500167983938,0.09457366754129916,0.2121533166836726,0,1,0,0,1,0,0,0,1,0
-0.20085880154690655,0.5440121998321898,0.2121533166836726,1,0,1,0,0,0,1,0,0,1
-0.2958502614894413,0.09457366754129916,-0.7566434880210966,0,1,0,0,1,0,0,0,0,1
0.23568472196603288,0.09457366754129916,-0.272245085668712,1,0,0,0,0,0,0,0,0,1
-0.23669882264954942,-0.35486486474959156,0.2121533166836726,1,0,1,0,0,0,1,0,0,1
0.20064057525750312,0.5440121998321898,-0.7566434880210966,0,0,1,0,0,0,0,0,0,0
1.954051349787991,0.5440121998321898,-0.7566434880210966,1,0,0,0,1,0,0,0,0,1
-0.20621811702339415,-0.35486486474959156,-0.7566434880210966,0,1,1,0,0,0,1,0,0,1
-0.03828348519201347,-0.35486486474959156,0.7934313995065341,0,0,0,0,0,1,0,0,0,1
-0.025573884585377855,0.09457366754129916,-0.7566434880210966,1,0,0,0,1,0,0,0,0,0
-0.327332228450126,-0.35486486474959156,-0.7566434880210966,1,0,0,0,1,1,0,0,0,1
-0.23572644385351604,0.5440121998321898,-0.7566434880210966,0,1,0,0,1,0,0,0,1,0
1.0752712335074481,-0.35486486474959156,1.1809501213884417,0,1,1,0,0,1,0,0,0,1
-0.3616543116962547,-0.35486486474959156,3.11854373079798,1,0,0,0,0,0,1,0,0,1
-0.24668576262729155,-0.8043033970404823,-0.7566434880210966,1,0,0,0,1,0,0,0,1,0
-0.24694249630281198,-0.8043033970404823,-0.7566434880210966,1,0,0,0,0,0,0,0,0,1
-0.3521904665823853,-0.8043033970404823,0.2121533166836726,1,0,0,0,0,0,0,0,0,1
-0.34738954685015444,-0.8043033970404823,-0.7566434880210966,1,0,1,0,0,0,0,0,0,0
-0.21483795017899035,0.09457366754129916,0.2121533166836726,0,1,0,0,0,1,0,0,0,1
-0.22171841268293613,-0.35486486474959156,-0.7566434880210966,1,0,0,1,0,1,0,0,0,0
0.07394250638820336,0.9934507321230805,-0.7566434880210966,0,1,1,0,0,0,1,0,0,1
-0.33618954025557857,-0.35486486474959156,-0.7566434880210966,1,0,0,0,1,0,1,0,0,1
-0.02714637834794007,-0.35486486474959156,-0.7566434880210966,0,0,0,0,0,0,0,0,0,0
1.0169573882839413,2.3417663289957527,0.2121533166836726,0,1,0,0,0,1,0,0,1,0
-0.3022814400612264,1.892327796704862,0.2121533166836726,1,0,0,1,0,1,0,0,1,0
-0.3034559966267321,-0.35486486474959156,-0.7566434880210966,1,0,0,0,1,0,1,0,0,1
-0.3007795480594323,-0.35486486474959156,0.2121533166836726,0,0,1,0,0,1,0,0,0,0
0.7423037022122557,3.240643393577534,0.2121533166836726,0,0,0,1,0,1,0,0,0,1
-0.3521904665823853,-0.8043033970404823,0.2121533166836726,1,0,0,0,0,0,0,1,0,0
-0.17654451788965606,-1.253741929331373,-0.030045884492519763,0,0,0,0,1,0,1,0,0,1
0.545209259515272,-0.8043033970404823,-0.7566434880210966,0,1,0,1,0,0,0,0,0,0
-0.3646163764775709,-1.253741929331373,0.2121533166836726,1,0,1,0,0,1,0,0,0,1
0.08509116624767515,2.3417663289957527,0.2121533166836726,0,0,1,0,0,1,0,0,0,0
-0.3219087295547583,0.5440121998321898,0.2121533166836726,1,0,1,0,0,0,0,0,0,1
-0.3608841106696936,-1.253741929331373,-0.7566434880210966,0,0,0,0,1,0,1,0,0,1
-0.26513207721342974,1.4428892644139713,0.2121533166836726,1,0,0,0,0,0,1,0,0,1
-0.3595843964373718,-0.8043033970404823,-0.7566434880210966,1,0,1,0,0,0,0,0,0,1
0.35795413493260636,-0.35486486474959156,-0.7566434880210966,0,0,0,1,0,0,1,0,0,1
-0.3062961129121762,-0.35486486474959156,-0.7566434880210966,0,0,1,0,0,0,1,0,1,0
0.45422926325274304,-0.35486486474959156,-0.7566434880210966,0,0,0,0,0,0,0,0,0,1
-0.32723595332180583,0.09457366754129916,-0.7566434880210966,1,0,1,0,0,0,0,0,0,0
-0.31194746294456815,1.4428892644139713,0.2121533166836726,1,0,1,0,0,0,0,0,0,1
1.5516373592645398,1.4428892644139713,-0.7566434880210966,0,0,0,1,0,0,0,0,0,0
-0.1127991508434216,0.09457366754129916,-0.7566434880210966,0,1,0,0,1,1,0,0,1,0
-0.34803138103895537,-0.8043033970404823,-0.7566434880210966,1,0,1,0,0,0,0,0,0,1
0.4790842922140581,0.5440121998321898,0.6965517190360571,0,0,0,0,0,1,0,0,0,1
-0.33153624238677193,0.5440121998321898,0.2121533166836726,1,0,0,0,1,0,1,0,0,1
-0.32632133960276455,-1.253741929331373,-0.7566434880210966,1,0,1,0,0,1,0,0,0,1
0.016225566960281473,-0.35486486474959156,-0.7566434880210966,0,1,0,0,1,0,1,0,1,0
0.38356331906576263,0.9934507321230805,-0.7566434880210966,0,1,0,0,0,0,0,0,0,0
-0.2696762632701402,0.09457366754129916,0.2121533166836726,1,0,0,0,0,1,0,0,0,1
-0.3035522717550522,-0.35486486474959156,0.2121533166836726,0,1,0,0,0,0,0,0,0,1
-0.3079488359483385,-0.8043033970404823,-0.7566434880210966,1,0,1,0,0,0,1,0,0,0
-0.24058833783368289,0.09457366754129916,-0.7566434880210966,0,0,0,0,1,0,0,0,0,1
-0.2727057206412805,-0.8043033970404823,0.2121533166836726,1,0,1,0,0,0,0,0,0,1
-0.362568925415296,-0.8043033970404823,-0.7566434880210966,1,0,0,0,0,1,0,0,0,1
-0.33448867965525614,0.5440121998321898,-0.7566434880210966,1,0,0,0,1,0,0,0,0,1
2.278338073679651,0.5440121998321898,-0.7566434880210966,0,1,0,0,0,0,0,0,0,1
-0.34009831046537614,0.9934507321230805,3.11854373079798,1,0,0,0,0,0,0,0,0,1
-0.33724856666710007,0.5440121998321898,0.2121533166836726,1,0,0,0,1,1,0,0,0,1
2.5097674363065394,-0.8043033970404823,-0.7566434880210966,1,0,0,1,0,0,0,0,0,1
-0.2381525770871835,1.4428892644139713,2.634145328445595,1,0,1,0,0,1,0,0,0,1
-0.3236737735739608,-0.35486486474959156,-0.7566434880210966,1,0,0,0,1,0,0,0,0,1
-0.3113698121746474,-0.35486486474959156,0.2121533166836726,1,0,0,0,1,0,0,1,0,0
0.07076542715363883,-0.8043033970404823,-0.7566434880210966,0,0,0,1,0,0,0,0,0,0
-0.3434615216146929,1.892327796704862,0.2121533166836726,1,0,0,0,0,1,0,0,1,0
0.2575520127784799,-0.8043033970404823,0.2121533166836726,0,0,0,1,0,0,0,0,0,1
0.5442753907705667,-0.35486486474959156,0.6965517190360571,0,0,0,0,0,0,1,0,1,0
-0.33383079961173523,-0.35486486474959156,-0.7566434880210966,1,0,0,0,0,0,1,0,0,1
-0.3594560295996116,-0.8043033970404823,0.2121533166836726,1,0,1,0,0,0,0,0,0,1
-0.35005957707556623,-0.8043033970404823,0.2121533166836726,1,0,0,1,0,0,1,0,0,1
-0.3609194115500777,-0.8043033970404823,0.2121533166836726,1,0,0,1,0,0,0,0,0,1
-0.34052192102998474,0.09457366754129916,-0.7566434880210966,1,0,1,0,0,0,0,0,0,1
-0.33555412440866567,0.09457366754129916,0.2121533166836726,1,0,0,1,0,0,0,0,0,1
-0.33701750635913175,0.9934507321230805,0.2121533166836726,1,0,0,0,0,0,0,0,0,1
-0.2263396188423027,0.9934507321230805,-0.7566434880210966,1,0,0,0,1,0,0,0,0,1
-0.2750163237209638,2.3417663289957527,3.11854373079798,1,0,0,0,0,1,0,0,0,0
-0.3621549423635194,1.4428892644139713,2.634145328445595,1,0,0,0,1,1,0,0,0,1
-0.24148690569800418,0.5440121998321898,0.2121533166836726,1,0,1,0,0,0,0,0,0,1
0.09314939448807066,-0.35486486474959156,1.1809501213884417,0,1,0,0,0,0,0,0,0,1
-0.21504333711940668,0.09457366754129916,0.2121533166836726,0,1,0,0,1,0,0,0,1,0
-0.3290074156828964,-0.8043033970404823,0.2121533166836726,1,0,0,0,0,1,0,0,1,0
0.3144586365430407,-1.253741929331373,-0.030045884492519763,0,0,0,0,1,0,0,1,0,0
0.45894674454042966,0.9934507321230805,-0.7566434880210966,0,0,0,0,1,0,0,0,1,0
-0.1138581772549431,0.5440121998321898,-0.7566434880210966,1,0,0,0,1,0,0,0,1,0
-0.34519126475351136,-0.35486486474959156,-0.7566434880210966,1,0,0,0,1,0,0,0,0,1
-0.2961711785838418,0.09457366754129916,-0.7566434880210966,1,0,0,0,1,0,0,0,0,0
-0.19645581901173229,2.3417663289957527,0.2121533166836726,1,0,1,0,0,1,0,0,1,0
1.797122890626168,-0.35486486474959156,-0.7566434880210966,0,1,1,0,0,0,0,1,0,0
-0.15590473496329077,-0.35486486474959156,0.2121533166836726,1,0,0,0,0,0,0,0,0,0
-0.3431662778878445,-0.8043033970404823,2.1497469260932105,0,0,0,0,0,0,0,0,1,0
-0.33555412440866567,0.09457366754129916,0.2121533166836726,1,0,0,0,0,0,1,0,0,1
-0.36280961323609634,-1.253741929331373,-0.7566434880210966,1,0,0,0,0,0,1,0,0,1
-0.3455282277026318,-0.35486486474959156,-0.7566434880210966,0,0,0,0,1,1,0,0,0,1
-0.2595352830870858,-0.35486486474959156,0.2121533166836726,0,1,0,0,0,0,0,0,0,1
-0.23666031259822135,-0.8043033970404823,0.2121533166836726,1,0,0,0,1,0,0,0,0,1
-0.33083022477909096,-0.8043033970404823,0.2121533166836726,1,0,0,0,0,0,1,0,0,1
-0.35351906335320316,-0.8043033970404823,-0.7566434880210966,1,0,0,0,0,0,0,0,0,0
-0.33729991340220417,-0.8043033970404823,0.2121533166836726,1,0,0,0,0,0,1,0,0,1
-0.35270393393342603,0.09457366754129916,0.2121533166836726,1,0,1,0,0,1,0,0,0,1
0.01579232888284084,0.9934507321230805,-0.7566434880210966,0,1,0,1,0,1,0,0,0,1
-0.2919671646471958,-1.253741929331373,-0.7566434880210966,1,0,0,0,1,1,0,0,0,1
0.016235194473113484,-0.35486486474959156,0.2121533166836726,0,1,0,0,0,1,0,0,0,1
0.15704848082252287,-0.8043033970404823,0.7934313995065341,0,0,0,0,0,0,0,0,0,1
-0.2790727157941855,1.892327796704862,0.2121533166836726,1,0,0,1,0,1,0,0,0,1
-0.13824787642937772,-0.35486486474959156,-0.7566434880210966,1,0,1,0,0,0,0,0,0,1
0.11238837429737789,-0.8043033970404823,-0.7566434880210966,0,1,0,0,0,0,1,0,1,0
-0.26985597684300444,0.5440121998321898,0.2121533166836726,1,0,0,1,0,0,1,0,0,0
-0.34723550664484226,-1.253741929331373,3.11854373079798,1,0,0,0,0,0,1,0,0,1
-0.35409029578123596,-0.8043033970404823,0.2121533166836726,1,0,1,0,0,0,0,0,0,1
-0.3152336539912288,0.5440121998321898,-0.7566434880210966,1,0,0,0,1,1,0,0,0,1
-0.34105143423574547,-0.35486486474959156,-0.7566434880210966,0,0,0,0,0,0,0,0,0,1
-0.3173837985237119,-0.8043033970404823,-0.7566434880210966,1,0,0,0,0,0,1,0,0,1
-0.18437970874944315,0.5440121998321898,-0.7566434880210966,1,0,1,0,0,1,0,0,0,1
-0.3452394023176714,0.5440121998321898,-0.7566434880210966,1,0,1,0,0,1,0,0,0,0
1.3447742002140066,-0.35486486474959156,-0.7566434880210966,0,0,0,1,0,0,0,0,0,1
4.12394832943139,0.5440121998321898,0.2121533166836726,0,1,0,0,1,0,0,1,0,0
-0.3561505835272869,-0.8043033970404823,-0.7566434880210966,1,0,0,0,1,1,0,0,0,1
0.925008222396323,1.892327796704862,0.2121533166836726,0,1,0,0,1,0,0,0,0,1
1.4602722624887305,0.09457366754129916,-0.7566434880210966,0,0,0,1,0,0,1,0,0,1
-0.2520129863943391,0.5440121998321898,-0.7566434880210966,1,0,0,1,0,0,0,0,0,1
-0.11860775025206985,0.9934507321230805,-0.7566434880210966,1,0,1,0,0,0,0,0,0,1
-0.3546165998160527,-0.35486486474959156,0.2121533166836726,1,0,1,0,0,1,0,0,0,1
-0.3390777941051827,-0.8043033970404823,-0.7566434880210966,1,0,0,0,0,0,1,0,0,1
-0.340752981337953,2.3417663289957527,2.1497469260932105,0,0,0,0,0,0,0,1,0,0
0.5695668669802667,2.3417663289957527,-0.7566434880210966,1,0,0,1,0,0,0,0,1,0
0.029800360053420745,0.5440121998321898,0.6965517190360571,0,0,0,0,0,0,0,0,1,0
-0.28468234660430547,0.09457366754129916,-0.7566434880210966,0,1,1,0,0,0,1,0,0,1
-0.32723595332180583,0.09457366754129916,-0.7566434880210966,1,0,1,0,0,0,1,0,0,1
-0.3295979031365932,-0.8043033970404823,0.2121533166836726,1,0,0,0,1,0,0,0,0,0
-0.1302185307274783,0.9934507321230805,0.2121533166836726,1,0,0,0,1,0,0,0,0,1
-0.3121015031498804,2.3417663289957527,0.2121533166836726,1,0,0,0,1,1,0,0,0,1
-0.35991815021554824,-0.8043033970404823,0.2121533166836726,1,0,0,1,0,0,1,0,0,1
-0.28921369597723995,-0.8043033970404823,0.2121533166836726,0,1,0,0,1,1,0,0,0,1
-0.3479832434747953,-1.253741929331373,-0.7566434880210966,0,1,0,0,0,1,0,0,0,1
0.7546269186372333,-0.35486486474959156,0.2121533166836726,0,0,0,0,1,1,0,1,0,0
-0.3250793904474348,-0.8043033970404823,0.2121533166836726,1,0,0,0,1,0,0,0,0,1
-0.2648753435379094,-1.253741929331373,0.2121533166836726,1,0,0,0,0,1,0,0,0,1
0.1139993781112682,-1.253741929331373,0.2121533166836726,0,0,0,0,1,1,0,0,0,1
-0.34081074641494513,-0.8043033970404823,-0.7566434880210966,1,0,0,0,0,1,0,0,0,0
-0.3521904665823853,-0.8043033970404823,0.2121533166836726,1,0,0,0,0,1,0,0,1,0
-0.3495846197758536,-1.253741929331373,0.2121533166836726,0,1,0,0,0,0,0,0,1,0
3.926122195759173,2.3417663289957527,0.2121533166836726,0,0,0,0,1,0,1,0,0,1
-0.34803138103895537,-0.8043033970404823,-0.7566434880210966,1,0,0,0,1,0,0,0,1,0
-0.16279803415101254,-0.35486486474959156,-0.7566434880210966,1,0,1,0,0,0,0,0,0,1
-0.26549150435915825,0.5440121998321898,-0.7566434880210966,1,0,0,0,1,1,0,0,0,1
-0.18633730302528595,-0.35486486474959156,-0.7566434880210966,0,1,0,1,0,0,0,0,0,1
-0.35246003694168165,0.5440121998321898,-0.7566434880210966,1,0,0,1,0,1,0,0,1,0
-0.3228072974190796,-0.35486486474959156,0.2121533166836726,0,1,0,0,1,0,1,0,0,0
0.32508580612411175,-0.35486486474959156,0.2121533166836726,1,0,0,1,0,0,1,0,0,1
-0.04635326644780732,-0.35486486474959156,-0.7566434880210966,0,1,0,1,0,0,1,1,0,0
-0.36168961257663873,-0.8043033970404823,0.2121533166836726,1,0,0,0,1,0,0,0,0,1
-0.3561184918178469,0.09457366754129916,-0.7566434880210966,1,0,1,0,0,1,0,0,0,1
-0.3475179136879146,-0.8043033970404823,-0.7566434880210966,0,0,1,0,0,1,0,0,0,0
-0.359728809129852,-0.35486486474959156,-0.7566434880210966,1,0,0,1,0,0,0,0,0,1
-0.3123967468767288,0.09457366754129916,0.2121533166836726,0,1,0,1,0,0,0,0,0,1
0.0795842289077634,0.9934507321230805,0.2121533166836726,0,0,0,0,1,1,0,0,0,1
-0.2598754552071503,0.5440121998321898,-0.7566434880210966,1,0,0,1,0,1,0,0,0,1
0.06859923676643581,4.139520458159316,-0.7566434880210966,0,1,0,1,0,0,0,0,0,0
-0.22338718157381854,1.892327796704862,-0.7566434880210966,1,0,0,0,0,0,0,0,0,1
-0.20467771497027198,-1.253741929331373,-0.7566434880210966,0,0,1,0,0,0,0,0,0,0
-0.35159356078680043,-0.35486486474959156,-0.7566434880210966,1,0,0,1,0,0,0,1,0,0
-0.3552712706886296,-0.8043033970404823,0.2121533166836726,1,0,1,0,0,0,0,0,0,0
-0.33833968478806165,0.5440121998321898,-0.7566434880210966,1,0,0,0,0,0,1,0,0,1
-0.34384341295702947,-0.35486486474959156,2.634145328445595,1,0,0,1,0,0,1,0,0,1
-0.3550915571157654,-0.8043033970404823,-0.7566434880210966,1,0,1,0,0,0,0,0,0,1
3.9297613956096744,0.9934507321230805,-0.7566434880210966,0,0,0,0,0,1,0,0,0,1
-0.2093470586937986,-0.35486486474959156,-0.7566434880210966,0,1,0,0,0,0,0,0,0,0
-0.2713642871866866,-1.253741929331373,-0.7566434880210966,0,0,1,0,0,0,1,0,0,1
0.4947514647626884,-0.8043033970404823,2.634145328445595,1,0,1,0,0,0,0,0,0,0
2.8466341102986976,0.5440121998321898,0.2121533166836726,0,0,0,0,1,0,1,0,1,0
-0.34682794193495364,-0.35486486474959156,-0.7566434880210966,1,0,0,0,0,0,0,0,1,0
-0.2431813479564386,-0.8043033970404823,0.2121533166836726,1,0,0,1,0,1,0,0,0,1
-0.08048279943729576,0.9934507321230805,-0.7566434880210966,0,1,1,0,0,0,0,0,0,1
-0.28564509788750686,1.892327796704862,-0.7566434880210966,1,0,0,0,0,0,0,0,0,1
-0.3074674603067378,0.09457366754129916,0.2121533166836726,0,1,0,0,1,0,0,0,0,1
0.3068641335040539,-0.8043033970404823,-0.7566434880210966,1,0,0,0,1,0,0,0,0,1
-0.29668464593488253,-0.8043033970404823,-0.7566434880210966,1,0,0,1,0,1,0,0,1,0
-0.2579820443501876,3.240643393577534,-0.7566434880210966,0,0,1,0,0,1,0,0,0,1
-0.3376336671803806,-0.35486486474959156,-0.7566434880210966,1,0,1,0,0,0,0,0,1,0
-0.21465823660612615,-0.8043033970404823,-0.7566434880210966,1,0,0,0,0,0,0,0,0,1
-0.27332188146252934,-0.35486486474959156,-0.7566434880210966,1,0,1,0,0,1,0,0,0,1
-0.27900211403341746,-1.253741929331373,-0.7566434880210966,1,0,0,0,1,0,0,0,0,1
0.8008293527180668,2.3417663289957527,1.1809501213884417,0,1,1,0,0,1,0,0,1,0
-0.3325952687982935,-0.8043033970404823,-0.7566434880210966,1,0,1,0,0,0,0,0,0,1
0.8121160069281308,-0.8043033970404823,-0.7566434880210966,1,0,0,0,0,1,0,0,0,1
-0.014611356640658267,1.892327796704862,1.1809501213884417,0,1,1,0,0,0,0,0,0,1
-0.3560222166895267,0.5440121998321898,3.11854373079798,1,0,0,0,0,1,0,0,0,1
-0.34495057693271103,-0.8043033970404823,-0.7566434880210966,1,0,0,0,1,0,0,0,0,1
0.5046774304924946,-0.35486486474959156,-0.7566434880210966,1,0,0,1,0,0,0,0,0,1
-0.3079488359483385,-0.8043033970404823,-0.7566434880210966,1,0,0,0,1,1,0,0,0,1
-0.3087126186330116,1.4428892644139713,0.2121533166836726,1,0,0,0,0,1,0,0,0,1
-0.12621348538936064,-0.35486486474959156,0.2121533166836726,0,1,0,0,0,1,0,0,0,0
-0.3461828985752088,0.9934507321230805,0.2121533166836726,1,0,0,0,0,0,0,0,0,1
-0.35724491081919246,-0.35486486474959156,2.634145328445595,1,0,0,1,0,0,0,0,0,1
-0.29686435950774676,1.892327796704862,3.11854373079798,1,0,0,0,0,1,0,0,0,1
-0.36050863766924507,-1.253741929331373,0.2121533166836726,1,0,0,1,0,0,0,0,0,1
-0.23416999594567378,0.5440121998321898,0.2121533166836726,1,0,1,0,0,0,0,0,0,1
-0.00317387139622606,0.9934507321230805,-0.7566434880210966,1,0,1,0,0,0,1,0,0,1
2.0432663020313173,0.5440121998321898,-0.7566434880210966,1,0,0,0,0,0,1,0,1,0
-0.3540485765589639,-0.35486486474959156,-0.7566434880210966,1,0,1,0,0,1,0,0,0,0
0.40131003438610785,0.09457366754129916,-0.7566434880210966,0,1,0,0,0,0,0,0,0,1
0.06556657022435153,-0.35486486474959156,-0.7566434880210966,1,0,0,0,1,0,1,0,0,1
-0.3559259415612066,0.5440121998321898,0.2121533166836726,1,0,1,0,0,1,0,0,0,0
-0.3430635844176363,-0.35486486474959156,0.2121533166836726,1,0,1,0,0,1,0,0,0,1
0.4561948804559457,0.5440121998321898,-0.030045884492519763,0,0,0,0,1,0,1,0,0,0
-0.12382586220702127,-0.8043033970404823,0.2121533166836726,1,0,0,0,0,0,0,0,0,1
-0.36306313774067267,-1.253741929331373,0.2121533166836726,1,0,1,0,0,0,0,0,0,1
-0.26632588880459945,0.09457366754129916,-0.7566434880210966,0,1,0,0,0,1,0,0,0,1
-0.1958974232674755,-0.8043033970404823,0.6965517190360571,0,0,0,0,0,0,0,0,1,0
1.1715495709985289,-0.8043033970404823,0.2121533166836726,0,1,0,1,0,0,0,0,0,1
-0.3379513751038371,-0.35486486474959156,2.634145328445595,1,0,1,0,0,0,0,0,0,1
-0.11211880660329263,-0.8043033970404823,0.2121533166836726,0,1,0,0,0,0,0,0,0,1
-0.2304152659411885,-0.8043033970404823,-0.7566434880210966,0,0,0,0,1,0,0,0,0,1
-0.20902293242845416,-1.253741929331373,0.2121533166836726,0,0,0,0,1,0,1,0,0,1
-0.35168983591512054,-0.8043033970404823,-0.7566434880210966,1,0,0,0,0,1,0,0,0,0
2.8402799518295683,0.5440121998321898,0.2121533166836726,0,1,0,0,0,0,0,0,0,1
-0.24443934296648842,-0.8043033970404823,-0.7566434880210966,1,0,1,0,0,0,0,0,1,0
-0.35027780069975856,-1.253741929331373,0.2121533166836726,0,1,0,0,1,0,1,0,1,0
-0.061593619260884934,0.9934507321230805,0.2121533166836726,0,1,0,1,0,1,0,0,1,0
-0.347774647363435,0.5440121998321898,0.2121533166836726,1,0,0,1,0,0,0,0,0,1
0.4599223325074071,1.4428892644139713,0.2121533166836726,0,0,1,0,0,0,1,0,0,1
-0.3438722954955255,-0.35486486474959156,0.2121533166836726,1,0,0,1,0,0,0,0,0,1
2.8081368956544193,2.3417663289957527,0.2121533166836726,0,1,0,0,0,0,0,0,0,1
0.07788978664932893,-0.35486486474959156,-0.7566434880210966,0,1,0,0,0,0,0,0,0,0
0.5579560865048581,0.9934507321230805,0.2121533166836726,1,0,1,0,0,0,0,0,0,1
0.2500393435985652,-1.253741929331373,0.6965517190360571,0,0,1,0,0,0,0,0,1,0
0.06233172591279491,-0.35486486474959156,0.2121533166836726,0,0,0,0,1,0,0,0,0,1
-0.16224605674864376,1.4428892644139713,0.2121533166836726,0,1,0,0,1,0,0,0,0,1
0.8121160069281308,-0.8043033970404823,-0.7566434880210966,1,0,0,0,0,1,0,0,0,1
0.13822220039661456,0.09457366754129916,-0.7566434880210966,0,1,0,1,0,1,0,0,0,1
-0.350592299452271,-0.35486486474959156,3.11854373079798,1,0,0,0,0,0,1,0,0,1
-0.3534949945711231,0.5440121998321898,2.634145328445595,1,0,1,0,0,0,0,0,0,1
-0.17473615006270948,-0.8043033970404823,1.1809501213884417,0,0,0,1,0,1,0,0,0,1
-0.18382452217613038,-0.35486486474959156,0.2121533166836726,1,0,0,1,0,0,0,0,0,1
-0.34985419013514996,-0.8043033970404823,0.2121533166836726,0,1,0,1,0,0,0,1,0,0
2.647729695189295,0.09457366754129916,-0.7566434880210966,0,1,0,0,0,0,1,0,0,1
0.3103621298330188,3.240643393577534,-0.7566434880210966,1,0,0,0,1,0,0,0,1,0
-0.3521904665823853,-0.8043033970404823,0.2121533166836726,1,0,0,0,0,0,0,1,0,0
-0.3372967042312601,-0.35486486474959156,-0.7566434880210966,1,0,1,0,0,0,0,0,0,1
-0.026360131466658943,0.5440121998321898,0.6965517190360571,0,0,0,0,0,1,0,0,0,0
-0.23245308949063137,-1.253741929331373,-0.7566434880210966,0,1,0,0,0,0,0,0,0,0
-0.09909599091252216,0.5440121998321898,-0.7566434880210966,1,0,0,0,1,1,0,0,0,1
0.2564737313412944,1.892327796704862,0.2121533166836726,0,0,0,1,0,0,0,0,0,1
-0.3376336671803806,-0.35486486474959156,-0.7566434880210966,1,0,1,0,0,0,1,0,0,0
-0.304803848423214,0.5440121998321898,-0.7566434880210966,1,0,0,0,0,1,0,0,0,1
4.525762204988312,-0.35486486474959156,0.2121533166836726,1,0,1,0,0,0,0,0,0,0
-0.299123615852326,1.892327796704862,-0.7566434880210966,1,0,1,0,0,1,0,0,0,0
-0.2438616921965676,-0.8043033970404823,-0.7566434880210966,1,0,0,0,1,0,0,1,0,0
-0.278713288648457,0.9934507321230805,0.2121533166836726,1,0,0,0,1,0,1,0,0,1
-0.28492303442510586,2.3417663289957527,-0.7566434880210966,1,0,0,0,0,0,0,0,0,1
-0.34385945881174945,0.09457366754129916,-0.7566434880210966,1,0,1,0,0,0,0,0,0,1
-0.36123711947353415,-1.253741929331373,-0.7566434880210966,1,0,0,0,1,0,1,0,0,1
-0.33555412440866567,0.09457366754129916,0.2121533166836726,1,0,1,0,0,0,1,0,0,1
-0.3311639785572674,-0.35486486474959156,0.2121533166836726,1,0,0,0,1,0,0,0,0,1
-0.34392364223062954,0.09457366754129916,-0.7566434880210966,1,0,0,0,1,0,1,0,1,0
-0.2083682615558772,0.09457366754129916,-0.7566434880210966,0,1,0,1,0,0,0,1,0,0
-0.19175759274970963,-0.35486486474959156,0.2121533166836726,0,1,0,0,1,1,0,0,1,0
-0.35645224559602334,-0.8043033970404823,0.2121533166836726,1,0,0,0,1,1,0,0,0,1
0.7818535249261679,2.3417663289957527,0.2121533166836726,0,1,0,1,0,1,0,0,1,0
-0.27726916172365496,-0.35486486474959156,-0.7566434880210966,0,1,1,0,0,0,0,0,1,0
-0.3330638077561181,1.4428892644139713,0.2121533166836726,1,0,0,0,0,0,1,0,0,1
1.0752519784817842,-0.35486486474959156,-0.7566434880210966,0,1,0,1,0,1,0,0,0,1
-0.07528394250800838,-0.35486486474959156,-0.7566434880210966,1,0,1,0,0,0,0,0,0,0
-0.26625528704383133,1.4428892644139713,2.634145328445595,1,0,1,0,0,0,0,0,0,1
-0.34190186453590665,-0.8043033970404823,-0.7566434880210966,1,0,1,0,0,1,0,0,0,1
1.3728223542646065,1.4428892644139713,-0.7566434880210966,1,0,1,0,0,1,0,0,0,1
0.017531699534491314,-1.253741929331373,0.2121533166836726,0,0,1,0,0,0,0,0,0,1
0.14967252232482287,0.09457366754129916,0.2121533166836726,0,0,0,0,1,0,0,1,0,0
-0.21486362354654243,-0.35486486474959156,0.2121533166836726,1,0,0,1,0,0,0,0,0,1
0.11251674113513813,-0.8043033970404823,-0.7566434880210966,0,1,0,0,0,0,1,0,0,1
0.45120622422349066,2.3417663289957527,0.2121533166836726,1,0,0,0,1,0,1,0,0,1
-0.11880030050871013,-0.35486486474959156,-0.7566434880210966,0,0,1,0,0,1,0,0,0,1
-0.056972413101518384,-0.35486486474959156,0.2121533166836726,0,0,0,0,1,0,0,0,0,0
0.3522289739685023,-0.8043033970404823,0.6965517190360571,0,0,1,0,0,0,0,0,0,1
3.3568601986859816,-0.8043033970404823,-0.7566434880210966,0,1,1,0,0,0,1,0,0,1
-0.35842909489753016,-1.253741929331373,-0.7566434880210966,1,0,0,0,1,0,1,0,1,0
-0.329418189563729,-0.8043033970404823,-0.7566434880210966,1,0,1,0,0,0,1,0,0,0
-0.2988668821768056,0.5440121998321898,0.2121533166836726,0,1,0,0,1,0,0,0,0,1
-0.3317993944041804,-0.35486486474959156,2.1497469260932105,0,0,0,0,0,0,0,0,0,1
0.02357456842205192,0.5440121998321898,-0.7566434880210966,1,0,0,0,1,1,0,0,0,1
-0.2511400918975699,-0.35486486474959156,0.2121533166836726,1,0,0,0,1,0,0,0,0,1
-0.07842893003313285,0.5440121998321898,3.11854373079798,1,0,0,0,0,0,0,0,1,0
-0.3646388406741789,-1.253741929331373,-0.7566434880210966,1,0,0,0,1,0,0,0,0,0
1.5848651152187632,-0.8043033970404823,0.2121533166836726,1,0,1,0,0,0,0,0,0,0
-0.3143671778363476,-1.253741929331373,-0.7566434880210966,0,0,0,1,0,0,1,0,0,0
-0.29552934439504086,-0.8043033970404823,-0.7566434880210966,1,0,0,0,1,0,1,0,0,1
-0.0005038411708142465,1.4428892644139713,0.2121533166836726,1,0,1,0,0,1,0,0,0,1
1.012608961654815,1.4428892644139713,-0.7566434880210966,0,0,0,0,0,0,0,0,0,1
0.16162989326218383,-1.253741929331373,1.1809501213884417,0,0,1,0,0,0,0,0,0,1
-0.1763086438252717,-0.8043033970404823,-0.7566434880210966,0,1,0,0,1,0,0,0,1,0
0.6414843878354086,2.3417663289957527,-0.7566434880210966,0,0,0,0,1,0,1,0,0,1
-0.32790987922004683,-0.35486486474959156,-0.7566434880210966,1,0,0,1,0,1,0,0,1,0
-0.2962353620027219,0.09457366754129916,2.634145328445595,1,0,0,0,1,0,1,0,0,0
0.6580565465902481,0.09457366754129916,0.2121533166836726,0,1,0,0,1,0,0,0,1,0
0.16954370881009898,0.09457366754129916,0.2121533166836726,1,0,1,0,0,0,0,0,0,1
-0.3581884070767298,-0.35486486474959156,-0.7566434880210966,1,0,0,0,1,0,0,0,0,0
0.3295850637876061,1.4428892644139713,-0.7566434880210966,0,0,0,0,1,0,0,0,0,1
-0.2853883642119865,0.09457366754129916,-0.7566434880210966,0,1,0,1,0,0,0,0,0,1
-0.34491848522327095,0.5440121998321898,-0.7566434880210966,1,0,0,0,1,0,0,0,0,1
-0.35147161229092827,0.09457366754129916,0.2121533166836726,1,0,0,1,0,0,0,0,0,0
-0.3492893760490052,0.09457366754129916,3.11854373079798,1,0,0,0,0,0,0,0,0,1
-0.2340801391592417,-0.35486486474959156,0.2121533166836726,0,1,1,0,0,0,1,0,0,1
-0.060778489841107806,-0.8043033970404823,-0.7566434880210966,0,1,0,1,0,0,0,0,1,0
-0.3311639785572674,-0.35486486474959156,0.2121533166836726,1,0,0,1,0,0,0,0,1,0
-0.17643701066303188,-0.8043033970404823,-0.7566434880210966,0,1,0,0,1,0,0,0,0,1
-0.34140765221053,-0.8043033970404823,0.2121533166836726,0,0,0,1,0,1,0,0,0,1
-0.34963596651095763,-0.8043033970404823,-0.7566434880210966,1,0,0,0,1,1,0,0,0,1
-0.36073969797721345,-0.35486486474959156,-0.7566434880210966,1,0,0,0,1,0,0,0,0,1
-0.2951859631040324,-1.253741929331373,1.1809501213884417,0,1,1,0,0,0,0,0,1,0
2.5220457243383008,0.9934507321230805,0.2121533166836726,1,0,1,0,0,1,0,0,0,1
1.4567903120144856,0.5440121998321898,-0.7566434880210966,0,0,0,0,1,0,1,0,0,1
-0.2983534148257649,0.09457366754129916,-0.7566434880210966,1,0,0,0,1,1,0,0,0,1
-0.3479030142011952,0.09457366754129916,-0.7566434880210966,1,0,1,0,0,0,0,0,0,1
-0.3384038682069417,-0.8043033970404823,-0.7566434880210966,0,0,0,0,0,0,1,0,0,1
2.2834567013353384,-0.35486486474959156,-0.7566434880210966,0,0,0,1,0,0,0,0,0,1
-0.3610862884391659,-0.35486486474959156,0.2121533166836726,1,0,1,0,0,0,0,0,0,1
0.4498968824783368,-0.35486486474959156,0.2121533166836726,0,0,0,0,1,1,0,0,0,0
-0.240665357936339,-0.35486486474959156,0.2121533166836726,1,0,0,0,1,1,0,0,0,1
-0.2756806221063727,-0.35486486474959156,-0.7566434880210966,1,0,0,0,0,0,0,0,0,1
-0.36414141917785825,-0.8043033970404823,3.11854373079798,1,0,0,0,0,0,1,0,0,0
-0.33081738809531497,2.3417663289957527,0.2121533166836726,1,0,0,0,0,1,0,0,1,0
-0.36323322380070494,-0.8043033970404823,2.634145328445595,1,0,1,0,0,1,0,0,0,1
-0.3436412351875571,-0.35486486474959156,0.2121533166836726,1,0,0,0,0,1,0,0,0,1
0.8377957928220553,-0.8043033970404823,0.2121533166836726,0,1,0,1,0,0,0,0,0,1
-0.36451368300736275,-0.8043033970404823,0.2121533166836726,1,0,0,0,0,0,0,0,0,1
14.794425672391812,0.5440121998321898,-0.7566434880210966,1,0,0,0,0,0,0,0,0,1
-0.35316284537841863,-0.35486486474959156,3.11854373079798,1,0,0,0,0,0,0,0,0,1
-0.06926674698799984,-0.35486486474959156,-0.7566434880210966,1,0,0,0,1,0,0,0,0,1
-0.33580443974229807,1.4428892644139713,-0.7566434880210966,1,0,0,0,0,1,0,0,1,0
-0.35816915205106575,2.3417663289957527,2.634145328445595,1,0,0,1,0,1,0,0,0,1
0.4759072129794938,0.5440121998321898,-0.7566434880210966,0,0,0,0,0,0,0,0,0,1
-0.35552800436415,-0.8043033970404823,0.2121533166836726,1,0,0,0,0,0,0,0,0,1
-0.30465943573073384,-1.253741929331373,-0.7566434880210966,0,1,1,0,0,1,0,0,0,1
-0.34803138103895537,-0.8043033970404823,-0.7566434880210966,1,0,0,1,0,1,0,0,0,1
-0.3417093142792664,-0.8043033970404823,-0.7566434880210966,1,0,0,0,0,0,0,0,0,1
-0.23572644385351604,0.5440121998321898,-0.7566434880210966,0,1,0,0,1,0,0,0,0,0
0.6002144494955101,0.5440121998321898,0.2121533166836726,0,0,0,0,1,0,0,0,0,0
-0.19078200478273227,-0.8043033970404823,-0.7566434880210966,1,0,0,0,1,0,0,0,0,1
-0.19429925613736124,0.09457366754129916,0.2121533166836726,0,1,0,0,0,0,0,0,0,1
-0.13338598244921082,-0.35486486474959156,-0.7566434880210966,1,0,1,0,0,0,0,0,0,1
0.215370669890484,-0.8043033970404823,0.2121533166836726,0,0,0,0,1,0,0,1,0,0
-0.028446092580261918,-0.35486486474959156,-0.7566434880210966,0,0,0,0,0,0,0,1,0,0
-0.36120181859315004,0.09457366754129916,3.11854373079798,1,0,0,0,0,0,0,0,0,1
-0.030516007839144845,0.09457366754129916,-0.7566434880210966,1,0,0,0,1,1,0,0,0,1
-0.34803138103895537,-0.8043033970404823,-0.7566434880210966,1,0,1,0,0,0,0,0,0,0
-0.3284490199386396,-0.8043033970404823,2.634145328445595,1,0,0,0,1,0,0,1,0,0
-0.03667761605163359,-0.35486486474959156,0.2121533166836726,0,0,0,1,0,1,0,0,0,1
-0.3449024393685509,-0.35486486474959156,-0.7566434880210966,0,0,1,0,0,0,0,0,1,0
-0.29382848379471843,-0.35486486474959156,-0.7566434880210966,1,0,0,0,1,0,0,0,0,1
-0.35349980832753913,-0.35486486474959156,2.1497469260932105,0,0,0,0,0,0,1,0,1,0
-0.14136077224506213,0.09457366754129916,-0.7566434880210966,1,0,1,0,0,1,0,0,0,1
0.1358955514622113,-0.35486486474959156,-0.7566434880210966,1,0,0,0,0,1,0,0,0,1
-0.270241077356285,-0.35486486474959156,-0.7566434880210966,1,0,0,0,1,1,0,0,1,0
-0.2937322086663983,0.09457366754129916,-0.7566434880210966,1,0,0,0,1,0,0,0,0,1
-0.3308045514115389,-0.8043033970404823,0.2121533166836726,1,0,0,1,0,1,0,0,0,1
-0.33291618589269395,-0.35486486474959156,2.1497469260932105,0,0,0,0,0,1,0,0,0,1
-0.23666031259822135,-0.8043033970404823,0.2121533166836726,1,0,1,0,0,1,0,0,0,1
-0.3434101748795888,-0.35486486474959156,-0.7566434880210966,0,0,0,0,1,0,1,0,0,1
-0.3570170596821681,-0.8043033970404823,-0.7566434880210966,1,0,0,0,1,0,1,1,0,0
1.9948880500504487,0.5440121998321898,-0.7566434880210966,1,0,0,0,1,0,0,0,0,1
-0.2408450715092033,0.09457366754129916,-0.7566434880210966,0,0,0,0,1,0,0,0,0,1
-0.36511540255936364,-1.253741929331373,2.634145328445595,1,0,1,0,0,0,0,0,0,1
0.046600369945284534,2.7912048612866434,-0.7566434880210966,0,1,1,0,0,0,1,0,0,1
-0.3630888111082248,0.09457366754129916,2.634145328445595,1,0,1,0,0,1,0,0,0,1
0.2548819825530681,0.9934507321230805,0.2121533166836726,0,0,1,0,0,0,0,0,0,1
-0.35374370531928345,0.5440121998321898,-0.7566434880210966,1,0,0,0,1,0,0,0,0,1
0.14713085893717126,0.9934507321230805,0.2121533166836726,0,1,0,0,1,0,1,0,0,1
-0.3376336671803806,-0.35486486474959156,-0.7566434880210966,1,0,0,0,1,0,0,0,0,1
-0.21094843499485688,-1.253741929331373,0.2121533166836726,0,0,0,1,0,1,0,0,0,1
-0.3356054711437697,0.09457366754129916,0.2121533166836726,1,0,0,0,1,0,0,0,0,1
-0.3619656012778231,-1.253741929331373,3.11854373079798,1,0,0,0,0,0,0,0,0,0
-0.3085104408635393,-0.35486486474959156,-0.7566434880210966,1,0,0,0,1,0,0,1,0,0
-0.33675114517077936,-1.253741929331373,-0.7566434880210966,0,1,1,0,0,1,0,0,1,0
-0.3635637684079374,-1.253741929331373,-0.7566434880210966,1,0,0,0,0,1,0,0,0,1
-0.011540180047245928,-0.8043033970404823,-0.030045884492519763,0,0,0,0,1,0,0,0,1,0
3.9490645588378612,-0.35486486474959156,-0.7566434880210966,1,0,0,1,0,1,0,0,0,1
-0.08404497918514083,-0.35486486474959156,0.2121533166836726,0,1,0,0,1,0,1,1,0,0
1.4497301359376753,0.5440121998321898,-0.7566434880210966,0,0,1,0,0,1,0,0,1,0
0.8891040178748001,0.5440121998321898,0.2121533166836726,0,1,0,0,1,0,0,0,0,1
-0.29676487520848266,0.9934507321230805,2.634145328445595,1,0,1,0,0,1,0,0,0,1
-0.2988668821768056,0.09457366754129916,-0.7566434880210966,0,1,1,0,0,1,0,0,1,0
-0.3432818080418287,0.5440121998321898,0.2121533166836726,1,0,0,1,0,0,0,0,0,1
-0.20200126640297217,0.9934507321230805,0.2121533166836726,1,0,1,0,0,1,0,0,0,1
-0.0607849081829958,-0.35486486474959156,0.2121533166836726,0,1,0,0,1,1,0,0,0,1
-0.29439971622275124,-0.8043033970404823,0.2121533166836726,0,1,0,0,1,0,0,0,0,1
-0.25252645374537985,-0.8043033970404823,-0.7566434880210966,0,1,1,0,0,0,0,0,0,1
0.5856063033584015,-0.8043033970404823,0.2121533166836726,0,0,0,0,1,0,0,0,0,1
-0.3197906767317153,0.09457366754129916,-0.7566434880210966,1,0,0,0,1,1,0,0,1,0
-0.35599012498008664,-0.8043033970404823,0.2121533166836726,1,0,1,0,0,1,0,0,0,1
-0.35621958070258297,-0.35486486474959156,2.634145328445595,1,0,0,0,1,0,1,0,0,0
-0.31750574701958406,-0.8043033970404823,0.2121533166836726,0,1,0,0,1,0,0,0,0,1
-0.1960963918660038,-0.8043033970404823,0.2121533166836726,1,0,0,0,1,1,0,0,0,1
-0.20415782927734324,-0.35486486474959156,0.2121533166836726,1,0,0,0,0,0,0,0,0,1
-0.3561184918178469,-1.253741929331373,0.2121533166836726,1,0,0,0,1,0,0,0,0,1
-0.3489459947579967,-0.35486486474959156,-0.7566434880210966,1,0,1,0,0,0,0,0,0,1
-0.3035522717550522,-0.35486486474959156,0.2121533166836726,0,1,0,1,0,0,0,0,0,1
-0.3500852504431183,0.09457366754129916,-0.7566434880210966,1,0,0,1,0,0,0,0,0,1
-0.36073969797721345,-0.8043033970404823,-0.7566434880210966,1,0,1,0,0,0,0,0,0,1
-0.36436606114393855,-1.253741929331373,-0.7566434880210966,1,0,0,1,0,0,0,0,0,1
-0.1204947427671445,-0.35486486474959156,1.1809501213884417,0,0,1,0,0,0,1,0,0,1
-0.2131178345530039,-0.8043033970404823,0.2121533166836726,0,0,0,1,0,0,0,0,0,1
0.5243897630160425,0.5440121998321898,-0.030045884492519763,0,0,0,0,1,1,0,0,0,0
-0.2363522321875969,0.5440121998321898,0.2121533166836726,1,0,0,0,1,0,1,0,0,1
-0.3021530732234663,-0.8043033970404823,2.1497469260932105,0,0,0,0,0,0,0,0,0,1
-0.17313156459070722,-0.8043033970404823,-0.7566434880210966,0,0,1,0,0,0,0,0,1,0
-0.3549631902780052,-0.35486486474959156,-0.7566434880210966,1,0,0,0,1,0,1,0,0,0
-0.27958618314522626,-0.8043033970404823,0.2121533166836726,1,0,0,0,0,0,1,0,0,1
0.3403357864500213,-0.8043033970404823,-0.7566434880210966,0,0,1,0,0,1,0,0,0,1
-0.21535141753003112,-0.8043033970404823,0.2121533166836726,1,0,0,0,1,0,0,0,0,1
-0.31496408363193246,-0.8043033970404823,0.2121533166836726,1,0,1,0,0,0,0,1,0,0
-0.1156328487869776,-1.253741929331373,2.634145328445595,1,0,0,1,0,1,0,0,0,1
-0.2893516903278321,-0.35486486474959156,-0.7566434880210966,1,0,1,0,0,0,1,0,0,0
0.550879864573328,1.4428892644139713,-0.272245085668712,0,0,1,0,0,0,0,0,0,1
0.6323703423544358,0.5440121998321898,0.2121533166836726,0,1,0,0,1,1,0,0,1,0
-0.35557293275736607,-0.8043033970404823,-0.7566434880210966,1,0,0,0,0,0,0,0,0,1
0.11726631413226483,-0.35486486474959156,-0.7566434880210966,0,0,0,1,0,0,0,0,0,1
-0.04004724554283837,0.5440121998321898,-0.7566434880210966,1,0,0,0,1,1,0,0,0,1
-0.347774647363435,0.09457366754129916,-0.7566434880210966,1,0,0,0,1,0,0,0,0,1
2.73116493056247,1.4428892644139713,1.1809501213884417,0,1,1,0,0,1,0,0,0,1
-0.3376336671803806,-0.35486486474959156,-0.7566434880210966,1,0,1,0,0,1,0,0,0,1
-0.3014984023508893,-0.8043033970404823,-0.7566434880210966,0,0,0,0,1,0,0,0,0,1
1.2726159915380642,0.5440121998321898,1.1809501213884417,0,1,1,0,0,0,0,0,1,0
-0.3225345178888392,0.5440121998321898,-0.7566434880210966,1,0,0,0,0,0,0,1,0,0
1.4249713821046806,0.09457366754129916,-0.7566434880210966,1,0,0,0,0,0,1,0,0,1
-0.35977694669401206,-0.35486486474959156,-0.7566434880210966,1,0,0,1,0,1,0,0,0,1
0.7486386056557206,-0.8043033970404823,-0.7566434880210966,0,0,0,0,1,1,0,0,0,1
-0.18224561007168014,-0.35486486474959156,-0.7566434880210966,1,0,0,0,1,0,0,0,0,1
-0.17254107713701036,2.3417663289957527,0.2121533166836726,0,1,1,0,0,1,0,0,1,0
-0.3569849679727281,-0.8043033970404823,-0.7566434880210966,1,0,0,0,1,0,0,0,0,1
0.2678759157053426,1.4428892644139713,0.6965517190360571,0,0,1,0,0,0,0,0,1,0
1.6331182095328158,-0.35486486474959156,-0.7566434880210966,1,0,0,0,1,1,0,0,0,0
-0.3577744240249532,-0.35486486474959156,3.11854373079798,1,0,0,0,0,0,1,0,0,1
-0.34991837355403005,-0.35486486474959156,0.2121533166836726,1,0,0,0,1,1,0,0,1,0
1.0957585808139731,0.5440121998321898,-0.7566434880210966,0,0,0,0,1,0,0,0,0,1
-0.2922174799808282,0.09457366754129916,0.2121533166836726,1,0,1,0,0,0,0,0,0,1
-0.2951442438817603,0.09457366754129916,-0.7566434880210966,1,0,0,0,0,0,0,0,0,1
-0.3410995717999055,0.9934507321230805,-0.7566434880210966,1,0,1,0,0,0,1,0,0,1
-0.36035459746393284,-1.253741929331373,-0.7566434880210966,1,0,0,1,0,0,0,0,1,0
-0.35894256224857085,-0.8043033970404823,-0.7566434880210966,1,0,0,0,0,0,0,0,0,1
-0.17535231088395836,1.892327796704862,0.2121533166836726,0,0,0,0,1,0,0,0,0,1
-0.3035201800456122,0.5440121998321898,-0.7566434880210966,1,0,0,1,0,1,0,0,1,0
-0.30613244519403193,0.9934507321230805,0.2121533166836726,1,0,0,1,0,1,0,0,0,1
0.30413633820165,0.09457366754129916,-0.7566434880210966,1,0,1,0,0,0,1,0,1,0
-0.15721407670844462,-0.35486486474959156,0.2121533166836726,0,1,0,0,0,1,0,0,1,0
-0.18608377852070956,-0.8043033970404823,0.2121533166836726,0,0,0,0,1,0,0,0,1,0
0.008552439233166566,-0.8043033970404823,1.1809501213884417,0,1,1,0,0,1,0,0,0,1
-0.35709728895576826,-1.253741929331373,-0.7566434880210966,1,0,1,0,0,0,0,0,1,0
0.07076542715363883,-0.8043033970404823,-0.7566434880210966,0,1,0,0,0,0,1,0,0,1
-0.2697019366376922,4.139520458159316,0.2121533166836726,1,0,0,0,1,0,0,0,0,0
-0.3438145304185334,-0.8043033970404823,1.1809501213884417,0,1,1,0,0,0,1,0,1,0
-0.3201501038774438,0.09457366754129916,0.2121533166836726,0,0,1,0,0,0,1,1,0,0
-0.27147339899878276,-0.8043033970404823,0.2121533166836726,1,0,0,0,1,1,0,0,0,1
0.5070361711363379,2.3417663289957527,-0.7566434880210966,0,0,0,0,1,0,0,0,0,1
-0.35217121155672126,-0.8043033970404823,2.634145328445595,1,0,0,1,0,1,0,0,0,1
-0.3376336671803806,-0.35486486474959156,-0.7566434880210966,1,0,0,0,1,1,0,0,1,0
-0.3159236257441898,-0.35486486474959156,-0.7566434880210966,0,1,0,1,0,1,0,0,0,0
-0.253335164823269,-0.35486486474959156,0.2121533166836726,0,1,0,0,1,0,0,0,0,1
-0.32654277239790086,1.892327796704862,2.634145328445595,1,0,0,0,1,0,0,0,0,1
-0.261078894311152,0.5440121998321898,-0.7566434880210966,1,0,1,0,0,1,0,1,0,0
-0.36040594419903693,-0.8043033970404823,0.2121533166836726,1,0,0,0,1,0,0,0,0,1
-0.2962738720540499,-0.35486486474959156,0.2121533166836726,1,0,1,0,0,1,0,0,0,1
-0.3650271503584035,-0.8043033970404823,0.2121533166836726,1,0,0,0,0,0,0,0,0,1
-0.3448222100949508,0.09457366754129916,-0.7566434880210966,1,0,1,0,0,0,0,0,0,0
-0.30466906324356585,-0.8043033970404823,0.2121533166836726,0,1,0,0,0,1,0,0,0,0
-0.3151052871534687,0.09457366754129916,-0.7566434880210966,0,0,0,0,0,0,1,0,0,1
-0.31504110373458855,-0.8043033970404823,0.2121533166836726,0,1,0,0,1,0,1,0,0,1
1.9656845944600077,0.5440121998321898,-0.7566434880210966,0,0,0,0,0,1,0,0,1,0
-0.35990531353177224,-0.8043033970404823,-0.7566434880210966,1,0,0,0,0,0,1,0,0,1
-0.3290074156828964,-0.35486486474959156,0.2121533166836726,1,0,0,0,1,0,0,0,0,1
3.650242606386877,1.4428892644139713,-0.7566434880210966,1,0,1,0,0,1,0,0,0,1
0.553665424952724,-0.8043033970404823,0.6965517190360571,0,1,0,0,0,0,1,0,0,0
-0.236409997264589,-0.35486486474959156,2.1497469260932105,0,0,0,0,0,0,0,0,0,1
-0.1921683666305422,-0.8043033970404823,0.2121533166836726,1,0,1,0,0,0,0,0,0,1
-0.3499953936566862,-0.35486486474959156,0.2121533166836726,1,0,1,0,0,0,1,0,0,0
-0.34803138103895537,-0.35486486474959156,0.2121533166836726,1,0,1,0,0,1,0,0,0,1
-0.3304451242658104,0.09457366754129916,-0.7566434880210966,1,0,0,0,0,0,0,0,1,0
-0.36120181859315004,-0.8043033970404823,2.634145328445595,1,0,0,0,1,0,0,0,1,0
-0.3438722954955255,-0.35486486474959156,0.2121533166836726,1,0,0,1,0,0,0,0,0,1
-0.3178009907464325,-0.35486486474959156,-0.7566434880210966,0,1,1,0,0,0,0,0,0,1
-0.35842909489753016,-1.253741929331373,-0.7566434880210966,1,0,0,0,0,0,0,0,0,1
-0.22775165405766468,0.09457366754129916,-0.7566434880210966,1,0,0,0,1,0,0,0,1,0
0.6449214099164376,-0.8043033970404823,-0.272245085668712,0,0,1,0,0,0,0,0,0,0
-0.33185715948117245,1.892327796704862,-0.7566434880210966,1,0,0,0,1,0,0,0,0,1
-0.3401047288072641,0.5440121998321898,-0.7566434880210966,1,0,0,0,1,1,0,0,0,1
0.3498028407348348,1.4428892644139713,-0.7566434880210966,1,0,1,0,0,0,1,0,0,1
0.11058482022684737,-0.35486486474959156,0.2121533166836726,0,0,0,0,1,0,0,0,0,0
0.170224053050228,1.4428892644139713,0.2121533166836726,0,1,0,1,0,0,0,0,1,0
0.004849055963785324,0.09457366754129916,-0.7566434880210966,0,0,0,1,0,0,0,0,0,1
-0.3467220392938015,-0.35486486474959156,0.2121533166836726,1,0,1,0,0,0,0,0,0,1
-0.3438722954955255,-0.35486486474959156,0.2121533166836726,1,0,0,1,0,0,0,0,0,1
-0.30316717124177167,0.5440121998321898,0.2121533166836726,1,0,0,0,0,0,0,0,1,0
-0.35030989240919863,-0.8043033970404823,-0.7566434880210966,0,0,1,0,0,1,0,0,0,1
-0.3025895204718509,-0.8043033970404823,-0.7566434880210966,1,0,0,0,0,1,0,1,0,0
0.4398200857141625,0.09457366754129916,-0.7566434880210966,0,1,1,0,0,0,0,0,0,1
0.06437917697506983,-0.8043033970404823,-0.7566434880210966,0,1,1,0,0,0,1,0,0,1
2.0172559715301603,0.5440121998321898,0.2121533166836726,0,0,0,0,1,0,1,0,0,1
0.02570866709981492,0.9934507321230805,-0.7566434880210966,1,0,0,0,0,0,0,0,0,1
-0.36298611763801664,-1.253741929331373,0.2121533166836726,1,0,1,0,0,0,0,0,0,1
-0.3120244830472243,0.5440121998321898,-0.7566434880210966,1,0,0,1,0,0,1,0,0,1
-0.3182759480461452,3.240643393577534,0.2121533166836726,1,0,0,1,0,1,0,0,0,1
-0.3105225910454301,-0.35486486474959156,0.2121533166836726,1,0,1,0,0,0,0,0,0,1
0.9790057327001437,-0.8043033970404823,1.1809501213884417,0,1,1,0,0,1,0,0,0,0
-0.3304451242658104,0.09457366754129916,-0.7566434880210966,1,0,0,0,1,0,1,0,0,0
-0.3376336671803806,-0.35486486474959156,-0.7566434880210966,1,0,1,0,0,1,0,0,0,1
-0.29704407308061104,1.892327796704862,0.2121533166836726,0,1,0,0,1,0,0,0,0,1
-0.3507527579994712,1.892327796704862,0.2121533166836726,1,0,0,0,0,0,1,0,1,0
0.044463062096577514,-0.8043033970404823,0.2121533166836726,0,0,1,0,0,0,0,0,0,0
-0.35912227582143513,0.09457366754129916,0.2121533166836726,1,0,0,0,0,1,0,0,1,0
1.7756053994466179,4.588958990450206,-0.7566434880210966,0,0,0,0,0,0,0,0,0,1
-0.29416544674383893,-0.35486486474959156,-0.7566434880210966,1,0,0,0,1,0,1,0,0,1
-0.3325952687982935,-0.8043033970404823,-0.7566434880210966,1,0,0,0,0,0,0,0,0,1
-0.25483705682506314,0.9934507321230805,0.2121533166836726,1,0,0,0,1,0,1,0,0,1
-0.3334456990984547,1.4428892644139713,-0.7566434880210966,1,0,0,0,1,0,1,0,0,1
-0.1917190826983816,-0.35486486474959156,0.2121533166836726,0,1,0,0,1,0,0,0,0,1
-0.29310642033231743,-0.35486486474959156,-0.7566434880210966,1,0,0,0,1,1,0,0,0,1
0.06436313112034982,-0.8043033970404823,2.634145328445595,0,1,0,0,1,1,0,0,0,1
2.0187578635319547,-0.35486486474959156,0.2121533166836726,0,1,0,0,1,1,0,0,0,1
0.3550594627411143,0.09457366754129916,0.2121533166836726,0,0,0,1,0,0,0,0,0,1
-0.20083312817935453,-1.253741929331373,0.2121533166836726,1,0,0,0,1,1,0,0,1,0
-0.36143287890111836,-0.8043033970404823,0.2121533166836726,1,0,0,1,0,0,1,0,0,1
-0.3366709158971793,-0.35486486474959156,-0.7566434880210966,1,0,0,0,1,1,0,0,0,0
-0.34120226527011366,0.09457366754129916,0.2121533166836726,1,0,1,0,0,0,0,0,0,0
-0.30243548026653866,-0.35486486474959156,0.2121533166836726,1,0,0,1,0,1,0,0,0,1
-0.2960428117460816,1.4428892644139713,-0.7566434880210966,1,0,0,0,1,1,0,0,0,0
-0.24886799886921468,1.4428892644139713,-0.7566434880210966,0,0,0,0,1,0,0,0,0,1
0.7902487161156837,-0.35486486474959156,0.2121533166836726,0,0,1,0,0,0,0,0,1,0
-0.31067663125074235,-1.253741929331373,-0.7566434880210966,0,1,0,0,1,0,0,0,0,0
-0.35827505469221793,-0.35486486474959156,0.2121533166836726,1,0,0,1,0,1,0,0,0,1
0.6707905368960583,0.9934507321230805,0.2121533166836726,0,1,0,0,0,1,0,0,0,1
0.02134419461596873,-0.8043033970404823,-0.7566434880210966,1,0,0,0,1,0,0,0,1,0
-0.3464267955669531,-0.8043033970404823,-0.7566434880210966,0,0,1,0,0,0,0,0,0,1
-0.31670987262547096,-0.8043033970404823,-0.7566434880210966,1,0,0,0,1,0,0,0,0,0
-0.35809534111935365,-0.8043033970404823,0.2121533166836726,1,0,1,0,0,0,0,0,0,0
-0.3595843964373718,-0.8043033970404823,-0.7566434880210966,1,0,0,0,1,1,0,0,0,1
-0.3631529945271048,-0.8043033970404823,0.2121533166836726,1,0,0,0,0,0,1,0,1,0
-0.36501431367462744,-0.35486486474959156,2.634145328445595,1,0,0,0,1,1,0,0,0,1
-0.27112359936588626,-1.253741929331373,-0.7566434880210966,0,0,0,0,0,0,0,0,1,0
-0.34833946144957983,-0.8043033970404823,0.2121533166836726,1,0,0,0,0,1,0,1,0,0
-0.21834878319173137,-0.8043033970404823,-0.7566434880210966,1,0,0,0,0,0,0,0,0,1
-0.33850014333526185,-0.35486486474959156,-0.7566434880210966,1,0,0,0,1,0,0,0,0,1
8.36647231740541,0.09457366754129916,-0.7566434880210966,1,0,0,0,0,0,0,0,1,0
-0.3018835028641699,0.5440121998321898,0.2121533166836726,1,0,0,0,1,0,0,0,1,0
-0.31175491268792793,-0.8043033970404823,0.2121533166836726,0,0,0,1,0,1,0,0,0,0
-0.3557333913045663,0.5440121998321898,2.634145328445595,1,0,0,0,1,0,0,0,0,1
0.6547318454922594,-0.35486486474959156,0.6965517190360571,0,0,1,0,0,1,0,0,0,0
0.02099118581212823,-0.35486486474959156,-0.7566434880210966,1,0,0,0,1,1,0,0,0,1
-0.29256086127183667,1.4428892644139713,-0.7566434880210966,0,1,0,0,0,1,0,0,0,1
-0.35842909489753016,-1.253741929331373,-0.7566434880210966,1,0,0,0,1,0,1,0,1,0
-0.3515614690773604,-0.8043033970404823,-0.7566434880210966,1,0,1,0,0,0,0,0,0,1
7.974953462236855,0.09457366754129916,-0.7566434880210966,0,1,1,0,0,1,0,0,0,1
0.6862715775299363,0.9934507321230805,0.2121533166836726,0,1,0,0,0,0,0,0,0,1
-0.1409114883129015,0.09457366754129916,-0.7566434880210966,1,0,1,0,0,0,1,0,0,1
-0.3304451242658104,0.09457366754129916,-0.7566434880210966,1,0,0,0,1,0,1,0,0,1
-0.3100508429166615,-0.35486486474959156,-0.7566434880210966,1,0,0,1,0,0,0,0,0,1
-0.21324620139076417,0.9934507321230805,-0.7566434880210966,0,0,0,0,1,0,0,0,0,1
-0.36140720553356637,-1.253741929331373,0.2121533166836726,1,0,0,1,0,0,0,0,0,1
-0.35027780069975856,0.09457366754129916,-0.7566434880210966,1,0,0,0,1,0,1,0,1,0
1.4308249099065447,-0.8043033970404823,0.2121533166836726,0,0,0,0,1,0,0,0,1,0
-0.36140720553356637,-1.253741929331373,0.2121533166836726,1,0,0,0,0,0,0,0,0,1
1.7586128392981135,0.5440121998321898,-0.7566434880210966,1,0,0,0,1,0,0,0,0,1
-0.18382452217613038,-0.35486486474959156,0.2121533166836726,1,0,0,0,0,1,0,0,0,1
-0.3438722954955255,-0.35486486474959156,0.2121533166836726,1,0,0,1,0,0,0,0,0,1
-0.3345271897065842,0.09457366754129916,0.2121533166836726,1,0,0,1,0,0,1,0,0,1
-0.36016204720729256,-0.35486486474959156,-0.7566434880210966,1,0,0,0,0,0,1,0,1,0
-0.33919974260105484,0.09457366754129916,0.2121533166836726,1,0,1,0,0,0,1,0,0,1
-0.3240909657966814,-0.8043033970404823,-0.7566434880210966,0,1,0,0,1,1,0,0,0,1
-0.30425828936273325,0.5440121998321898,0.2121533166836726,1,0,0,0,1,0,0,0,0,1
0.0585577408826455,-0.35486486474959156,0.2121533166836726,0,0,0,0,1,0,0,0,0,0
-0.134936012015165,-0.8043033970404823,-0.272245085668712,0,0,1,0,0,0,1,0,0,1
-0.09548246442957302,-0.35486486474959156,0.2121533166836726,0,0,0,0,1,0,0,0,1,0
2.1841007689089573,0.9934507321230805,-0.7566434880210966,1,0,1,0,0,0,0,0,1,0
-0.2007464805638664,0.5440121998321898,-0.7566434880210966,0,1,0,0,1,0,1,0,0,1
-0.3546743648930448,-0.35486486474959156,-0.7566434880210966,1,0,0,0,1,1,0,0,0,1
-0.3152336539912288,0.5440121998321898,-0.7566434880210966,1,0,0,0,1,0,0,0,0,1
0.1766680683057891,0.09457366754129916,-0.7566434880210966,0,1,0,1,0,1,0,0,0,1
-0.28070297463373983,0.09457366754129916,-0.7566434880210966,0,0,0,0,1,0,0,0,0,0
0.5297153821976182,-0.8043033970404823,0.2121533166836726,0,1,0,0,1,0,0,0,1,0
-0.09935272458804252,-0.35486486474959156,-0.7566434880210966,1,0,0,0,1,1,0,0,0,0
-0.034816296904110956,-1.253741929331373,-0.7566434880210966,1,0,0,1,0,1,0,0,0,0
-0.25560725785162425,0.9934507321230805,-0.7566434880210966,0,0,0,0,1,1,0,0,0,1
-0.26895740897868314,1.892327796704862,-0.7566434880210966,1,0,0,0,1,0,0,0,0,1
-0.20798316104259665,2.7912048612866434,0.2121533166836726,1,0,0,0,0,0,1,0,0,1
-0.07252405549616446,1.4428892644139713,-0.7566434880210966,1,0,1,0,0,0,1,0,1,0
0.7466168279609978,0.9934507321230805,-0.7566434880210966,1,0,1,0,0,1,0,0,1,0
-0.3647960900504352,-0.8043033970404823,3.11854373079798,1,0,0,0,0,0,0,0,0,1
-0.3219087295547583,0.09457366754129916,-0.7566434880210966,1,0,0,0,1,0,0,0,0,1
-0.3509196348885595,-0.8043033970404823,-0.7566434880210966,1,0,0,0,1,1,0,0,0,1
-0.3199190435694755,0.9934507321230805,0.2121533166836726,1,0,1,0,0,1,0,0,0,1
-0.04798994362924966,0.5440121998321898,-0.7566434880210966,0,1,0,1,0,0,0,0,1,0
-0.35842909489753016,-1.253741929331373,-0.7566434880210966,1,0,1,0,0,1,0,0,0,1
-0.3334456990984547,1.4428892644139713,-0.7566434880210966,1,0,0,0,0,0,0,0,1,0
-0.3577744240249532,-0.8043033970404823,2.634145328445595,1,0,1,0,0,1,0,0,0,1
0.33374094016009204,-0.35486486474959156,-0.7566434880210966,0,1,1,0,0,1,0,1,0,0
0.07856371254756991,2.3417663289957527,-0.7566434880210966,1,0,1,0,0,1,0,0,0,1
6.312747325934976,0.5440121998321898,-0.7566434880210966,1,0,0,0,0,1,0,0,1,0
-0.35063080950359904,-1.253741929331373,-0.7566434880210966,1,0,0,0,0,0,1,0,0,1
2.7296919210991715,2.3417663289957527,-0.272245085668712,0,0,1,0,0,0,0,0,1,0
-0.35775516899928916,-0.35486486474959156,3.11854373079798,1,0,0,0,0,0,0,0,0,1
-0.09930779619482648,0.09457366754129916,0.2121533166836726,0,1,0,0,1,1,0,0,0,1
0.06912874997219653,-0.35486486474959156,-0.7566434880210966,1,0,1,0,0,0,0,0,1,0
-0.3338468454664552,-0.8043033970404823,-0.7566434880210966,0,1,1,0,0,0,0,0,0,1
-0.3509196348885595,-0.8043033970404823,-0.7566434880210966,1,0,1,0,0,0,1,0,0,1
0.4715972964016956,-0.35486486474959156,1.1809501213884417,0,0,1,0,0,1,0,0,1,0
1.6255124743955252,0.5440121998321898,-0.272245085668712,0,0,1,0,0,0,1,0,1,0
-0.3515357957098083,-0.35486486474959156,0.2121533166836726,1,0,0,0,1,1,0,0,1,0
-0.23888747723336048,-1.253741929331373,-0.7566434880210966,1,0,0,0,1,1,0,0,0,1
-0.3561441651853989,-0.8043033970404823,0.2121533166836726,0,0,0,1,0,0,0,0,0,1
-0.3574021601954487,0.5440121998321898,0.2121533166836726,1,0,0,0,0,0,0,0,1,0
0.04189572534137388,0.09457366754129916,0.2121533166836726,0,1,0,1,0,0,1,1,0,0
-0.20949147138627877,2.7912048612866434,-0.7566434880210966,1,0,0,0,1,0,0,0,0,1
-0.340040545388384,-0.35486486474959156,-0.7566434880210966,1,0,1,0,0,0,0,0,0,1
-0.08917002518271608,-0.8043033970404823,0.6965517190360571,0,0,1,0,0,0,0,0,0,1
-0.2368336078291976,-0.35486486474959156,-0.7566434880210966,0,0,0,0,1,0,1,0,0,1
-0.33890449887420643,1.4428892644139713,2.634145328445595,1,0,0,1,0,1,0,0,0,1
-0.36043643132300496,-0.35486486474959156,2.634145328445595,1,0,1,0,0,0,0,0,0,1
-0.13268317401247381,0.09457366754129916,0.2121533166836726,0,1,0,0,0,1,0,0,0,1
0.5040805246969098,-0.35486486474959156,0.2121533166836726,0,0,0,0,1,0,1,0,0,0
-0.1042627561323695,-0.35486486474959156,-0.7566434880210966,1,0,0,0,1,0,1,0,0,0
-0.3518438761204328,1.4428892644139713,0.2121533166836726,1,0,1,0,0,1,0,0,0,1
-0.35626290451032705,-0.35486486474959156,-0.7566434880210966,1,0,0,1,0,0,0,1,0,0
-0.3053622441674708,-0.35486486474959156,0.2121533166836726,1,0,1,0,0,0,0,0,0,1
-0.35471929328626084,-1.253741929331373,2.1497469260932105,0,0,0,0,0,0,0,0,0,1
1.3159397992821258,0.5440121998321898,1.1809501213884417,0,1,1,0,0,1,0,1,0,0
-0.35990531353177224,-0.8043033970404823,-0.7566434880210966,1,0,1,0,0,0,1,0,1,0
-0.3529221575576183,-0.35486486474959156,0.2121533166836726,1,0,0,1,0,0,0,0,0,0
-0.33216523989179686,-0.8043033970404823,0.2121533166836726,1,0,0,0,1,0,1,0,1,0
-0.3593918461807315,-1.253741929331373,-0.7566434880210966,1,0,1,0,0,1,0,0,0,1
-0.15865820363324667,-0.8043033970404823,1.665348523740826,0,0,1,0,0,0,0,0,0,1
0.019701099092638397,-0.35486486474959156,0.2121533166836726,0,0,0,0,1,0,0,0,0,1
-0.36613110516314107,-1.253741929331373,-0.7566434880210966,1,0,1,0,0,0,0,0,0,0
-0.32492535024212255,-0.35486486474959156,2.634145328445595,1,0,1,0,0,0,0,1,0,0
-0.305477774321455,-1.253741929331373,-0.7566434880210966,1,0,1,0,0,0,1,0,0,1
-0.2607419313620315,-0.8043033970404823,0.2121533166836726,0,0,0,1,0,0,0,0,0,1
-0.3534741349599871,-0.8043033970404823,0.2121533166836726,1,0,0,1,0,0,0,0,0,0
-0.3355733794343297,-0.8043033970404823,2.634145328445595,1,0,1,0,0,0,0,0,1,0
-0.17287483091518682,0.09457366754129916,-0.7566434880210966,1,0,1,0,0,0,0,0,0,1
-0.18691174462426277,-0.8043033970404823,0.6965517190360571,0,0,0,0,0,1,0,0,0,1
-0.35288364750629025,-0.35486486474959156,0.2121533166836726,1,0,0,0,0,0,0,0,0,1
-0.3208497031432368,0.5440121998321898,-0.7566434880210966,1,0,0,0,1,0,1,0,0,1
-0.16026278910524897,-0.8043033970404823,-0.7566434880210966,0,1,1,0,0,1,0,0,0,1
-0.2458513781818504,-0.8043033970404823,0.2121533166836726,1,0,0,0,0,1,0,0,0,1
-0.051568169231814724,0.09457366754129916,-0.7566434880210966,1,0,0,1,0,0,0,0,0,0
-0.32075342801491663,1.4428892644139713,-0.7566434880210966,1,0,0,0,1,0,0,0,0,1
0.025333194099366376,-0.35486486474959156,-0.272245085668712,0,0,1,0,0,1,0,0,0,1
-0.14300386776839247,1.892327796704862,0.2121533166836726,1,0,0,0,1,0,1,0,0,1
-0.3457977980619282,-0.35486486474959156,0.2121533166836726,1,0,1,0,0,1,0,0,0,1
-0.2264166389449588,-0.35486486474959156,0.2121533166836726,1,0,0,0,1,0,0,0,0,1
-0.11951915480016712,-0.8043033970404823,0.6965517190360571,0,0,1,0,0,0,1,0,1,0
1.5566372475952994,-0.35486486474959156,0.2121533166836726,0,1,0,0,1,1,0,0,0,0
-0.10657335921205277,-0.35486486474959156,-0.7566434880210966,1,0,0,1,0,0,0,0,0,1
-0.34441143621411824,-1.253741929331373,0.2121533166836726,0,1,0,1,0,1,0,0,0,1
0.09324246044544678,0.09457366754129916,0.2121533166836726,0,1,0,0,1,0,0,0,0,1
0.7864362210342063,-0.35486486474959156,0.2121533166836726,0,1,0,0,0,1,0,0,0,1
-0.36380124705779376,-0.8043033970404823,2.634145328445595,1,0,1,0,0,1,0,0,0,0
0.2722692707276848,-0.8043033970404823,1.1809501213884417,0,1,0,0,0,0,0,0,1,0
-0.34071447128662496,-0.35486486474959156,-0.7566434880210966,1,0,1,0,0,0,1,0,1,0
-0.34660650913981733,-0.35486486474959156,0.2121533166836726,1,0,0,0,1,0,1,0,0,0
-0.35903241903500294,-0.8043033970404823,3.11854373079798,1,0,0,0,0,1,0,0,0,0
-0.31059961114808626,1.4428892644139713,0.2121533166836726,1,0,0,0,0,1,0,0,0,1
-0.28073506634317985,0.5440121998321898,-0.7566434880210966,1,0,0,0,1,0,0,0,0,1
-0.3441803759061499,-0.8043033970404823,-0.7566434880210966,1,0,0,0,0,1,0,0,1,0
-0.060797744866771836,1.4428892644139713,0.2121533166836726,0,0,0,0,1,0,0,0,1,0
-0.27899569569152943,-0.8043033970404823,0.2121533166836726,0,1,0,1,0,0,0,0,0,1
-0.28237174352462224,0.9934507321230805,-0.7566434880210966,0,0,0,0,0,0,1,0,0,1
-0.21850924173893158,0.09457366754129916,-0.7566434880210966,1,0,0,0,1,0,0,0,1,0
-0.22487623689183664,0.9934507321230805,0.2121533166836726,1,0,0,0,1,0,0,0,0,0
4.339556479304336,1.4428892644139713,-0.7566434880210966,1,0,1,0,0,1,0,0,0,1
0.028853654624939398,1.892327796704862,-0.7566434880210966,1,0,1,0,0,1,0,0,1,0
-0.34485430180439086,-0.35486486474959156,-0.7566434880210966,1,0,1,0,0,0,0,0,0,1
0.6901610927140698,-0.35486486474959156,0.2121533166836726,0,1,0,0,1,0,1,0,0,1
0.05715051942369958,-1.253741929331373,1.665348523740826,0,1,0,1,0,1,0,0,0,1
-0.24668576262729155,-0.8043033970404823,-0.7566434880210966,1,0,1,0,0,1,0,0,0,1
-0.10175960279604594,-0.35486486474959156,-0.7566434880210966,1,0,0,0,1,0,0,0,1,0
-0.36117614522559804,-0.8043033970404823,0.2121533166836726,1,0,0,1,0,0,1,0,0,1
1.6969967571732265,0.5440121998321898,-0.7566434880210966,0,1,0,0,0,0,0,1,0,0
-0.30162676918864956,0.9934507321230805,-0.7566434880210966,0,0,0,0,1,1,0,0,0,0
-0.2572760267425066,-0.8043033970404823,-0.7566434880210966,1,0,0,1,0,1,0,0,0,1
0.247077278817249,0.09457366754129916,0.2121533166836726,0,1,0,0,0,0,0,0,0,1
-0.3457977980619282,-0.35486486474959156,0.2121533166836726,1,0,0,1,0,1,0,0,0,1
-0.3438722954955255,-0.35486486474959156,0.2121533166836726,1,0,0,1,0,1,0,1,0,0
0.20367324179958748,1.4428892644139713,-0.7566434880210966,1,0,0,0,1,0,0,0,0,1
0.17786187989695884,0.9934507321230805,0.2121533166836726,0,0,0,0,1,1,0,0,0,0
0.7414821544505906,0.09457366754129916,-0.7566434880210966,1,0,0,1,0,0,0,0,0,0
-0.3220370963925185,-0.8043033970404823,-0.7566434880210966,0,0,0,1,0,0,0,0,0,1
-0.3240267823778013,0.09457366754129916,-0.7566434880210966,1,0,0,1,0,0,0,0,0,0
-0.3581884070767298,-0.35486486474959156,-0.7566434880210966,1,0,0,0,1,0,0,0,0,1
0.5271737188099664,-0.8043033970404823,0.2121533166836726,0,1,0,0,1,0,0,0,0,1
0.7773285938951213,0.5440121998321898,-0.7566434880210966,1,0,1,0,0,0,0,0,0,0
0.08351225414322494,-0.8043033970404823,0.2121533166836726,1,0,1,0,0,0,0,0,0,1
-0.32646575229524477,0.5440121998321898,-0.7566434880210966,1,0,0,0,0,0,0,0,0,1
0.4519186601730597,0.5440121998321898,-0.7566434880210966,0,0,0,0,1,0,1,0,1,0
-0.20458143984195185,-0.35486486474959156,0.2121533166836726,0,0,0,0,1,0,0,0,0,1
-0.36515872636710767,-0.35486486474959156,3.11854373079798,1,0,0,0,0,1,0,0,1,0
-0.21488287857220645,-0.35486486474959156,-0.7566434880210966,1,0,0,0,1,0,0,0,0,0
-0.02724265347626021,0.9934507321230805,-0.7566434880210966,1,0,1,0,0,1,0,0,0,1
0.6516253680184632,0.09457366754129916,-0.7566434880210966,0,1,0,0,0,0,0,0,0,1
-0.2724746603333122,2.3417663289957527,0.2121533166836726,1,0,0,0,1,1,0,0,0,1
-0.3559259415612066,0.9934507321230805,-0.7566434880210966,1,0,1,0,0,1,0,0,0,1
0.6861945574272801,0.9934507321230805,0.2121533166836726,0,1,0,0,1,0,0,0,0,0
-0.14510908390765945,0.09457366754129916,0.2121533166836726,1,0,0,0,1,1,0,0,0,1
-0.26776680655845747,-0.35486486474959156,1.1809501213884417,0,1,1,0,0,1,0,0,0,1
-0.36189499951705506,-0.35486486474959156,0.2121533166836726,1,0,0,0,1,1,0,0,0,1
0.5437458775648059,-0.35486486474959156,0.2121533166836726,0,0,0,0,1,0,0,0,0,0
0.7223073580601633,-0.35486486474959156,-0.7566434880210966,0,0,0,0,0,0,0,0,0,1
-0.3471969965935142,-1.253741929331373,-0.7566434880210966,1,0,0,0,0,0,0,0,1,0
-0.23039601091552447,0.09457366754129916,0.2121533166836726,1,0,0,0,1,1,0,0,0,1
-0.17631506216715973,-0.35486486474959156,0.2121533166836726,0,1,1,0,0,1,0,0,0,1
-0.29596579164342546,-0.8043033970404823,0.2121533166836726,0,1,0,1,0,0,1,0,0,1
0.28703787541199377,1.4428892644139713,0.2121533166836726,0,1,0,0,0,1,0,0,1,0
-0.3390777941051827,-0.8043033970404823,-0.7566434880210966,1,0,0,0,1,0,1,0,0,1
-0.3376336671803806,-0.35486486474959156,-0.7566434880210966,1,0,0,0,0,0,1,0,1,0
-0.3407786547055051,-0.8043033970404823,-0.7566434880210966,1,0,0,0,1,0,0,0,0,1
0.3331344068516751,4.588958990450206,0.2121533166836726,1,0,0,0,1,0,1,0,0,1
-0.36664136334323777,-1.253741929331373,3.11854373079798,1,0,0,0,0,1,0,0,0,1
-0.34803138103895537,-0.8043033970404823,-0.7566434880210966,1,0,0,0,1,0,0,0,0,1
0.28093403227649705,-0.35486486474959156,-0.7566434880210966,0,1,0,0,0,1,0,0,1,0
-0.28266056890958263,0.9934507321230805,-0.7566434880210966,0,1,0,1,0,0,0,0,0,1
-0.3560029616638627,-1.253741929331373,0.2121533166836726,0,1,0,0,1,1,0,0,0,1
-0.3281601945536792,0.9934507321230805,0.2121533166836726,1,0,0,0,1,0,0,0,1,0
-0.3614200422173424,-1.253741929331373,0.2121533166836726,1,0,1,0,0,0,0,0,0,1
-0.2070974298620514,-1.253741929331373,0.2121533166836726,0,1,0,0,0,0,0,0,0,1
0.1735872641995448,-0.35486486474959156,0.2121533166836726,1,0,0,0,1,1,0,0,0,1
0.17987723924979365,0.5440121998321898,2.1497469260932105,0,0,0,0,0,1,0,0,1,0
0.901812334813058,-0.35486486474959156,0.2121533166836726,0,1,0,0,0,0,1,0,0,1
0.24761321036489775,1.4428892644139713,-0.272245085668712,0,0,1,0,0,0,0,0,1,0
-0.32609348846574027,-1.253741929331373,0.2121533166836726,1,0,0,0,0,0,0,0,1,0
4.2523023305077965,0.9934507321230805,0.2121533166836726,0,1,0,0,1,0,1,0,0,0
-0.297021608884003,0.5440121998321898,-0.7566434880210966,1,0,1,0,0,0,0,0,0,1
-0.32823079631444724,0.5440121998321898,-0.7566434880210966,1,0,1,0,0,1,0,0,0,1
-0.34479011838551077,-1.253741929331373,-0.7566434880210966,1,0,0,0,0,0,0,0,0,1
-0.35627253202315906,-1.253741929331373,0.2121533166836726,1,0,0,0,0,0,0,0,1,0
0.22803084926458206,-0.35486486474959156,-0.7566434880210966,0,1,1,0,0,0,1,0,0,1
-0.05439223966253871,0.5440121998321898,0.2121533166836726,0,1,0,0,1,1,0,0,0,1
-0.35912227582143513,-0.35486486474959156,0.2121533166836726,1,0,1,0,0,0,0,0,0,1
-0.14310977040954462,-0.35486486474959156,-0.7566434880210966,1,0,0,0,1,1,0,0,0,1
-0.3219729129736384,0.5440121998321898,0.2121533166836726,1,0,0,0,1,0,0,0,0,0
-0.3534741349599871,-0.8043033970404823,0.2121533166836726,1,0,0,0,1,0,0,0,0,1
-0.36415425586163425,-0.8043033970404823,0.2121533166836726,1,0,0,0,0,0,1,0,0,1
-0.06103522351662816,-0.35486486474959156,-0.7566434880210966,0,0,1,0,0,0,0,0,0,1
-0.12553955949111967,1.4428892644139713,-0.7566434880210966,1,0,0,0,1,0,0,0,0,1
-0.30495147028663827,0.09457366754129916,0.2121533166836726,1,0,0,0,1,0,0,0,0,1
-0.3479351059106352,1.4428892644139713,-0.7566434880210966,1,0,0,0,1,0,1,0,0,1
-0.30346241496862014,-0.8043033970404823,0.2121533166836726,1,0,0,0,1,1,0,0,0,1
0.08029666485733235,0.5440121998321898,-0.7566434880210966,1,0,0,0,0,0,0,0,0,1
-0.3376336671803806,-0.35486486474959156,-0.7566434880210966,1,0,0,0,1,0,0,0,1,0
0.7004689497862123,1.4428892644139713,0.2121533166836726,0,1,0,0,0,0,1,0,0,1
-0.16928055945790174,-0.8043033970404823,-0.7566434880210966,1,0,0,0,1,0,0,0,0,1
-0.3248675851651305,-0.35486486474959156,2.634145328445595,1,0,0,1,0,0,0,0,0,1
4.872352666940804,-0.35486486474959156,0.2121533166836726,1,0,0,0,1,0,0,0,0,1
-0.010073588925835823,4.588958990450206,-0.7566434880210966,0,1,0,0,1,0,0,0,0,1
-0.22446225384006005,-0.35486486474959156,-0.7566434880210966,0,1,0,0,0,1,0,0,0,1
-0.20840035326531722,-0.8043033970404823,-0.7566434880210966,0,1,0,1,0,1,0,0,0,1
0.6116679805946623,-0.35486486474959156,0.6965517190360571,0,0,1,0,0,1,0,1,0,0
0.19433936810895022,-0.35486486474959156,-0.272245085668712,0,1,0,0,0,0,1,0,0,1
-0.253344792336101,-0.35486486474959156,-0.7566434880210966,1,0,0,0,1,0,0,0,0,1
0.0001315746760986336,-0.8043033970404823,-0.7566434880210966,1,0,0,0,0,0,0,0,0,1
-0.348493501654892,-0.35486486474959156,0.2121533166836726,1,0,1,0,0,1,0,0,0,0
-0.25137115220553824,0.5440121998321898,-0.7566434880210966,1,0,0,1,0,0,0,0,0,0
0.11636132792605552,-0.35486486474959156,0.2121533166836726,0,1,0,0,1,0,0,0,0,1
-0.3473382001150504,1.892327796704862,2.634145328445595,1,0,0,1,0,1,0,0,0,1
-0.16858737853399675,-1.253741929331373,0.2121533166836726,0,1,0,0,0,0,1,0,0,1
-0.3240267823778013,0.09457366754129916,-0.7566434880210966,1,0,0,0,1,0,0,0,0,0
-0.08972521175602886,-0.35486486474959156,-0.7566434880210966,0,0,1,0,0,0,1,0,0,1
-0.23437859205703407,1.4428892644139713,-0.7566434880210966,1,0,0,0,1,0,0,1,0,0
-0.29069954212431404,2.3417663289957527,-0.7566434880210966,1,0,0,1,0,0,0,0,0,1
-0.34435688030807016,-1.253741929331373,-0.7566434880210966,1,0,0,0,1,1,0,0,0,1
-0.2594582629844297,-0.35486486474959156,-0.7566434880210966,0,0,1,0,0,1,0,0,0,1
0.2919414886144327,-0.8043033970404823,-0.7566434880210966,0,0,0,0,0,0,0,0,0,0
-0.3496680582203977,-0.35486486474959156,-0.7566434880210966,1,0,0,0,1,0,1,0,0,1
-0.18922555687489004,1.4428892644139713,-0.7566434880210966,0,1,0,0,1,1,0,0,0,1
-0.3228201341028556,1.892327796704862,0.2121533166836726,1,0,0,0,0,0,0,0,1,0
0.21196894868983918,-0.8043033970404823,-0.7566434880210966,1,0,0,0,1,0,1,0,0,1
0.34991516171787496,2.3417663289957527,-0.7566434880210966,0,1,0,0,1,0,0,1,0,0
-0.34935997780977324,2.3417663289957527,2.1497469260932105,0,0,0,0,0,1,0,0,0,1
0.12399915477278643,0.09457366754129916,0.2121533166836726,0,0,0,0,1,1,0,0,0,1
-0.29552934439504086,-0.8043033970404823,-0.7566434880210966,1,0,0,1,0,0,1,0,0,1
-0.3152978374101089,0.09457366754129916,-0.7566434880210966,1,0,0,0,1,1,0,0,0,1
-0.3376336671803806,-0.35486486474959156,-0.7566434880210966,1,0,0,0,1,1,0,0,0,1
-0.33237062683221313,0.09457366754129916,-0.7566434880210966,1,0,0,0,0,1,0,0,0,1
-0.33859641846358196,-0.35486486474959156,-0.7566434880210966,0,0,0,1,0,0,1,1,0,0
-0.18662291923930233,-0.8043033970404823,0.2121533166836726,1,0,1,0,0,0,0,0,0,1
-0.3658230247525166,-0.35486486474959156,2.634145328445595,1,0,0,0,1,1,0,0,0,1
0.6405601466035353,-0.35486486474959156,0.2121533166836726,0,0,0,0,1,0,0,0,0,1
-0.27332188146252934,-0.35486486474959156,-0.7566434880210966,1,0,1,0,0,1,0,0,0,1
-0.035458131092911876,0.09457366754129916,-0.7566434880210966,0,0,1,0,0,1,0,0,1,0
-0.29758321379920377,-0.35486486474959156,-0.7566434880210966,1,0,0,0,1,1,0,0,0,1
-0.21663187673668893,0.5440121998321898,-0.7566434880210966,1,0,0,0,0,0,0,0,1,0
-0.2431813479564386,-0.8043033970404823,0.2121533166836726,1,0,1,0,0,0,0,0,0,0
-0.2918837262026517,-0.35486486474959156,0.2121533166836726,1,0,0,1,0,0,0,0,0,1
0.8935711838288544,0.09457366754129916,0.6965517190360571,0,0,1,0,0,0,0,0,0,0
-0.3631080661338888,-0.35486486474959156,3.11854373079798,1,0,0,0,0,0,0,0,0,1
-0.3358622048192901,0.9934507321230805,0.2121533166836726,1,0,1,0,0,0,0,0,1,0
-0.32866082522094386,-0.35486486474959156,0.2121533166836726,1,0,0,0,1,1,0,0,0,1
-0.33786472748834895,-0.35486486474959156,0.2121533166836726,1,0,0,0,1,1,0,0,0,1
2.0743760051624975,2.3417663289957527,-0.272245085668712,0,0,1,0,0,1,0,0,0,1
-0.2443912054023283,0.5440121998321898,-0.7566434880210966,1,0,1,0,0,0,0,0,0,1
-0.30730700175953757,2.3417663289957527,-0.7566434880210966,1,0,1,0,0,0,0,0,0,1
-0.34633693878052096,0.09457366754129916,0.2121533166836726,1,0,0,0,1,1,0,0,0,0
-0.07846102174257287,0.5440121998321898,0.2121533166836726,0,1,0,0,0,1,0,0,0,1
-0.34456547641943047,-0.35486486474959156,0.2121533166836726,1,0,0,1,0,0,0,0,0,0
-0.2372828917613582,-0.8043033970404823,-0.7566434880210966,1,0,0,0,1,0,0,0,0,1
0.14961475724783077,-0.8043033970404823,-0.7566434880210966,1,0,0,0,1,1,0,0,0,1
0.6948208089247643,-0.35486486474959156,0.2121533166836726,0,0,0,1,0,0,0,0,0,1
-0.3376336671803806,-0.35486486474959156,-0.7566434880210966,1,0,1,0,0,0,0,0,0,1
-0.3552712706886296,-0.8043033970404823,0.2121533166836726,1,0,1,0,0,0,1,1,0,0
-0.34105143423574547,-0.35486486474959156,-0.7566434880210966,0,0,0,0,1,0,0,0,0,1
-0.36380124705779376,-0.8043033970404823,2.634145328445595,1,0,1,0,0,0,1,0,0,1
-0.3624341402356478,-1.253741929331373,0.2121533166836726,1,0,0,1,0,0,0,0,0,0
-0.3627903582104323,-0.35486486474959156,2.634145328445595,1,0,0,1,0,0,1,0,0,1
-0.3408588839791052,-1.253741929331373,2.634145328445595,1,0,0,1,0,0,0,0,0,0
-0.34196604795478674,-0.8043033970404823,-0.7566434880210966,0,0,0,0,1,0,0,0,0,1
0.127914343324472,0.09457366754129916,1.1809501213884417,0,1,1,0,0,1,0,0,0,1
0.0545912055958559,-0.35486486474959156,0.2121533166836726,0,1,0,0,0,0,0,1,0,0
-0.316042365069118,0.09457366754129916,0.2121533166836726,1,0,1,0,0,0,1,0,0,1
1.3832682056873413,1.4428892644139713,-0.7566434880210966,0,1,1,0,0,1,0,0,0,1
-0.3168382394632311,0.5440121998321898,-0.7566434880210966,1,0,1,0,0,0,0,0,0,0
-0.3415649015867862,-1.253741929331373,-0.7566434880210966,0,1,1,0,0,0,0,1,0,0
-0.3528579741387382,-1.253741929331373,0.2121533166836726,1,0,0,1,0,0,0,0,1,0
0.6419497176222893,1.4428892644139713,-0.7566434880210966,0,1,1,0,0,0,0,0,0,1
-0.2234995025568587,-0.35486486474959156,-0.7566434880210966,0,1,0,0,1,0,0,0,0,1
-0.3256955512686837,1.892327796704862,0.2121533166836726,1,0,0,0,0,0,0,0,0,1
-0.3281601945536792,0.9934507321230805,0.2121533166836726,1,0,0,1,0,0,1,0,1,0
-0.33522678897237723,-0.35486486474959156,-0.7566434880210966,0,0,0,1,0,0,1,0,0,1
-0.32800615434836694,0.9934507321230805,-0.7566434880210966,1,0,1,0,0,0,1,0,1,0
-0.35090679820478343,-0.8043033970404823,0.2121533166836726,1,0,1,0,0,0,0,0,0,1
0.10861759843817259,0.5440121998321898,-0.7566434880210966,0,1,0,0,0,1,0,0,1,0
0.02099118581212823,-0.35486486474959156,-0.7566434880210966,1,0,0,0,1,0,0,0,0,0
-0.360431617566589,0.09457366754129916,3.11854373079798,1,0,0,0,0,0,1,0,0,0
-0.24563315455765805,0.09457366754129916,2.634145328445595,1,0,1,0,0,0,1,0,0,0
0.06880141453590806,-0.35486486474959156,0.2121533166836726,1,0,0,0,0,0,1,0,0,1
1.4205587720566741,1.4428892644139713,-0.7566434880210966,0,0,0,0,1,1,0,0,0,1
0.7158087868985542,0.5440121998321898,0.2121533166836726,0,1,0,0,1,0,0,0,0,1
-0.262506975381234,-0.8043033970404823,-0.7566434880210966,0,1,0,0,1,0,0,0,0,0
-0.09548246442957302,-0.35486486474959156,0.2121533166836726,0,0,0,0,1,0,0,0,0,1
-0.27294961763302483,1.4428892644139713,0.2121533166836726,1,0,0,0,0,0,0,1,0,0
0.6725491625733727,-0.8043033970404823,1.665348523740826,0,1,0,1,0,0,0,0,0,1
-0.34803138103895537,-0.8043033970404823,-0.7566434880210966,1,0,0,0,1,0,1,0,0,1
-0.3189177822349461,0.9934507321230805,0.2121533166836726,1,0,0,0,0,0,0,0,0,0
0.02878947120605932,0.5440121998321898,0.2121533166836726,0,1,0,1,0,0,0,0,0,1
0.7094289550618731,-0.8043033970404823,0.2121533166836726,0,1,0,0,1,0,1,1,0,0
-0.3609803857980138,-1.253741929331373,-0.7566434880210966,1,0,0,1,0,0,0,0,0,0
0.3589746512927998,-0.35486486474959156,0.2121533166836726,0,1,0,0,1,0,1,0,0,1
-0.3047075732948939,-0.8043033970404823,-0.7566434880210966,0,0,0,0,1,0,0,0,0,1
1.9559287147902338,2.7912048612866434,-0.272245085668712,0,0,1,0,0,1,0,0,0,0
-0.36402588902387406,0.09457366754129916,3.11854373079798,1,0,0,0,0,0,0,0,0,1
-0.2764283589363258,-0.8043033970404823,0.2121533166836726,0,1,0,0,0,0,0,0,1,0
0.8758950702692772,0.9934507321230805,0.2121533166836726,0,1,0,0,1,0,0,0,0,1
-0.31934139279955465,-0.8043033970404823,-0.7566434880210966,1,0,0,1,0,0,0,0,0,1
1.2035867245325262,0.5440121998321898,-0.7566434880210966,0,1,1,0,0,0,0,0,0,0
-0.3538335621057156,-0.8043033970404823,0.2121533166836726,1,0,0,0,0,0,0,0,0,1
-0.14800375609915153,-0.8043033970404823,-0.7566434880210966,1,0,0,0,0,0,0,0,0,1
0.004078854937224247,0.5440121998321898,0.2121533166836726,1,0,1,0,0,0,0,0,1,0
1.5566372475952994,0.09457366754129916,1.1809501213884417,0,1,1,0,0,0,0,0,1,0
0.39762911531333467,-0.8043033970404823,-0.030045884492519763,0,0,0,0,1,1,0,0,0,0
-0.360460500105085,-0.8043033970404823,2.634145328445595,1,0,0,0,1,1,0,0,0,1
1.1739500308646442,0.5440121998321898,0.2121533166836726,1,0,0,1,0,1,0,0,1,0
-0.28181976612225346,-0.8043033970404823,0.2121533166836726,1,0,1,0,0,0,0,1,0,0
-0.3351433505278331,1.892327796704862,0.2121533166836726,1,0,0,1,0,0,0,0,0,1
17.60247913093429,0.09457366754129916,0.2121533166836726,0,1,1,0,0,0,1,0,0,0
-0.3515261681969763,-0.35486486474959156,2.634145328445595,1,0,1,0,0,0,0,0,0,1
-0.21663187673668893,0.5440121998321898,-0.7566434880210966,1,0,0,0,1,0,0,0,1,0
-0.13093578043346332,-0.35486486474959156,-0.030045884492519763,0,0,0,0,1,0,1,0,1,0
-0.3643211327507225,-0.35486486474959156,3.11854373079798,1,0,0,0,0,0,0,0,0,1
0.22321709284857522,-0.35486486474959156,-0.7566434880210966,0,0,0,1,0,0,0,0,1,0
-0.34361556182000513,0.09457366754129916,0.2121533166836726,1,0,0,0,0,1,0,0,0,1
-0.3507527579994712,0.09457366754129916,0.2121533166836726,1,0,0,0,1,0,0,0,0,1
-0.33878896872022224,0.5440121998321898,0.2121533166836726,1,0,0,0,1,0,1,0,0,1
-0.29000957037135305,0.09457366754129916,-0.7566434880210966,1,0,1,0,0,0,0,0,0,1
-0.3640611899042581,-0.35486486474959156,-0.7566434880210966,0,1,1,0,0,1,0,0,1,0
0.09826802214375792,0.5440121998321898,-0.7566434880210966,0,0,1,0,0,1,0,0,0,1
-0.30624797534801607,3.6900819258684248,-0.7566434880210966,1,0,0,0,1,1,0,0,0,1
-0.28595317829813127,3.6900819258684248,0.2121533166836726,1,0,0,0,1,1,0,0,0,1
-0.31356488510034647,-0.35486486474959156,-0.7566434880210966,1,0,1,0,0,0,0,0,0,1
-0.28025369070157924,-1.253741929331373,0.2121533166836726,0,1,0,0,0,0,0,0,0,1
-0.2982892314068848,1.4428892644139713,-0.7566434880210966,0,0,0,0,1,0,0,0,0,1
-0.054905707013579476,0.5440121998321898,0.2121533166836726,1,0,1,0,0,0,0,0,0,0
-0.32723595332180583,0.5440121998321898,0.2121533166836726,1,0,0,0,0,0,0,0,0,1
-0.20207828650562829,2.7912048612866434,0.2121533166836726,0,1,0,0,1,0,0,0,0,1
-0.2678662908577216,-1.253741929331373,0.2121533166836726,1,0,0,1,0,1,0,0,0,1
0.10391616300520591,0.5440121998321898,3.11854373079798,1,0,0,0,0,0,0,0,1,0
0.6401525818936467,1.4428892644139713,-0.7566434880210966,1,0,0,1,0,1,0,0,0,1
-0.35167699923134454,-0.8043033970404823,0.2121533166836726,1,0,0,1,0,0,0,1,0,0
-0.2405016902181948,-0.35486486474959156,1.1809501213884417,0,0,0,1,0,1,0,0,1,0
-0.3655486406368042,-1.253741929331373,2.634145328445595,1,0,1,0,0,0,1,0,0,1
-0.3545395797133966,-0.35486486474959156,0.2121533166836726,1,0,0,1,0,0,0,0,1,0
-0.3331568737134943,-1.253741929331373,-0.7566434880210966,0,0,0,0,1,1,0,0,0,0
-0.33270438061038965,-0.35486486474959156,0.2121533166836726,0,0,1,0,0,0,0,0,0,0
-0.3453677691554316,-0.8043033970404823,-0.7566434880210966,1,0,0,0,1,0,0,0,0,1
-0.1204947427671445,-0.35486486474959156,1.1809501213884417,0,0,1,0,0,0,1,0,0,0
-0.31750574701958406,-0.8043033970404823,0.2121533166836726,0,1,1,0,0,0,0,0,1,0
-0.24707086314057214,-0.8043033970404823,-0.7566434880210966,1,0,0,1,0,0,0,0,0,0
-0.3220370963925185,-0.35486486474959156,-0.7566434880210966,0,1,0,0,0,1,0,0,1,0
0.40349227062803095,0.09457366754129916,-0.7566434880210966,1,0,0,1,0,0,1,0,0,1
-0.3533457681222269,0.9934507321230805,0.2121533166836726,1,0,1,0,0,0,1,0,0,1
-0.13824787642937772,-0.35486486474959156,-0.7566434880210966,1,0,1,0,0,0,0,0,0,0
-0.2405113177310268,0.09457366754129916,0.2121533166836726,0,1,0,0,1,1,0,0,0,0
-0.3207855197243567,0.09457366754129916,2.634145328445595,1,0,1,0,0,1,0,0,0,1
-0.36181797941439897,1.4428892644139713,2.634145328445595,1,0,0,0,1,0,0,0,0,1
-0.31828236638803314,2.7912048612866434,-0.7566434880210966,1,0,0,0,1,1,0,0,1,0
-0.35195940627441696,-0.35486486474959156,0.2121533166836726,1,0,1,0,0,0,0,0,1,0
-0.04807017290284975,0.5440121998321898,-0.7566434880210966,0,0,0,0,1,0,1,0,0,0
0.1481577936392527,4.139520458159316,0.2121533166836726,1,0,0,0,0,0,0,0,0,1
-0.14934518955374548,-1.253741929331373,0.2121533166836726,0,0,1,0,0,0,0,1,0,0
-0.3419467929291227,0.9934507321230805,0.2121533166836726,1,0,1,0,0,0,0,0,0,1
0.12535342491115634,-0.8043033970404823,-0.7566434880210966,0,1,1,0,0,0,0,0,0,0
-0.268845087995643,-0.35486486474959156,-0.7566434880210966,0,1,0,0,1,1,0,0,0,1
-0.023603453625759045,-0.8043033970404823,1.1809501213884417,0,0,1,0,0,0,1,0,1,0
-0.3536634760456834,-0.35486486474959156,-0.7566434880210966,1,0,0,1,0,1,0,1,0,0
-0.35329442138712286,-1.253741929331373,-0.7566434880210966,1,0,0,0,1,0,0,0,0,1
-0.09412177594931512,0.5440121998321898,0.2121533166836726,1,0,0,0,1,0,0,0,0,1
-0.14193842301498294,0.5440121998321898,-0.7566434880210966,1,0,0,0,1,1,0,0,0,0
-0.23737916688967833,0.09457366754129916,-0.7566434880210966,1,0,1,0,0,0,0,0,0,0
0.7653904779834245,1.4428892644139713,-0.7566434880210966,1,0,0,0,0,0,1,0,1,0
-0.17634073553471177,0.5440121998321898,0.2121533166836726,0,1,0,0,0,0,1,0,1,0
0.19334292053083674,0.09457366754129916,1.1809501213884417,0,0,1,0,0,0,0,0,0,1
-0.21517170395716687,0.9934507321230805,0.2121533166836726,0,1,0,0,1,1,0,0,0,1
-0.3093769170184205,-0.35486486474959156,-0.7566434880210966,0,0,0,0,1,0,0,0,0,1
0.645207026130454,0.09457366754129916,-0.7566434880210966,0,1,1,0,0,1,0,0,0,1
-0.14813212293691175,-0.8043033970404823,-0.7566434880210966,0,0,0,0,1,1,0,0,0,1
0.22312081772025508,2.3417663289957527,-0.7566434880210966,1,0,0,0,1,0,0,0,0,1
-0.3302654106929461,-0.8043033970404823,0.2121533166836726,0,1,0,0,0,0,0,0,0,1
-0.27739752856141514,1.4428892644139713,-0.7566434880210966,1,0,0,0,0,0,0,0,0,1
-0.3652806748629798,-1.253741929331373,-0.7566434880210966,1,0,0,0,1,0,0,0,1,0
-0.2672372933526967,-0.35486486474959156,0.2121533166836726,1,0,0,0,0,0,0,0,0,0
0.045059967892162385,-0.35486486474959156,-0.7566434880210966,0,0,0,0,0,0,1,0,0,1
-0.2798044067694186,-1.253741929331373,-0.7566434880210966,1,0,0,0,1,1,0,0,0,1
-0.038818133071284636,-0.8043033970404823,-0.030045884492519763,0,0,0,0,1,0,0,0,0,1
0.686878110838353,1.4428892644139713,-0.7566434880210966,0,1,0,0,0,0,1,0,0,1
-0.31129279207199123,2.3417663289957527,0.2121533166836726,1,0,0,0,0,0,0,0,1,0
-0.2960428117460816,1.4428892644139713,-0.7566434880210966,1,0,1,0,0,1,0,0,0,0
-0.2147994401276623,-1.253741929331373,0.2121533166836726,0,1,0,0,0,0,0,0,0,1
-0.0393527809505558,-0.8043033970404823,0.7934313995065341,0,0,0,0,0,1,0,0,0,1
2.155969176413814,1.4428892644139713,0.2121533166836726,0,0,1,0,0,1,0,0,1,0
-0.36268445556928014,-0.35486486474959156,3.11854373079798,1,0,0,0,0,0,0,0,0,1
-0.10408625173044922,-1.253741929331373,-0.7566434880210966,0,1,0,0,0,0,1,0,0,1
-0.134936012015165,-0.8043033970404823,-0.272245085668712,0,0,1,0,0,0,0,0,0,1
-0.34738954685015444,-0.8043033970404823,-0.7566434880210966,1,0,0,1,0,0,0,0,1,0
-0.3438722954955255,-0.35486486474959156,0.2121533166836726,1,0,1,0,0,0,1,0,1,0
-0.029861336966567936,0.9934507321230805,0.2121533166836726,1,0,0,1,0,0,1,0,0,1
-0.36323001462976096,-0.8043033970404823,0.2121533166836726,1,0,1,0,0,0,1,0,0,1
-0.34350645000790897,-0.8043033970404823,-0.7566434880210966,1,0,0,0,1,0,0,0,0,1
-0.14861349857851242,0.5440121998321898,0.2121533166836726,1,0,0,0,1,1,0,0,0,0
-0.36168961257663873,-0.8043033970404823,0.2121533166836726,1,0,0,0,0,0,0,1,0,0
0.4253948623208621,-0.35486486474959156,-0.7566434880210966,0,1,0,1,0,1,0,0,1,0
-0.35645545476696733,-1.253741929331373,-0.7566434880210966,1,0,0,0,0,1,0,0,0,1
-0.35450106966206857,-0.8043033970404823,0.2121533166836726,1,0,0,0,1,1,0,0,0,1
-0.3130353718945857,-0.35486486474959156,-0.7566434880210966,0,1,1,0,0,1,0,0,0,0
-0.3432818080418287,0.5440121998321898,0.2121533166836726,1,0,0,0,1,1,0,0,0,1
0.16132823119344733,-0.8043033970404823,-0.7566434880210966,1,0,0,0,1,0,0,0,1,0
-0.3327557273454937,-1.253741929331373,-0.7566434880210966,1,0,0,0,0,1,0,0,0,0
-0.2745895039854112,1.4428892644139713,-0.7566434880210966,1,0,1,0,0,0,1,0,0,1
-0.34806347274839544,-0.8043033970404823,-0.7566434880210966,1,0,0,0,0,0,0,0,0,1
-0.2791946642900577,1.4428892644139713,-0.7566434880210966,1,0,0,0,1,0,0,0,0,1
-0.275170363926276,3.6900819258684248,0.2121533166836726,1,0,0,0,0,0,0,0,0,1
-0.33204970973781267,-0.35486486474959156,-0.7566434880210966,1,0,0,0,1,0,1,1,0,0
-0.3265684457654529,0.09457366754129916,0.2121533166836726,1,0,1,0,0,0,0,0,0,1
-0.25235315851440365,-0.8043033970404823,2.634145328445595,1,0,0,0,1,1,0,0,0,1
-0.33925108933615894,1.892327796704862,0.2121533166836726,1,0,0,1,0,1,0,0,0,1
0.5552988929632223,2.3417663289957527,0.2121533166836726,0,1,0,0,1,0,1,0,1,0
-0.3463947038575131,-1.253741929331373,-0.7566434880210966,1,0,0,0,1,1,0,0,0,1
-0.35626290451032705,-0.35486486474959156,-0.7566434880210966,1,0,0,0,1,0,0,1,0,0
-0.2761619977479734,0.5440121998321898,-0.7566434880210966,1,0,1,0,0,0,0,0,0,0
-0.3284554382805276,0.5440121998321898,2.1497469260932105,0,0,0,0,0,0,0,1,0,0
-0.32566345955924364,0.5440121998321898,-0.7566434880210966,1,0,1,0,0,1,0,0,0,1
-0.30084373147831245,-0.8043033970404823,0.2121533166836726,0,0,1,0,0,1,0,0,0,1
-0.34824318632125967,-0.8043033970404823,2.634145328445595,1,0,1,0,0,1,0,0,0,1
-0.3401368205167042,-0.35486486474959156,0.2121533166836726,0,1,0,1,0,0,0,0,1,0
-0.1050522121845946,-0.8043033970404823,1.1809501213884417,0,1,1,0,0,1,0,1,0,0
0.05211372562708442,1.892327796704862,0.2121533166836726,1,0,0,0,0,0,0,0,0,1
-0.3433588281444847,-1.253741929331373,0.2121533166836726,1,0,0,0,0,0,0,0,0,1
22.09530561585689,0.09457366754129916,-0.7566434880210966,0,1,0,0,1,0,0,0,0,0
-0.35605430839896673,-0.8043033970404823,-0.7566434880210966,1,0,1,0,0,0,0,0,1,0
0.11340375598406098,-0.8043033970404823,0.7934313995065341,0,0,0,0,0,0,1,0,0,1
-0.36073969797721345,0.09457366754129916,-0.7566434880210966,1,0,0,0,0,1,0,0,1,0
-0.08390377566360459,-0.8043033970404823,0.2121533166836726,0,0,0,0,1,0,0,1,0,0
-0.10440395965390568,-1.253741929331373,0.2121533166836726,0,1,0,0,1,0,0,1,0,0
-0.3600465170533084,-0.35486486474959156,0.2121533166836726,1,0,1,0,0,1,0,0,0,1
-0.30823766133329894,-1.253741929331373,-0.7566434880210966,1,0,0,0,0,1,0,1,0,0
-0.36420560259673834,0.5440121998321898,3.11854373079798,1,0,0,0,0,0,0,0,0,1
-0.3025895204718509,0.9934507321230805,-0.7566434880210966,1,0,1,0,0,0,1,1,0,0
0.4715972964016956,-0.35486486474959156,1.1809501213884417,0,0,0,1,0,1,0,0,0,0
-0.3423190567586272,0.5440121998321898,0.2121533166836726,1,0,0,0,1,0,0,0,0,1
-0.163818550511206,0.9934507321230805,2.634145328445595,0,0,0,0,1,0,0,0,1,0
0.405648833502402,1.892327796704862,-0.030045884492519763,0,0,0,0,1,1,0,0,0,0
-0.3049001235515342,1.892327796704862,-0.7566434880210966,1,0,0,0,1,0,0,0,0,1
-0.350598717794159,-0.8043033970404823,-0.7566434880210966,1,0,0,1,0,1,0,0,0,1
-0.32675457768020516,-0.35486486474959156,-0.7566434880210966,1,0,0,0,0,0,0,0,0,1
-0.13324156975673063,-0.35486486474959156,-0.7566434880210966,1,0,0,0,1,0,1,0,1,0
-0.1378050108391051,-0.35486486474959156,0.2121533166836726,0,1,0,0,1,0,0,0,0,1
-0.3518823861717608,-0.8043033970404823,-0.7566434880210966,1,0,0,0,0,0,0,0,0,1
0.5963891177302566,1.892327796704862,0.2121533166836726,0,1,0,0,1,0,0,0,0,1
-0.017153020028309877,-0.8043033970404823,0.2121533166836726,0,1,0,0,1,0,1,0,0,1
0.6789594815340219,1.4428892644139713,2.634145328445595,0,1,1,0,0,1,0,0,0,0
-0.3561570018691749,-0.35486486474959156,0.2121533166836726,1,0,0,0,0,0,0,0,0,0
-0.33083022477909096,-0.8043033970404823,0.2121533166836726,1,0,0,0,0,0,1,0,0,1
-0.3148645993326683,-0.35486486474959156,-0.7566434880210966,1,0,0,0,1,0,0,0,1,0
0.03741572270354352,-0.35486486474959156,0.2121533166836726,0,0,0,0,1,0,0,0,0,1
-0.36117614522559804,-0.8043033970404823,0.2121533166836726,1,0,0,1,0,1,0,0,0,1
-0.23542799095572362,0.09457366754129916,0.2121533166836726,0,0,0,0,1,0,1,1,0,0
-0.3154101583931491,-1.253741929331373,-0.7566434880210966,1,0,0,0,1,0,0,0,0,0
-0.28564509788750686,1.892327796704862,-0.7566434880210966,1,0,0,0,0,1,0,0,0,0
1.421746165305956,2.3417663289957527,-0.7566434880210966,0,1,0,0,1,0,0,0,0,1
0.7517386647876291,-0.35486486474959156,0.2121533166836726,0,0,0,1,0,0,0,0,0,1
-0.3048198942779341,-1.253741929331373,-0.7566434880210966,0,1,0,0,0,1,0,0,1,0
-0.14440948464186643,1.4428892644139713,-0.7566434880210966,0,0,1,0,0,1,0,0,1,0
-0.3094443096082446,0.9934507321230805,0.2121533166836726,1,0,1,0,0,0,1,0,0,0
0.3498028407348348,1.4428892644139713,-0.7566434880210966,1,0,1,0,0,0,0,0,0,1
-0.3458234714294802,0.09457366754129916,0.2121533166836726,1,0,0,1,0,0,0,0,1,0
-0.253328746481381,-0.8043033970404823,-0.7566434880210966,0,1,0,1,0,0,0,1,0,0
1.2383003266338235,-0.8043033970404823,0.2121533166836726,0,1,0,0,0,0,1,0,1,0
0.2537363085260585,-1.253741929331373,-0.7566434880210966,1,0,1,0,0,1,0,0,0,1
-0.184267387766403,2.3417663289957527,-0.7566434880210966,1,0,1,0,0,0,0,0,0,0
-0.3635637684079374,-1.253741929331373,-0.7566434880210966,1,0,1,0,0,0,1,0,0,1
-0.35990531353177224,-0.8043033970404823,-0.7566434880210966,1,0,0,0,1,0,1,0,0,1
-0.18372182870592224,1.4428892644139713,-0.7566434880210966,1,0,0,1,0,1,0,0,0,1
-0.3431662778878445,-1.253741929331373,0.2121533166836726,0,1,0,0,1,1,0,0,0,0
-0.34587963192100035,1.4428892644139713,2.634145328445595,1,0,0,0,1,1,0,0,0,1
-0.2326937773114317,-0.35486486474959156,-0.7566434880210966,1,0,0,0,1,0,0,0,1,0
0.3614200395521313,-0.8043033970404823,-0.7566434880210966,0,0,0,1,0,0,1,0,0,0
1.0630250371851269,0.5440121998321898,-0.7566434880210966,1,0,0,0,1,0,0,0,0,1
-0.3553868008426138,-0.35486486474959156,0.2121533166836726,1,0,0,0,1,0,0,0,0,1
-0.3602390673099487,-0.35486486474959156,0.2121533166836726,0,0,1,0,0,0,0,0,0,0
0.7575280091706134,-0.8043033970404823,-0.7566434880210966,0,0,0,1,0,0,0,0,0,0
-0.3173837985237119,2.7912048612866434,3.11854373079798,1,0,0,0,0,0,0,0,0,1
-0.3034559966267321,-0.35486486474959156,-0.7566434880210966,1,0,1,0,0,1,0,0,0,1
-0.3010491184187287,2.7912048612866434,0.2121533166836726,1,0,0,1,0,1,0,0,0,1
-0.3353615741520254,1.892327796704862,2.634145328445595,1,0,1,0,0,1,0,0,0,1
-0.3669542575102782,-1.253741929331373,2.634145328445595,1,0,0,1,0,1,0,0,0,1
0.23765836209659572,-0.35486486474959156,-0.7566434880210966,0,1,0,0,0,0,1,0,1,0
-0.3510351650425437,1.4428892644139713,2.634145328445595,1,0,1,0,0,0,0,0,0,1
-0.35167699923134454,-0.8043033970404823,0.2121533166836726,1,0,0,0,0,1,0,0,0,0
-0.3018835028641699,0.5440121998321898,0.2121533166836726,1,0,0,0,1,0,1,0,0,1
0.03930271521861822,-0.35486486474959156,0.2121533166836726,0,0,1,0,0,1,0,0,0,1
-0.24131040129608394,-0.35486486474959156,-0.7566434880210966,1,0,0,0,1,1,0,1,0,0
-0.1603590642335691,0.09457366754129916,-0.7566434880210966,0,0,0,1,0,1,0,0,0,1
-0.35881419541081067,-0.8043033970404823,-0.7566434880210966,1,0,1,0,0,0,1,0,0,1
-0.3518438761204328,1.4428892644139713,0.2121533166836726,1,0,1,0,0,0,0,0,0,1
-0.30390528055889277,1.4428892644139713,-0.7566434880210966,1,0,0,0,1,0,0,0,0,1
1.3562437771678788,4.588958990450206,0.2121533166836726,0,1,0,0,1,1,0,0,0,1
0.4879255581647909,-0.35486486474959156,-0.7566434880210966,1,0,1,0,0,0,0,0,0,1
3.1252928417085006,1.892327796704862,3.11854373079798,1,0,0,0,0,0,0,0,0,1
-0.3298835193506096,-0.35486486474959156,-0.7566434880210966,0,0,0,0,1,0,0,1,0,0
0.02048413680297551,1.892327796704862,0.2121533166836726,0,1,0,0,1,0,0,0,0,1
0.46870262421020353,0.09457366754129916,1.665348523740826,0,0,1,0,0,1,0,0,1,0
-0.3530376877116025,-0.35486486474959156,-0.7566434880210966,1,0,0,0,1,0,0,0,0,0
1.8133452497481113,0.5440121998321898,0.2121533166836726,0,1,0,1,0,1,0,0,0,0
-0.2750933438236199,-0.8043033970404823,0.2121533166836726,0,1,1,0,0,0,0,0,0,1
-0.29054871108994584,0.09457366754129916,3.11854373079798,1,0,0,0,0,1,0,0,0,1
-0.264592936494837,0.5440121998321898,0.2121533166836726,1,0,1,0,0,1,0,1,0,0
-0.349860608477038,-0.35486486474959156,-0.7566434880210966,0,0,1,0,0,1,0,1,0,0
-0.33850014333526185,0.9934507321230805,-0.7566434880210966,1,0,1,0,0,1,0,0,0,1
-0.3376079938128286,0.09457366754129916,0.2121533166836726,1,0,0,1,0,0,0,0,1,0
-0.3600272620276444,0.09457366754129916,2.634145328445595,1,0,1,0,0,0,0,0,0,1
-0.16703413979709855,-0.35486486474959156,0.2121533166836726,1,0,1,0,0,0,1,0,0,1
-0.35894256224857085,-0.8043033970404823,-0.7566434880210966,0,0,1,0,0,0,0,0,0,0
0.5292757257782895,-0.35486486474959156,1.1809501213884417,0,1,0,0,0,1,0,0,0,1
-0.26359167516030757,-0.8043033970404823,0.2121533166836726,1,0,1,0,0,1,0,0,0,1
-0.22312884331282618,-1.253741929331373,-0.272245085668712,0,0,1,0,0,0,1,0,1,0
-0.32595228494420403,0.5440121998321898,0.2121533166836726,1,0,0,0,0,0,0,0,1,0
-0.3453613508135436,-0.8043033970404823,0.2121533166836726,1,0,0,0,1,0,0,0,1,0
0.06769745973117051,1.4428892644139713,0.2121533166836726,1,0,0,1,0,0,0,0,0,1
0.026114306307137108,-0.8043033970404823,0.7934313995065341,0,0,0,0,0,1,0,0,1,0
-0.3581210144869057,-1.253741929331373,0.2121533166836726,1,0,0,0,0,0,0,0,1,0
-0.35034198411863865,0.09457366754129916,-0.7566434880210966,1,0,0,0,1,0,0,0,1,0
-0.2775098495444553,-0.35486486474959156,-0.7566434880210966,1,0,1,0,0,1,0,0,0,1
-0.36090336569535764,-0.8043033970404823,2.634145328445595,1,0,0,0,1,0,1,0,0,1
-0.35274886232664204,-0.35486486474959156,-0.7566434880210966,0,0,1,0,0,1,0,0,0,1
-0.31911675083347435,-1.253741929331373,-0.7566434880210966,1,0,1,0,0,0,0,0,0,0
-0.2962738720540499,-0.35486486474959156,0.2121533166836726,1,0,0,1,0,0,0,0,0,1
-0.1326575006449218,-0.8043033970404823,0.2121533166836726,1,0,0,1,0,0,0,0,1,0
-0.2600359137543505,0.09457366754129916,-0.7566434880210966,0,1,0,1,0,0,0,0,0,1
-0.3413563054754259,0.09457366754129916,-0.7566434880210966,1,0,0,0,1,0,0,0,0,0
-0.17634073553471177,0.5440121998321898,0.2121533166836726,0,1,1,0,0,0,0,0,1,0
-0.13525051076767744,-0.8043033970404823,0.2121533166836726,0,0,0,0,1,0,0,0,1,0
-0.268845087995643,-0.35486486474959156,-0.7566434880210966,0,1,0,0,1,0,0,0,0,0
-0.25124278536777805,0.09457366754129916,-0.7566434880210966,1,0,0,0,1,0,0,0,0,1
0.36055356339725003,0.5440121998321898,0.2121533166836726,1,0,0,0,0,0,0,0,0,1
0.08039293998565249,0.5440121998321898,0.2121533166836726,0,1,0,0,1,0,1,0,0,0
0.5822751839185246,0.9934507321230805,-0.7566434880210966,1,0,1,0,0,0,1,0,1,0
0.2601386045593476,-0.8043033970404823,-0.7566434880210966,0,1,1,0,0,1,0,1,0,0
1.197120245080357,0.5440121998321898,0.2121533166836726,0,0,0,0,1,0,0,0,0,1
-0.13427492280070008,1.892327796704862,0.2121533166836726,1,0,0,0,0,0,0,0,0,1
-0.34703011970442593,-1.253741929331373,0.2121533166836726,1,0,0,1,0,1,0,0,0,1
-0.36298611763801664,-0.8043033970404823,-0.7566434880210966,1,0,0,0,1,1,0,0,0,1
0.112452557716258,0.9934507321230805,-0.7566434880210966,0,1,0,0,1,0,0,0,0,0
-0.3593918461807315,-1.253741929331373,0.2121533166836726,1,0,1,0,0,0,1,0,1,0
-0.35599654332197467,-1.253741929331373,2.1497469260932105,0,0,0,0,0,0,1,0,0,1
-0.2950800604628802,-0.8043033970404823,-0.7566434880210966,1,0,1,0,0,0,0,0,0,1
0.18461076639220045,-0.35486486474959156,-0.7566434880210966,1,0,0,0,1,0,0,0,0,1
-0.20158086500930758,1.4428892644139713,-0.7566434880210966,0,0,0,0,1,0,0,0,0,1
-0.17313156459070722,-0.8043033970404823,-0.7566434880210966,1,0,0,1,0,0,0,0,0,1
0.41990718000661426,0.5440121998321898,-0.7566434880210966,1,0,0,0,0,1,0,0,1,0
-0.34781957575665107,0.09457366754129916,2.634145328445595,1,0,0,1,0,0,0,0,0,1
-0.3551172304833174,-0.8043033970404823,2.1497469260932105,0,0,0,0,0,0,1,0,0,0
-0.3623571201329917,-0.8043033970404823,0.2121533166836726,1,0,0,1,0,0,0,1,0,0
-0.3307018579413308,-0.35486486474959156,0.2121533166836726,1,0,0,0,0,1,0,0,1,0
-0.3048359401326541,-0.8043033970404823,-0.7566434880210966,0,0,0,0,1,1,0,0,0,1
-0.31067663125074235,-1.253741929331373,-0.7566434880210966,0,1,0,0,1,0,0,0,0,1
-0.20068229714498628,1.4428892644139713,-0.7566434880210966,1,0,0,0,1,0,0,0,0,1
-0.3267064401160451,1.4428892644139713,-0.7566434880210966,1,0,0,0,1,0,0,0,1,0
0.5437458775648059,-0.35486486474959156,0.2121533166836726,0,0,0,0,1,0,0,0,0,1
-0.21275840740727542,0.09457366754129916,3.11854373079798,1,0,0,0,0,0,0,0,1,0
0.015054219565719826,-1.253741929331373,0.2121533166836726,0,0,0,1,0,0,0,1,0,0
-0.1634655417073655,-0.8043033970404823,0.2121533166836726,0,1,0,0,0,0,0,0,0,1
-0.31914884254291437,0.9934507321230805,0.2121533166836726,1,0,1,0,0,0,1,0,1,0
-0.34081716475683316,-0.8043033970404823,0.2121533166836726,1,0,0,0,1,0,0,0,1,0
-0.11215731665462068,0.09457366754129916,-0.7566434880210966,0,1,0,0,1,1,0,0,0,1
-0.3492893760490052,-1.253741929331373,0.2121533166836726,1,0,0,0,1,0,0,0,0,1
2.14376149014282,0.9934507321230805,-0.7566434880210966,0,0,0,0,0,1,0,0,0,1
-0.33290655837986194,1.4428892644139713,3.11854373079798,1,0,0,0,0,1,0,0,0,1
-0.2655171777267103,-1.253741929331373,0.2121533166836726,1,0,0,1,0,1,0,0,0,1
-0.33301246102101406,0.09457366754129916,-0.7566434880210966,1,0,0,1,0,0,0,0,0,0
-0.35842909489753016,-1.253741929331373,-0.7566434880210966,1,0,0,0,1,1,0,0,0,1
-0.12454471649847826,0.5440121998321898,0.2121533166836726,1,0,0,1,0,0,0,0,0,0
-0.2959786283272015,0.09457366754129916,-0.7566434880210966,1,0,1,0,0,0,0,0,0,1
-0.09935272458804252,-0.35486486474959156,-0.7566434880210966,1,0,0,0,0,0,1,0,0,0
-0.057617456461263324,-0.35486486474959156,-0.7566434880210966,1,0,0,1,0,1,0,0,0,1
0.28703787541199377,1.4428892644139713,0.2121533166836726,0,1,0,0,0,0,1,0,0,1
0.12878723782124119,-0.8043033970404823,-0.7566434880210966,1,0,0,0,1,0,1,0,0,1
-0.28456681645032134,0.9934507321230805,0.2121533166836726,1,0,1,0,0,0,0,0,0,1
-0.36317866789465686,-0.8043033970404823,-0.7566434880210966,1,0,0,0,1,0,1,0,1,0
-0.35170588176984063,-1.253741929331373,-0.7566434880210966,1,0,0,1,0,0,0,0,0,1
0.1358955514622113,-0.35486486474959156,-0.7566434880210966,1,0,0,0,1,0,0,0,0,1
-0.31488064518738834,0.5440121998321898,3.11854373079798,1,0,0,0,0,1,0,0,0,0
-0.3474152202177065,0.9934507321230805,0.2121533166836726,1,0,0,0,1,0,0,0,1,0
-0.02289101767619001,-0.35486486474959156,0.2121533166836726,1,0,0,0,1,0,1,0,0,0
-0.3325503404050774,-0.35486486474959156,2.1497469260932105,0,0,0,0,0,0,1,0,0,1
1.314704268468684,0.5440121998321898,-0.7566434880210966,0,0,1,0,0,0,1,0,0,1
-0.3451591730440713,0.5440121998321898,-0.7566434880210966,1,0,0,0,1,1,0,0,1,0
-0.32007308377478766,-1.253741929331373,0.2121533166836726,1,0,0,0,0,0,1,0,1,0
0.3497707490253947,1.892327796704862,-0.7566434880210966,1,0,1,0,0,0,1,0,0,1
-0.26741700692556103,0.5440121998321898,-0.7566434880210966,0,0,0,0,1,1,0,1,0,0
-0.3100508429166615,-0.35486486474959156,-0.7566434880210966,1,0,1,0,0,0,0,0,1,0
-0.1634655417073655,-0.8043033970404823,0.2121533166836726,0,1,0,0,0,0,0,0,0,1
-0.2694066929108438,-0.8043033970404823,-0.7566434880210966,1,0,0,0,1,0,0,0,1,0
-0.2778468124935758,2.3417663289957527,-0.7566434880210966,1,0,0,0,1,0,0,0,1,0
2.640184934299941,1.4428892644139713,1.1809501213884417,0,0,0,1,0,1,0,0,0,1
-0.3219729129736384,0.5440121998321898,-0.7566434880210966,1,0,0,0,0,0,0,0,0,1
-0.3561955119205029,-0.35486486474959156,0.2121533166836726,1,0,1,0,0,0,0,0,0,1
-0.19967140829762486,-0.8043033970404823,-0.7566434880210966,1,0,0,1,0,0,0,0,0,1
-0.27258377214540835,-0.8043033970404823,-0.7566434880210966,0,1,0,0,0,0,0,0,0,1
-0.21680838113860917,-0.35486486474959156,-0.7566434880210966,1,0,0,1,0,1,0,0,1,0
-0.23968976996936162,-1.253741929331373,-0.7566434880210966,1,0,0,1,0,0,0,0,0,1
-0.09606332437043784,-1.253741929331373,-0.7566434880210966,1,0,0,0,0,0,1,0,0,1
-0.11543067101750536,0.5440121998321898,0.2121533166836726,1,0,0,0,1,0,1,0,0,0
0.2724810760099891,1.4428892644139713,0.2121533166836726,0,0,0,0,1,1,0,1,0,0
-0.05068243805126948,1.892327796704862,0.2121533166836726,1,0,1,0,0,0,1,0,0,0
0.6227588753771421,-0.35486486474959156,-0.7566434880210966,0,1,1,0,0,0,0,0,0,0
-0.16041041096867314,0.9934507321230805,0.2121533166836726,0,0,0,1,0,0,0,1,0,0
-0.3401047288072641,-0.8043033970404823,-0.7566434880210966,0,1,0,0,1,1,0,0,0,1
-0.35437591199525237,-0.8043033970404823,2.634145328445595,1,0,1,0,0,0,0,0,0,1
2.4232481876561764,2.3417663289957527,0.6965517190360571,0,0,0,0,0,0,0,0,0,1
-0.3015946774792095,-0.8043033970404823,-0.7566434880210966,0,1,0,0,0,0,0,0,0,1
-0.26807488696908194,-0.35486486474959156,3.11854373079798,1,0,0,0,0,0,1,0,0,1
-0.27332188146252934,-0.35486486474959156,-0.7566434880210966,1,0,0,0,1,0,0,1,0,0
-0.35596445161253465,-0.35486486474959156,0.2121533166836726,1,0,1,0,0,0,1,0,0,1
-0.25993963862603037,0.9934507321230805,2.634145328445595,1,0,0,0,1,0,0,1,0,0
-0.357658893870969,0.09457366754129916,-0.7566434880210966,0,0,0,0,1,0,0,0,1,0
-0.3271236323387657,-1.253741929331373,-0.7566434880210966,1,0,0,0,0,1,0,0,0,1
-0.23211612654151093,0.9934507321230805,0.2121533166836726,0,1,0,0,0,1,0,0,1,0
-0.3603032507288288,-0.8043033970404823,2.1497469260932105,0,0,0,0,0,0,0,0,1,0
-0.3500852504431183,-0.8043033970404823,-0.7566434880210966,1,0,0,0,0,0,0,0,1,0
-0.2052553657401928,0.9934507321230805,-0.7566434880210966,0,1,0,1,0,0,0,0,0,1
0.2065454497944715,-0.8043033970404823,-0.7566434880210966,0,0,0,1,0,1,0,0,0,1
-0.10894814571061612,-0.8043033970404823,-0.7566434880210966,0,0,0,0,0,0,1,0,0,1
0.12249726277099225,0.5440121998321898,-0.7566434880210966,1,0,0,1,0,0,0,0,0,1
-0.34485430180439086,-0.35486486474959156,-0.7566434880210966,1,0,0,1,0,1,0,0,1,0
-0.25476003672240705,-0.8043033970404823,0.2121533166836726,0,0,0,0,1,0,0,0,1,0
-0.19065363794497206,0.09457366754129916,-0.7566434880210966,1,0,1,0,0,0,1,0,0,1
-0.309713879967541,-0.35486486474959156,-0.7566434880210966,1,0,0,0,0,1,0,0,0,1
-0.10988522362626546,0.9934507321230805,0.2121533166836726,1,0,0,1,0,0,0,0,1,0
-0.3208497031432368,0.5440121998321898,-0.7566434880210966,1,0,0,0,1,0,1,0,0,1
-0.3581210144869057,0.9934507321230805,0.2121533166836726,1,0,0,0,0,1,0,0,0,1
0.2151139362149637,0.5440121998321898,0.2121533166836726,0,0,0,0,1,0,0,1,0,0
-0.07846102174257287,0.5440121998321898,0.2121533166836726,0,1,0,0,0,1,0,0,0,1
-0.3431791145716205,-0.8043033970404823,0.2121533166836726,1,0,0,0,0,0,0,0,0,1
0.09316544034279067,1.892327796704862,-0.7566434880210966,1,0,0,0,0,1,0,0,1,0
-0.25540508008215196,-1.253741929331373,0.6965517190360571,0,0,1,0,0,0,0,1,0,0
-0.21482511349521438,-0.35486486474959156,0.2121533166836726,0,1,0,0,0,0,1,0,0,1
-0.2170330231046895,0.09457366754129916,-0.7566434880210966,1,0,1,0,0,0,0,0,0,1
-0.28699776344040473,-1.253741929331373,2.634145328445595,1,0,1,0,0,0,0,0,0,1
-0.20541582428739302,0.5440121998321898,0.2121533166836726,1,0,0,0,1,0,1,0,0,0
-0.006883673007495298,-0.8043033970404823,0.2121533166836726,0,0,0,0,1,0,0,0,0,1
-0.027627753989540774,0.9934507321230805,-0.7566434880210966,1,0,0,0,1,0,0,0,1,0
-0.3551172304833174,-0.8043033970404823,2.1497469260932105,0,0,0,0,0,0,0,0,0,0
-0.3539876023110278,-0.8043033970404823,0.2121533166836726,1,0,0,0,0,1,0,0,0,0
0.16540387829233313,-0.35486486474959156,-0.7566434880210966,1,0,0,0,1,0,0,0,0,1
-0.18628916546112587,-0.35486486474959156,-0.7566434880210966,1,0,0,0,1,0,0,0,0,1
-0.36550852600000416,-1.253741929331373,3.11854373079798,1,0,0,0,0,0,0,0,0,0
-0.3444499462654463,-0.35486486474959156,0.2121533166836726,1,0,0,0,1,0,0,0,0,0
0.44743223919334135,0.9934507321230805,0.2121533166836726,0,0,0,0,1,1,0,0,0,1
-0.17406864250635654,0.09457366754129916,0.2121533166836726,0,0,0,0,1,0,0,0,0,1
-0.25997173033547044,-1.253741929331373,-0.7566434880210966,1,0,0,0,1,0,1,0,0,1
-0.03983864943147807,1.4428892644139713,-0.7566434880210966,0,1,1,0,0,1,0,0,0,1
0.34104180405770235,1.4428892644139713,0.2121533166836726,0,1,1,0,0,0,0,0,0,1
4.123922656063837,1.4428892644139713,0.2121533166836726,0,1,1,0,0,0,0,0,0,1
-0.3431791145716205,-0.8043033970404823,0.2121533166836726,0,1,0,0,1,1,0,0,1,0
-0.3208497031432368,0.5440121998321898,-0.7566434880210966,1,0,1,0,0,0,0,0,0,1
0.6419818093317294,0.5440121998321898,-0.7566434880210966,0,1,0,1,0,1,0,0,0,1
-0.2595352830870858,-0.35486486474959156,0.2121533166836726,0,1,0,1,0,0,0,0,0,1
0.8706673308014939,-0.35486486474959156,-0.7566434880210966,0,1,0,0,1,0,0,0,0,0
-0.3580439943842496,0.09457366754129916,-0.7566434880210966,1,0,0,0,1,0,1,1,0,0
-0.2500874838279364,0.5440121998321898,-0.7566434880210966,1,0,0,0,1,0,0,0,0,1
-0.2726800472737284,0.09457366754129916,-0.7566434880210966,0,0,0,0,1,0,0,0,0,1
-0.3463947038575131,-0.8043033970404823,-0.7566434880210966,0,1,1,0,0,0,0,0,1,0
-0.3526044496341618,-0.35486486474959156,-0.7566434880210966,0,0,0,0,1,0,0,0,0,1
-0.02227485685494116,-0.35486486474959156,0.2121533166836726,0,0,0,0,1,1,0,0,0,0
-0.2093759412322946,-0.8043033970404823,0.6965517190360571,0,0,1,0,0,0,0,0,0,0
-0.33622163196501864,0.09457366754129916,-0.7566434880210966,0,0,0,0,0,1,0,0,0,1
0.24729550244144133,-0.35486486474959156,0.2121533166836726,0,1,0,1,0,0,0,0,1,0
-0.25329665477194097,-1.253741929331373,0.2121533166836726,0,1,1,0,0,0,1,0,0,1
0.9115425411152798,0.09457366754129916,0.6965517190360571,0,0,0,0,0,1,0,0,0,1
-0.04794180606508959,-0.8043033970404823,-0.7566434880210966,0,1,1,0,0,0,0,0,0,1
-0.3549631902780052,-0.35486486474959156,-0.7566434880210966,1,0,0,0,1,0,0,0,0,0
-0.3432818080418287,0.09457366754129916,-0.7566434880210966,1,0,0,1,0,0,0,0,1,0
-0.24047601685064274,-1.253741929331373,-0.7566434880210966,0,1,1,0,0,0,0,0,0,1
-0.32110643681875717,-1.253741929331373,-0.7566434880210966,1,0,0,0,1,0,0,0,0,0
-0.3271396781934858,-0.8043033970404823,-0.7566434880210966,0,1,1,0,0,0,0,0,0,1
-0.16666508513853803,-1.253741929331373,-0.7566434880210966,0,1,0,0,0,0,0,0,0,0
-0.20621811702339415,-0.35486486474959156,-0.7566434880210966,0,1,0,0,1,0,0,0,0,1
-0.2781356378785362,2.3417663289957527,-0.7566434880210966,0,0,1,0,0,0,1,0,0,1
0.5836037806893425,-0.8043033970404823,0.2121533166836726,1,0,0,0,1,1,0,0,0,1
-0.18382452217613038,-0.35486486474959156,0.2121533166836726,1,0,0,1,0,0,0,0,0,1
-0.366066921744261,-1.253741929331373,3.11854373079798,1,0,0,0,0,0,0,0,1,0
-0.35729946672524054,-0.8043033970404823,0.2121533166836726,1,0,0,0,1,1,0,0,0,0
-0.08404497918514083,-0.35486486474959156,0.2121533166836726,0,1,0,0,1,0,0,0,0,1
-0.3131797845870659,0.9934507321230805,-0.7566434880210966,1,0,0,0,1,0,0,0,0,1
-0.3207052904507566,-1.253741929331373,-0.7566434880210966,0,1,0,1,0,0,0,0,0,1
-0.3493663961516613,0.09457366754129916,3.11854373079798,1,0,0,0,0,0,0,0,0,1
0.7894833288455386,0.9934507321230805,1.423149322564634,0,0,0,1,0,1,0,0,0,1
0.45352164105959,-0.35486486474959156,-0.030045884492519763,0,0,0,0,1,0,0,0,0,1
-0.1331773863378505,1.4428892644139713,-0.7566434880210966,1,0,0,0,0,0,0,0,0,1
0.6419946460155054,1.4428892644139713,1.1809501213884417,0,1,1,0,0,0,0,0,0,0
-0.3198420234668194,1.892327796704862,0.2121533166836726,1,0,0,0,0,0,0,0,0,0
-0.35018152557143845,-0.8043033970404823,-0.7566434880210966,1,0,0,0,1,0,0,0,0,1
-0.35773591397362514,-0.35486486474959156,0.2121533166836726,1,0,1,0,0,1,0,0,0,1
-0.06919935439817573,-1.253741929331373,-0.272245085668712,1,0,0,0,0,0,1,0,0,0
0.6547318454922594,-0.35486486474959156,0.6965517190360571,0,0,0,0,0,0,0,0,0,1
-0.2837998245947042,-1.253741929331373,-0.7566434880210966,0,1,1,0,0,0,1,0,0,0
-0.3451431271893513,0.5440121998321898,2.1497469260932105,0,0,0,0,0,1,0,0,0,1
-0.35083619644401537,-0.8043033970404823,3.11854373079798,1,0,0,0,0,0,0,0,1,0
-0.3486988885953083,-0.8043033970404823,0.2121533166836726,1,0,0,0,1,1,0,0,1,0
-0.2995472264169346,-0.35486486474959156,0.2121533166836726,1,0,0,0,1,0,0,0,0,1
-0.2443912054023283,0.5440121998321898,-0.7566434880210966,1,0,1,0,0,1,0,0,0,1
2.339392550889338,0.09457366754129916,-0.7566434880210966,0,1,0,0,1,0,1,1,0,0
-0.35894256224857085,-0.8043033970404823,-0.7566434880210966,0,0,0,1,0,1,0,0,0,1
16.47927250970364,-0.35486486474959156,-0.7566434880210966,0,1,1,0,0,0,0,0,0,1
0.16550015342065327,-0.35486486474959156,0.2121533166836726,0,0,0,0,1,0,0,0,0,1
-0.3508041047345753,-0.35486486474959156,0.2121533166836726,1,0,0,0,1,1,0,0,0,1
1.6837027665376871,0.5440121998321898,-0.030045884492519763,0,0,0,0,1,0,0,0,0,0
0.27036302318694605,-0.35486486474959156,0.2121533166836726,1,0,1,0,0,0,0,0,0,1
-0.34717453239690615,-1.253741929331373,1.1809501213884417,0,1,1,0,0,0,0,0,0,1
-0.24124300870625986,-0.35486486474959156,0.2121533166836726,0,1,0,0,0,1,0,0,0,1
-0.032197613413803235,-0.8043033970404823,0.2121533166836726,1,0,0,0,1,0,1,0,0,0
-0.34738954685015444,-0.8043033970404823,-0.7566434880210966,1,0,1,0,0,0,1,0,0,0
-0.22171841268293613,0.5440121998321898,0.2121533166836726,1,0,0,0,1,0,0,0,0,1
-0.3549631902780052,-0.35486486474959156,-0.7566434880210966,1,0,0,0,0,0,0,0,0,1
-0.3465230706952732,0.5440121998321898,-0.7566434880210966,1,0,0,0,1,1,0,0,0,1
-0.2234995025568587,-0.35486486474959156,-0.7566434880210966,0,1,0,0,1,0,0,0,1,0
-0.24590272491695445,1.892327796704862,0.2121533166836726,1,0,0,1,0,1,0,0,0,1
1.029408971546679,0.09457366754129916,-0.7566434880210966,0,0,0,0,1,0,0,0,1,0
-0.05308289791738485,-0.35486486474959156,0.2121533166836726,0,1,0,0,1,1,0,0,0,1
2.5512941083219585,4.588958990450206,-0.7566434880210966,0,0,0,1,0,0,0,0,1,0
-0.11955445568055119,4.139520458159316,-0.7566434880210966,0,1,0,1,0,0,1,0,0,1
-0.2694066929108438,-0.8043033970404823,-0.7566434880210966,0,0,0,1,0,0,1,0,1,0
-0.14169452602323862,-0.35486486474959156,0.2121533166836726,1,0,1,0,0,0,0,0,0,1
0.16523058306135688,0.09457366754129916,0.2121533166836726,0,0,1,0,0,1,0,0,1,0
-0.2658124214535587,0.5440121998321898,2.634145328445595,1,0,1,0,0,1,0,0,0,1
-0.35159356078680043,-0.35486486474959156,-0.7566434880210966,1,0,0,0,0,0,1,1,0,0
0.041844378606269834,1.892327796704862,0.2121533166836726,0,1,0,0,1,0,1,0,0,1
-0.360450872592253,-0.8043033970404823,-0.7566434880210966,1,0,0,0,1,1,0,0,0,1
2.647729695189295,0.5440121998321898,0.2121533166836726,0,1,0,0,1,0,0,0,0,1
-0.11571949640246573,3.240643393577534,-0.7566434880210966,0,0,0,0,0,0,0,0,0,1
0.13419148169094486,1.4428892644139713,0.2121533166836726,1,0,0,0,0,0,1,0,1,0
-0.33432822110805593,2.7912048612866434,-0.7566434880210966,1,0,0,0,0,0,0,0,1,0
0.2039139296203878,-0.8043033970404823,-0.7566434880210966,1,0,0,1,0,0,0,0,0,1
-0.27852073839181674,0.9934507321230805,-0.7566434880210966,0,0,0,1,0,1,0,0,0,1
-0.3605214743530211,0.09457366754129916,3.11854373079798,1,0,0,0,0,0,0,0,0,1
-0.34591332821591236,0.09457366754129916,-0.7566434880210966,1,0,0,1,0,0,1,0,0,1
-0.35596445161253465,-0.35486486474959156,0.2121533166836726,1,0,0,1,0,0,1,0,0,1
1.1906377197734679,-0.35486486474959156,0.2121533166836726,0,1,0,0,0,0,0,0,0,1
-0.2636173485278596,-0.8043033970404823,0.2121533166836726,1,0,0,0,1,1,0,0,1,0
-0.28528567074177835,0.09457366754129916,0.2121533166836726,1,0,1,0,0,0,1,0,0,1
1.2415672626548202,0.9934507321230805,-0.7566434880210966,1,0,0,0,1,0,0,0,0,1
-0.35785144412760933,-1.253741929331373,-0.7566434880210966,1,0,1,0,0,1,0,0,0,1
-0.14906278251067304,0.09457366754129916,0.2121533166836726,1,0,0,0,1,0,0,0,0,1
-0.3376336671803806,-0.35486486474959156,-0.7566434880210966,1,0,0,0,1,0,1,0,0,1
0.5914502036474336,-0.35486486474959156,0.6965517190360571,0,0,1,0,0,1,0,0,0,1
0.09794389587841347,-0.35486486474959156,1.1809501213884417,0,1,1,0,0,0,0,0,0,0
-0.32273027731642345,-0.35486486474959156,0.2121533166836726,1,0,0,1,0,0,0,0,0,0
-0.33827550136918155,0.09457366754129916,-0.7566434880210966,1,0,1,0,0,0,0,0,0,1
-0.012095366620558722,1.4428892644139713,0.2121533166836726,1,0,1,0,0,0,1,0,0,1
-0.30848155832504326,-0.35486486474959156,0.2121533166836726,1,0,0,1,0,0,0,0,0,0
0.4088355402497985,-0.35486486474959156,-0.7566434880210966,1,0,0,0,1,0,0,0,0,1
0.0915769007255084,1.4428892644139713,-0.7566434880210966,1,0,0,1,0,0,0,0,0,1
-0.3166071791552628,-0.8043033970404823,0.2121533166836726,1,0,0,0,0,0,0,0,0,1
-0.20965192993347906,0.5440121998321898,-0.7566434880210966,1,0,0,0,1,1,0,0,0,1
1.0687534073201748,0.5440121998321898,0.2121533166836726,1,0,0,0,1,0,0,0,0,0
-0.009579376600459133,1.4428892644139713,0.2121533166836726,1,0,0,0,0,1,0,0,0,1
-0.3323224892680531,0.5440121998321898,-0.7566434880210966,1,0,0,1,0,0,0,0,1,0
-0.3571454265199283,-1.253741929331373,-0.7566434880210966,1,0,0,0,0,0,1,0,1,0
-0.27259981800012834,-0.35486486474959156,-0.7566434880210966,0,1,1,0,0,0,0,0,0,1
-0.3065368007329765,0.9934507321230805,-0.7566434880210966,1,0,0,0,0,1,0,0,0,1
0.2832253803305163,0.09457366754129916,0.2121533166836726,0,1,0,0,1,0,0,0,0,1
-0.036116011136432806,0.5440121998321898,-0.7566434880210966,0,0,0,0,1,1,0,0,0,0
-0.31064453954130233,1.4428892644139713,-0.7566434880210966,1,0,0,1,0,0,0,0,0,1
0.11726631413226483,-0.35486486474959156,-0.7566434880210966,0,0,0,1,0,1,0,0,0,0
-0.3432818080418287,0.09457366754129916,-0.7566434880210966,1,0,0,1,0,0,0,0,0,0
-0.3490101781768768,0.5440121998321898,-0.7566434880210966,1,0,0,0,1,0,1,0,0,1
-0.34822393129559565,-0.35486486474959156,-0.7566434880210966,1,0,0,0,1,0,0,0,0,1
-0.35842909489753016,-1.253741929331373,-0.7566434880210966,1,0,0,0,1,0,0,0,0,1
0.3518727559937177,0.5440121998321898,-0.7566434880210966,1,0,1,0,0,0,0,0,0,1
0.6015494646082159,0.9934507321230805,0.2121533166836726,0,1,0,0,1,0,0,0,1,0
-0.3486090318088762,-0.8043033970404823,-0.7566434880210966,1,0,0,0,1,0,1,0,0,1
-0.3376336671803806,-0.35486486474959156,-0.7566434880210966,1,0,0,0,1,0,0,0,0,1
-0.35604147171519074,-0.8043033970404823,0.2121533166836726,1,0,0,1,0,0,1,1,0,0
-0.35881419541081067,-0.35486486474959156,-0.7566434880210966,1,0,0,0,1,0,1,0,1,0
-0.33134369213013165,0.09457366754129916,-0.7566434880210966,1,0,0,0,1,0,1,0,0,1
-0.3604829643016931,-0.8043033970404823,0.2121533166836726,1,0,0,1,0,0,0,0,0,1
-0.36663654958682174,-1.253741929331373,2.634145328445595,1,0,0,1,0,0,0,0,0,1
-0.26927832607308366,0.5440121998321898,0.2121533166836726,1,0,1,0,0,0,0,0,0,1
-0.3486090318088762,0.09457366754129916,-0.7566434880210966,1,0,1,0,0,0,0,0,0,1
0.49028429880863406,-0.35486486474959156,-0.7566434880210966,1,0,0,0,1,1,0,0,0,0
-0.3388210604296623,-1.253741929331373,-0.7566434880210966,0,0,0,0,1,0,0,0,0,1
-0.3496488031947337,-0.35486486474959156,0.2121533166836726,1,0,0,1,0,0,1,0,0,1
-0.3270337755523336,-0.35486486474959156,3.11854373079798,1,0,0,0,0,1,0,0,0,0
-0.3659000448551727,-0.8043033970404823,0.2121533166836726,1,0,0,0,0,0,0,0,0,1
0.3073005807524385,-0.8043033970404823,0.6965517190360571,0,0,0,0,0,0,0,0,1,0
0.12058780605930954,2.3417663289957527,-0.7566434880210966,1,0,0,0,1,0,0,0,0,0
-0.3363628354865548,-0.35486486474959156,0.2121533166836726,1,0,0,0,1,0,1,0,0,1
-0.3024611536340907,0.5440121998321898,0.2121533166836726,1,0,0,0,1,0,0,0,0,1
-0.33850014333526185,-0.35486486474959156,-0.7566434880210966,1,0,1,0,0,1,0,0,0,0
0.09310125692391055,-0.35486486474959156,0.2121533166836726,0,1,0,0,0,1,0,0,1,0
-0.336478365640539,1.4428892644139713,-0.7566434880210966,1,0,0,0,0,0,1,0,0,1
-0.2563132754593052,0.09457366754129916,-0.7566434880210966,1,0,0,0,0,0,1,0,0,1
-0.34604169505367255,-1.253741929331373,0.2121533166836726,0,1,1,0,0,0,0,0,0,1
-0.32861589682772785,-0.8043033970404823,-0.7566434880210966,1,0,1,0,0,0,0,0,0,1
-0.005291924219269054,0.9934507321230805,-0.7566434880210966,1,0,1,0,0,0,0,0,0,0
-0.3221012798113986,0.5440121998321898,0.2121533166836726,1,0,0,0,1,0,1,0,0,1
-0.3489459947579967,-0.35486486474959156,-0.7566434880210966,1,0,0,0,0,0,0,0,0,1
-0.19248286538305465,0.5440121998321898,-0.7566434880210966,1,0,1,0,0,0,1,0,1,0
-0.334360312817496,-0.35486486474959156,0.2121533166836726,0,1,0,0,0,0,0,0,0,0
-0.3305093076846905,-0.35486486474959156,-0.7566434880210966,0,0,0,0,1,1,0,0,1,0
-0.2999419544430471,2.3417663289957527,-0.7566434880210966,1,0,1,0,0,0,0,0,0,1
-0.23660896586311728,0.5440121998321898,-0.7566434880210966,1,0,1,0,0,0,1,0,0,1
-0.0607849081829958,-0.35486486474959156,0.2121533166836726,0,1,0,1,0,0,1,0,0,1
-0.3502649640159825,-0.35486486474959156,0.2121533166836726,0,0,0,1,0,1,0,0,0,1
-0.3539619289434758,-0.35486486474959156,3.11854373079798,1,0,0,0,0,0,1,0,0,1
-0.3443729261627902,-0.35486486474959156,-0.7566434880210966,0,0,1,0,0,1,0,0,0,1
-0.310419897575222,1.892327796704862,-0.7566434880210966,1,0,0,1,0,0,0,0,1,0
-0.31882792544851396,-0.8043033970404823,-0.7566434880210966,1,0,0,0,0,0,0,0,0,1
-0.3595523047279317,-1.253741929331373,-0.7566434880210966,1,0,0,0,0,0,0,0,0,1
-0.3449987144968711,-0.35486486474959156,-0.7566434880210966,0,1,1,0,0,0,0,0,0,1
0.16162989326218383,-1.253741929331373,1.1809501213884417,0,0,1,0,0,0,1,0,0,1
-0.26302044273227476,-0.35486486474959156,-0.7566434880210966,1,0,0,0,1,0,0,0,1,0
-0.3633840548350732,-1.253741929331373,0.2121533166836726,1,0,0,0,1,0,0,0,1,0
-0.14975275426363405,-1.253741929331373,1.1809501213884417,0,0,1,0,0,0,0,0,0,1
-0.247712697329373,-0.8043033970404823,-0.7566434880210966,1,0,1,0,0,0,0,0,0,1
-0.34192111956157073,-0.8043033970404823,0.2121533166836726,1,0,0,0,1,0,0,0,0,1
-0.3300921154619699,-0.8043033970404823,-0.7566434880210966,0,0,0,0,1,0,0,0,1,0
-0.33115114187349143,0.5440121998321898,0.2121533166836726,1,0,0,1,0,0,0,0,0,1
-0.34651665235338525,-0.8043033970404823,0.2121533166836726,1,0,0,0,1,0,0,0,1,0
-0.35637522549336725,-0.8043033970404823,-0.7566434880210966,1,0,1,0,0,0,0,0,0,1
-0.3144313612552277,0.5440121998321898,-0.7566434880210966,1,0,0,0,1,0,0,0,0,1
-0.13783068420665712,0.5440121998321898,0.2121533166836726,0,1,0,0,0,1,0,0,0,1
0.4172917056872506,1.892327796704862,-0.7566434880210966,1,0,0,1,0,0,1,0,0,1
-0.20066625129026627,2.7912048612866434,-0.7566434880210966,1,0,1,0,0,0,0,0,0,1
-0.3640611899042581,-0.35486486474959156,-0.7566434880210966,0,1,0,0,0,1,0,0,0,1
-0.3578386074438333,-0.8043033970404823,0.2121533166836726,1,0,1,0,0,1,0,0,1,0
-0.31750574701958406,-0.8043033970404823,0.2121533166836726,0,0,1,0,0,0,0,0,0,1
-0.3189177822349461,0.9934507321230805,0.2121533166836726,1,0,1,0,0,0,1,0,0,1
4.509113026130816,1.892327796704862,-0.7566434880210966,0,1,0,1,0,1,0,0,0,0
-0.22927601025606686,-0.35486486474959156,-0.7566434880210966,0,1,0,0,0,1,0,0,0,1
-0.32866082522094386,-0.35486486474959156,0.2121533166836726,1,0,0,0,1,1,0,0,0,0
-0.3087511286843396,0.9934507321230805,-0.7566434880210966,1,0,0,0,1,0,0,1,0,0
-0.34803138103895537,-0.8043033970404823,-0.7566434880210966,1,0,0,0,0,0,1,0,0,1
1.1313900058052557,0.9934507321230805,1.1809501213884417,0,0,0,1,0,0,0,0,0,1
-0.22110225186168728,0.9934507321230805,3.11854373079798,1,0,0,0,0,1,0,0,0,1
-0.24052415441480288,0.09457366754129916,-0.7566434880210966,0,1,0,0,0,1,0,0,0,0
-0.3371201998293399,0.09457366754129916,-0.7566434880210966,0,0,0,0,0,0,1,0,0,1
-0.35894256224857085,-0.8043033970404823,-0.7566434880210966,0,0,0,0,0,0,0,0,0,1
-0.15092410165819567,1.4428892644139713,-0.7566434880210966,0,0,1,0,0,1,0,0,0,0
-0.30436098283294144,-0.35486486474959156,0.2121533166836726,1,0,1,0,0,1,0,0,1,0
-0.3578386074438333,-0.8043033970404823,0.2121533166836726,1,0,1,0,0,1,0,0,0,1
-0.36114405351615797,-0.35486486474959156,3.11854373079798,1,0,0,0,0,0,0,0,1,0
-0.3508233597602393,2.7912048612866434,2.634145328445595,1,0,1,0,0,1,0,0,0,0
-0.27627431873101355,0.09457366754129916,-0.7566434880210966,1,0,0,0,1,1,0,0,0,0
-0.35894256224857085,-0.8043033970404823,-0.7566434880210966,1,0,0,0,1,0,1,0,0,1
-0.34210083313443496,0.9934507321230805,0.2121533166836726,1,0,0,0,0,1,0,0,0,1
-0.32723595332180583,0.5440121998321898,0.2121533166836726,1,0,0,0,0,0,0,0,0,1
-0.1520633573433173,2.3417663289957527,-0.7566434880210966,1,0,0,1,0,0,1,0,0,1
-0.14800375609915153,-0.8043033970404823,-0.7566434880210966,1,0,1,0,0,1,0,0,0,0
-0.3188022520809619,-0.35486486474959156,0.2121533166836726,0,1,0,0,1,0,1,0,0,0
-0.3641895567420183,-1.253741929331373,-0.7566434880210966,1,0,0,1,0,1,0,0,0,1
-0.2778468124935758,0.5440121998321898,-0.7566434880210966,1,0,0,0,1,0,1,0,0,1
-0.14424902609466622,0.09457366754129916,-0.7566434880210966,0,1,1,0,0,1,0,0,0,1
-0.29276945738319693,0.5440121998321898,-0.7566434880210966,0,0,1,0,0,1,0,0,0,1
-0.3566576325364396,-1.253741929331373,0.2121533166836726,0,0,1,0,0,0,1,0,0,1
0.23770649966075574,-0.8043033970404823,-0.7566434880210966,1,0,0,0,0,0,0,0,0,1
-0.2221805332988728,1.892327796704862,0.2121533166836726,1,0,0,0,1,0,0,0,0,1
-0.26477265006770123,1.4428892644139713,0.2121533166836726,1,0,0,1,0,1,0,0,0,1
-0.34604169505367255,0.09457366754129916,-0.7566434880210966,1,0,0,1,0,0,0,0,1,0
-0.3232565813512402,-0.8043033970404823,-0.7566434880210966,0,0,0,0,0,1,0,0,1,0
-0.33670942594850733,-0.35486486474959156,0.2121533166836726,1,0,0,0,0,1,0,0,0,1
0.04823704712672692,0.5440121998321898,0.2121533166836726,1,0,1,0,0,0,0,0,1,0
-0.3383268481042856,1.892327796704862,2.634145328445595,1,0,0,1,0,1,0,0,1,0
-0.109577143215641,-0.8043033970404823,0.2121533166836726,0,0,0,1,0,0,0,0,0,1
-0.3124737669793849,-0.8043033970404823,0.2121533166836726,0,1,0,0,1,0,0,0,1,0
-0.3356118894856578,-0.8043033970404823,-0.7566434880210966,1,0,1,0,0,1,0,0,0,1
-0.2938605755041585,0.5440121998321898,0.2121533166836726,1,0,1,0,0,0,0,0,1,0
-0.3177047156181123,-0.8043033970404823,-0.7566434880210966,0,1,1,0,0,0,0,0,1,0
-0.16094955168726593,-0.35486486474959156,0.2121533166836726,1,0,0,1,0,1,0,0,0,1
-0.225107297199805,-0.8043033970404823,0.2121533166836726,1,0,1,0,0,0,1,0,0,1
1.5887032836677928,0.5440121998321898,0.2121533166836726,1,0,0,0,1,0,0,0,0,0
0.17820847035891133,-0.35486486474959156,-0.7566434880210966,1,0,0,0,1,0,0,0,1,0
-0.16135390722621049,-0.8043033970404823,-0.7566434880210966,1,0,0,0,1,0,0,1,0,0
1.089933935550605,1.892327796704862,-0.7566434880210966,1,0,0,0,0,1,0,0,0,0
-0.25541470759498397,3.6900819258684248,-0.7566434880210966,0,0,0,0,1,1,0,0,0,1
-0.02228769353871719,-0.8043033970404823,0.2121533166836726,0,1,0,0,1,1,0,0,0,0
-0.22446225384006005,-0.35486486474959156,-0.7566434880210966,0,1,0,0,1,0,1,0,0,1
-0.3551043937995414,-0.8043033970404823,3.11854373079798,1,0,0,0,0,1,0,0,1,0
-0.3335580200814949,-1.253741929331373,-0.7566434880210966,1,0,0,0,0,1,0,0,0,1
2.1953938414609095,1.4428892644139713,2.634145328445595,1,0,0,1,0,0,0,0,1,0
-0.20535164086851293,0.9934507321230805,-0.7566434880210966,1,0,0,0,0,0,1,0,0,1
-0.2816400525493892,0.09457366754129916,0.2121533166836726,1,0,0,0,0,1,0,0,0,0
-0.06251786049275827,-0.8043033970404823,0.2121533166836726,1,0,1,0,0,1,0,0,0,0
-0.3423190567586272,0.09457366754129916,-0.7566434880210966,1,0,1,0,0,0,1,0,0,1
-0.31438322369106764,-0.35486486474959156,2.634145328445595,1,0,1,0,0,0,1,0,0,1
-0.340040545388384,-0.35486486474959156,-0.7566434880210966,1,0,0,0,1,0,0,0,0,1
0.12535342491115634,-0.8043033970404823,-0.7566434880210966,0,1,1,0,0,0,0,0,1,0
0.11871044105706685,1.892327796704862,-0.7566434880210966,1,0,0,0,1,0,0,0,0,1
0.05296094675630156,1.4428892644139713,0.2121533166836726,0,0,1,0,0,0,0,0,0,0
-0.15845923503471837,-0.8043033970404823,0.2121533166836726,0,0,0,1,0,1,0,0,0,1
-0.13916569931936304,-0.8043033970404823,3.11854373079798,1,0,0,0,0,0,0,0,0,1
2.1631127909351675,-0.35486486474959156,-0.7566434880210966,1,0,0,0,0,0,1,0,0,1
0.008494674156174482,1.892327796704862,1.1809501213884417,0,1,1,0,0,0,0,0,0,1
0.11691330532842438,0.5440121998321898,2.1497469260932105,0,0,0,0,0,0,1,0,0,1
-0.3420494863993309,1.4428892644139713,0.2121533166836726,1,0,1,0,0,1,0,0,0,1
-0.20422522186716735,-1.253741929331373,-0.272245085668712,0,0,1,0,0,0,0,1,0,0
-0.3271332598515977,-0.8043033970404823,0.2121533166836726,1,0,0,1,0,0,0,0,0,1
0.03773022145605601,-0.8043033970404823,0.6965517190360571,0,0,0,0,0,1,0,0,1,0
0.7144609351020722,-0.35486486474959156,-0.7566434880210966,1,0,0,1,0,1,0,0,0,1
-0.3521904665823853,-0.8043033970404823,0.2121533166836726,1,0,1,0,0,0,0,1,0,0
-0.16415551346032647,-0.35486486474959156,0.6965517190360571,0,0,1,0,0,0,0,0,0,1
1.8774805310640428,1.4428892644139713,-0.7566434880210966,0,1,1,0,0,0,0,0,0,1
-0.35597407912536666,-0.35486486474959156,-0.7566434880210966,0,0,0,1,0,0,0,0,0,0
-0.3581884070767298,-0.35486486474959156,-0.7566434880210966,1,0,0,0,1,0,1,0,0,1
0.5168803030070719,0.5440121998321898,2.634145328445595,1,0,0,0,1,1,0,0,0,1
-0.1042627561323695,-0.35486486474959156,-0.7566434880210966,1,0,1,0,0,0,0,0,1,0
-0.34361556182000513,0.09457366754129916,0.2121533166836726,1,0,0,0,1,0,0,0,0,1
0.040294349040315626,-0.35486486474959156,-0.7566434880210966,0,1,1,0,0,0,1,0,0,1
-0.24443934296648842,-0.8043033970404823,-0.7566434880210966,1,0,0,0,1,1,0,0,0,1
-0.3182759480461452,3.240643393577534,0.2121533166836726,1,0,0,0,1,0,0,0,0,1
-0.23734707518023831,-1.253741929331373,-0.7566434880210966,0,0,1,0,0,1,0,0,0,0
-0.09165713266431962,0.09457366754129916,0.2121533166836726,1,0,1,0,0,1,0,0,0,0
-0.28542045592142656,-0.8043033970404823,-0.7566434880210966,1,0,0,0,1,0,0,0,0,1
0.46630216434408817,-0.8043033970404823,0.6965517190360571,0,0,0,0,0,0,0,1,0,0
-0.3544497229269645,-0.8043033970404823,-0.7566434880210966,1,0,1,0,0,0,0,0,1,0
-0.3602519039937247,-1.253741929331373,0.2121533166836726,1,0,0,0,0,0,0,1,0,0
-0.31229405340652067,-0.35486486474959156,0.2121533166836726,1,0,1,0,0,0,0,0,0,1
-0.2802922007529073,-0.35486486474959156,0.2121533166836726,0,1,0,0,0,0,0,1,0,0
-0.3620490397223673,-0.35486486474959156,0.2121533166836726,1,0,0,0,1,0,0,0,0,1
-0.36420560259673834,-1.253741929331373,-0.7566434880210966,1,0,1,0,0,0,0,0,0,1
0.6706878434258502,1.892327796704862,-0.7566434880210966,0,0,0,0,0,0,0,0,0,1
0.5939004056631811,0.5440121998321898,2.634145328445595,0,1,0,0,1,0,1,0,0,1
-0.3646035397937949,-1.253741929331373,0.2121533166836726,1,0,0,0,0,1,0,0,1,0
-0.3607685805157095,-1.253741929331373,2.634145328445595,1,0,0,0,1,1,0,0,0,1
-0.27269127937203247,1.4428892644139713,2.634145328445595,1,0,1,0,0,0,0,0,0,1
0.421861565111513,0.09457366754129916,0.2121533166836726,0,1,0,0,0,1,0,0,1,0
-0.20361868855875048,-0.8043033970404823,-0.7566434880210966,1,0,0,0,1,0,0,0,1,0
-0.32723595332180583,0.5440121998321898,0.2121533166836726,1,0,0,0,0,1,0,0,1,0
-0.3609482940885737,-1.253741929331373,-0.7566434880210966,1,0,1,0,0,0,0,0,0,1
-0.2809468716254842,-0.8043033970404823,0.2121533166836726,0,0,1,0,0,1,0,0,0,1
-0.35507551126104536,-1.253741929331373,-0.7566434880210966,1,0,0,0,1,0,0,0,0,1
-0.366105431795589,-0.8043033970404823,3.11854373079798,1,0,0,0,0,1,0,0,0,1
-0.36073969797721345,-0.8043033970404823,0.2121533166836726,1,0,0,0,1,0,0,0,0,1
0.022563679574690448,0.5440121998321898,0.2121533166836726,1,0,0,1,0,0,0,0,0,1
0.09319753205223069,-0.35486486474959156,-0.7566434880210966,0,0,0,1,0,0,0,0,0,1
-0.23798890936903921,2.3417663289957527,-0.7566434880210966,1,0,1,0,0,0,0,0,1,0
-0.34803138103895537,-0.8043033970404823,-0.7566434880210966,1,0,0,0,1,1,0,0,0,1
-0.23796965434337516,-0.8043033970404823,0.2121533166836726,1,0,1,0,0,0,0,0,0,1
-0.3052467140134867,-0.35486486474959156,0.2121533166836726,1,0,0,0,1,0,0,0,0,1
-0.31750574701958406,-0.8043033970404823,0.2121533166836726,0,1,0,0,1,1,0,0,0,1
-0.10310745459252786,-0.35486486474959156,0.2121533166836726,0,1,0,0,0,1,0,0,0,1
-0.31756030292563214,-1.253741929331373,-0.7566434880210966,0,1,1,0,0,0,0,0,1,0
1.0968496989349348,0.5440121998321898,0.6965517190360571,0,0,0,0,0,0,0,0,0,1
-0.24052415441480288,0.5440121998321898,0.2121533166836726,0,1,0,0,0,0,0,1,0,0
-0.329418189563729,-0.8043033970404823,-0.7566434880210966,1,0,0,0,0,0,0,0,0,1
-0.32401073652308127,-0.35486486474959156,-0.7566434880210966,1,0,0,0,1,0,0,0,0,1
-0.3389430089255345,1.892327796704862,0.2121533166836726,0,0,0,1,0,0,1,0,1,0
-0.32700489301383756,0.9934507321230805,2.634145328445595,1,0,1,0,0,0,0,0,1,0
-0.25768680062333915,-0.8043033970404823,-0.272245085668712,0,0,1,0,0,0,1,0,0,1
0.01624803115688952,-0.8043033970404823,0.2121533166836726,0,1,0,0,1,0,0,0,0,1
-0.2960428117460816,0.09457366754129916,-0.7566434880210966,1,0,1,0,0,1,0,0,0,1
-0.05571441809146861,0.09457366754129916,0.2121533166836726,1,0,0,0,0,1,0,0,0,1
-0.3034559966267321,-0.35486486474959156,-0.7566434880210966,1,0,0,0,1,0,1,0,1,0
-0.27158892915276694,0.5440121998321898,0.2121533166836726,1,0,1,0,0,0,0,0,0,1
-0.20165467594101968,-0.35486486474959156,0.2121533166836726,1,0,0,0,1,1,0,0,0,1
-0.3594560295996116,-0.8043033970404823,0.2121533166836726,1,0,0,0,1,0,1,0,0,1
-0.23622386534983675,-0.8043033970404823,0.2121533166836726,0,0,1,0,0,0,0,0,0,1
-0.34320478793917253,-0.8043033970404823,0.2121533166836726,1,0,0,0,1,1,0,0,0,1
-0.350592299452271,-0.35486486474959156,3.11854373079798,1,0,0,0,0,1,0,0,1,0
1.0694080781927517,2.3417663289957527,0.2121533166836726,0,0,0,0,1,0,1,0,1,0
-0.02526901334569738,-0.35486486474959156,-0.7566434880210966,0,0,0,0,0,0,1,0,1,0
1.1439507008800895,0.09457366754129916,0.2121533166836726,1,0,0,1,0,1,0,0,0,0
-0.2996370832033667,0.5440121998321898,0.2121533166836726,1,0,1,0,0,1,0,0,1,0
0.1334469540319358,1.892327796704862,0.2121533166836726,1,0,0,0,1,0,0,0,0,1
-0.350598717794159,-0.8043033970404823,-0.7566434880210966,1,0,1,0,0,0,1,0,0,1
-0.2690344290813393,4.139520458159316,0.2121533166836726,1,0,0,1,0,1,0,0,0,1
0.13991985182599298,-0.35486486474959156,0.6965517190360571,0,0,0,0,0,0,0,0,0,1
-0.2921436690491161,-0.35486486474959156,-0.7566434880210966,0,1,0,1,0,0,1,0,0,1
-0.3154262042478691,0.5440121998321898,3.11854373079798,1,0,0,0,0,1,0,0,0,1
0.04143360472543725,1.892327796704862,0.2121533166836726,0,1,0,1,0,0,1,0,1,0
-0.23731498347079832,-0.8043033970404823,-0.7566434880210966,1,0,0,0,1,0,0,0,0,1
-0.3131476928776259,0.5440121998321898,-0.7566434880210966,1,0,0,0,0,0,0,0,1,0
-0.2726479555642884,-0.35486486474959156,-0.7566434880210966,1,0,1,0,0,0,1,0,1,0
-0.349879863502702,-0.8043033970404823,0.2121533166836726,1,0,0,0,1,0,1,0,0,0
-0.34528753988183153,-0.35486486474959156,-0.7566434880210966,1,0,1,0,0,0,1,0,0,1
-0.36420560259673834,-1.253741929331373,-0.7566434880210966,1,0,0,0,0,0,0,0,0,1
-0.23234718684947925,-0.35486486474959156,0.2121533166836726,1,0,0,0,1,0,0,0,0,1
-0.10586734160437178,-0.8043033970404823,-0.7566434880210966,0,0,0,0,1,0,1,0,0,1
-0.35907092908633104,-1.253741929331373,3.11854373079798,1,0,0,0,0,0,0,0,0,1
-0.05116702286381415,-0.35486486474959156,-0.7566434880210966,0,1,1,0,0,1,0,0,0,1
-0.31419067343442736,-0.35486486474959156,-0.7566434880210966,1,0,0,0,1,0,0,0,1,0
-0.3639360322374419,-1.253741929331373,0.2121533166836726,1,0,1,0,0,0,1,0,0,0
-0.31135055714898335,2.3417663289957527,-0.7566434880210966,1,0,0,0,1,1,0,0,0,1
-0.21966454327877327,-0.8043033970404823,0.2121533166836726,1,0,0,0,1,0,0,0,1,0
-0.31623491532575826,-1.253741929331373,0.2121533166836726,0,0,0,0,1,0,1,0,0,0
-0.3543855395080844,-0.35486486474959156,0.2121533166836726,1,0,0,1,0,1,0,0,0,1
-0.325182083917643,0.09457366754129916,0.2121533166836726,1,0,1,0,0,0,0,0,0,0
-0.34464249652208656,-0.35486486474959156,0.2121533166836726,0,0,1,0,0,1,0,0,0,1
-0.23173102602823037,-0.35486486474959156,-0.7566434880210966,0,0,0,0,1,0,0,0,0,1
-0.3523445067876975,-0.35486486474959156,0.2121533166836726,1,0,0,0,0,0,0,0,1,0
-0.20723863338358758,0.9934507321230805,0.2121533166836726,1,0,0,0,1,1,0,0,0,1
-0.3479671976200753,0.5440121998321898,0.2121533166836726,1,0,0,1,0,0,0,0,1,0
0.25691338776062306,-0.35486486474959156,-0.7566434880210966,0,1,0,0,0,1,0,0,0,1
-0.015391827014240179,0.09457366754129916,0.7934313995065341,0,0,0,0,0,1,0,0,0,1
-0.362549670389632,-1.253741929331373,0.2121533166836726,1,0,0,0,0,0,0,0,0,1
2.8810364228184264,0.9934507321230805,0.2121533166836726,0,1,1,0,0,0,0,0,0,0
-0.31623491532575826,-1.253741929331373,0.2121533166836726,1,0,0,1,0,0,0,0,0,1
-0.0844541484805014,0.5440121998321898,1.665348523740826,0,0,0,0,1,1,0,0,0,1
-0.2932187413153576,1.892327796704862,-0.7566434880210966,0,0,0,0,1,0,0,0,0,1
-0.3638461754510098,-1.253741929331373,0.2121533166836726,1,0,0,1,0,0,0,0,0,0
-0.29029839575631344,-1.253741929331373,-0.7566434880210966,1,0,0,0,1,0,0,0,1,0
-0.28718549994062903,0.9934507321230805,0.2121533166836726,0,1,0,1,0,0,0,0,0,1
-0.2565379174253855,-0.8043033970404823,-0.7566434880210966,0,1,0,0,1,1,0,0,0,1
-0.20458143984195185,-0.35486486474959156,0.2121533166836726,0,0,0,1,0,0,0,0,0,1
-0.27285976084659275,-0.35486486474959156,0.2121533166836726,1,0,0,0,1,0,0,0,0,1
-0.25661814669898564,1.4428892644139713,-0.7566434880210966,0,1,0,0,0,1,0,0,0,0
-0.33777807987286085,-0.35486486474959156,-0.7566434880210966,1,0,0,0,1,0,0,0,0,1
-0.14440948464186643,1.4428892644139713,-0.7566434880210966,1,0,0,0,1,1,0,0,0,1
0.7474833041158792,-0.8043033970404823,1.665348523740826,0,1,0,1,0,1,0,0,0,0
-0.35027780069975856,-0.8043033970404823,-0.7566434880210966,1,0,0,0,0,0,0,0,0,0
-0.3452394023176714,0.5440121998321898,-0.7566434880210966,1,0,0,0,0,0,1,0,0,1
0.5582449118898186,-0.8043033970404823,-0.272245085668712,0,0,1,0,0,1,0,1,0,0
-0.3461443885238807,-0.35486486474959156,0.2121533166836726,0,0,0,1,0,0,0,0,0,1
-0.35034198411863865,0.09457366754129916,-0.7566434880210966,1,0,1,0,0,0,1,0,0,1
-0.3454640442837517,-0.8043033970404823,-0.7566434880210966,0,0,0,0,1,0,1,0,0,0
-0.3021723282491303,-0.8043033970404823,-0.7566434880210966,1,0,0,0,0,1,0,0,0,1
-0.3368955578632596,0.5440121998321898,-0.7566434880210966,1,0,0,0,1,0,0,0,0,1
-0.09253965467392085,-0.8043033970404823,0.6965517190360571,0,0,1,0,0,0,0,0,0,1
-0.3612403286444781,-0.35486486474959156,0.2121533166836726,0,1,0,1,0,1,0,0,0,1
-0.048326906578370105,0.9934507321230805,-0.7566434880210966,1,0,0,0,1,0,0,0,0,1
-0.2933471081531178,-0.35486486474959156,-0.7566434880210966,0,0,1,0,0,0,0,0,0,0
-0.10362092194356858,0.09457366754129916,-0.7566434880210966,0,0,1,0,0,1,0,0,0,1
-0.2575086916359469,-1.253741929331373,1.665348523740826,0,0,0,0,0,0,0,0,0,1
0.04635968212448423,-0.35486486474959156,-0.7566434880210966,0,0,0,1,0,0,0,0,1,0
-0.24058833783368289,0.09457366754129916,-0.7566434880210966,1,0,1,0,0,0,0,0,1,0
0.04189572534137388,0.09457366754129916,0.2121533166836726,0,1,0,0,0,0,0,0,0,1
0.014861669309079546,0.5440121998321898,0.2121533166836726,1,0,0,0,1,0,0,0,1,0
-0.32482907511380243,-1.253741929331373,-0.7566434880210966,0,0,1,0,0,0,0,0,0,1
0.26658903815679674,0.09457366754129916,-0.7566434880210966,0,1,0,1,0,0,0,0,0,1
-0.32723595332180583,0.09457366754129916,-0.7566434880210966,1,0,0,0,0,1,0,0,1,0
-0.34519126475351136,-0.35486486474959156,-0.7566434880210966,1,0,0,0,1,0,0,0,0,1
-0.3563431337839272,-1.253741929331373,-0.7566434880210966,1,0,0,0,1,0,0,1,0,0
0.08936578194508929,-0.8043033970404823,0.2121533166836726,1,0,1,0,0,0,0,0,0,1
-0.3087511286843396,0.09457366754129916,0.2121533166836726,1,0,0,0,1,1,0,0,0,0
0.6646481837092335,-0.8043033970404823,-0.272245085668712,1,0,0,0,0,0,0,1,0,0
0.7245505685500225,3.6900819258684248,0.2121533166836726,0,0,0,0,1,0,1,0,1,0
-0.29079260808169016,-0.8043033970404823,3.11854373079798,1,0,0,0,0,1,0,0,0,1
-0.24857917348425426,-0.35486486474959156,-0.7566434880210966,1,0,0,0,1,0,0,0,0,1
-0.3544625596107405,-0.8043033970404823,3.11854373079798,1,0,0,0,0,0,0,0,1,0
-0.3561955119205029,-0.35486486474959156,0.2121533166836726,1,0,0,0,0,1,0,0,1,0
1.6732168004781527,0.9934507321230805,1.665348523740826,0,0,0,0,1,0,1,0,0,1
-0.3550915571157654,-0.8043033970404823,-0.7566434880210966,1,0,0,0,1,1,0,0,0,0
-0.20259175385666903,1.4428892644139713,-0.7566434880210966,1,0,0,1,0,0,0,0,0,0
-0.3023969702152106,0.09457366754129916,-0.7566434880210966,1,0,1,0,0,1,0,0,0,1
-0.30980373675397316,-0.8043033970404823,0.2121533166836726,0,1,0,0,1,1,0,0,0,1
-0.24135853886024403,-0.35486486474959156,-0.7566434880210966,0,0,1,0,0,0,0,0,0,1
-0.012737200809359642,0.5440121998321898,0.2121533166836726,1,0,0,0,1,0,0,0,0,0
0.6747185621315198,-0.35486486474959156,0.2121533166836726,0,0,0,0,1,1,0,0,1,0
-0.3549439352523412,-0.35486486474959156,3.11854373079798,1,0,0,0,0,0,0,0,0,1
0.11008418955958264,0.9934507321230805,0.2121533166836726,1,0,0,0,0,0,1,0,0,1
0.10351180746626132,0.09457366754129916,0.2121533166836726,1,0,0,1,0,0,0,0,0,1
0.5178029396534731,0.09457366754129916,-0.7566434880210966,1,0,1,0,0,0,0,0,0,1
-0.24342845411912695,-1.253741929331373,-0.7566434880210966,0,1,1,0,0,0,0,0,0,0
0.7132286134595744,-0.35486486474959156,0.2121533166836726,0,0,0,0,1,0,0,0,0,1
-0.253328746481381,-0.8043033970404823,-0.7566434880210966,0,1,0,1,0,0,1,0,0,1
-0.07056646122032169,0.9934507321230805,-0.7566434880210966,1,0,0,0,1,1,0,0,0,1
-0.1865972458717503,-0.8043033970404823,0.2121533166836726,0,0,0,0,1,0,1,1,0,0
0.04560392236717115,-0.35486486474959156,0.6965517190360571,0,0,0,0,0,0,0,0,1,0
0.9735565604372238,1.892327796704862,1.1809501213884417,0,0,1,0,0,0,0,0,0,1
-0.2968771961915228,0.5440121998321898,0.2121533166836726,1,0,0,0,0,0,0,0,1,0
1.9438622320407768,1.4428892644139713,-0.7566434880210966,0,0,0,1,0,0,0,0,1,0
0.07093230404272713,1.4428892644139713,0.2121533166836726,1,0,0,0,0,0,0,1,0,0
-0.3184428249352334,-0.8043033970404823,-0.7566434880210966,1,0,0,1,0,1,0,0,0,0
-0.340040545388384,-0.35486486474959156,-0.7566434880210966,1,0,1,0,0,0,1,0,0,1
-0.3479030142011952,0.5440121998321898,0.2121533166836726,1,0,0,0,0,0,0,0,0,0
-0.31322792215122597,-0.35486486474959156,-0.7566434880210966,1,0,0,1,0,0,0,0,0,0
-0.34803138103895537,-0.8043033970404823,-0.7566434880210966,1,0,0,0,1,0,0,0,0,1
0.23189148191021944,-0.35486486474959156,0.2121533166836726,0,1,0,0,1,0,0,0,0,0
-0.31587548818002975,0.9934507321230805,-0.7566434880210966,0,1,1,0,0,1,0,0,0,1
0.24729550244144133,-0.35486486474959156,0.2121533166836726,0,1,0,1,0,0,0,0,0,1
-0.17450508975474116,0.9934507321230805,2.634145328445595,1,0,1,0,0,0,1,0,0,1
-0.3431213494946284,0.9934507321230805,-0.7566434880210966,0,0,0,0,1,1,0,0,0,1
-0.3414846723131861,-0.35486486474959156,0.2121533166836726,1,0,0,0,1,1,0,1,0,0
-0.14198335140819898,-0.8043033970404823,0.6965517190360571,0,0,1,0,0,1,0,0,0,1
1.0585097336669123,1.892327796704862,0.2121533166836726,0,1,0,0,1,0,1,0,1,0
-0.2976088871667558,-1.253741929331373,0.2121533166836726,1,0,0,1,0,0,0,0,0,1
-0.29347547499087795,1.892327796704862,-0.7566434880210966,1,0,1,0,0,1,0,0,1,0
-0.3552712706886296,-0.8043033970404823,0.2121533166836726,1,0,0,0,1,0,0,0,0,0
-0.27078663641676576,0.5440121998321898,-0.7566434880210966,0,0,0,1,0,0,1,0,0,1
-0.062257917646293896,-0.35486486474959156,0.6965517190360571,0,0,0,0,0,0,0,0,0,0
2.724156101220764,1.4428892644139713,-0.7566434880210966,1,0,0,0,0,0,1,0,1,0
-0.3605471477205731,-0.35486486474959156,0.2121533166836726,1,0,0,1,0,0,0,0,0,1
-0.3253489608067312,-0.35486486474959156,0.2121533166836726,1,0,1,0,0,1,0,0,0,1
0.28359764416002087,0.5440121998321898,-0.7566434880210966,1,0,0,0,1,0,0,1,0,0
-0.36016204720729256,-0.35486486474959156,-0.7566434880210966,1,0,1,0,0,1,0,0,0,1
-0.3335259283720548,0.5440121998321898,0.2121533166836726,0,1,0,0,1,0,0,0,0,1
-0.3271236323387657,-1.253741929331373,-0.7566434880210966,1,0,0,0,1,0,0,1,0,0
0.11250069528041812,-0.35486486474959156,-0.7566434880210966,0,1,0,0,1,1,0,0,1,0
0.07529677652657328,-0.8043033970404823,0.2121533166836726,1,0,0,0,1,0,0,0,1,0
0.2087854511133867,-0.35486486474959156,0.2121533166836726,0,1,0,0,0,0,0,0,1,0
0.07628520117732665,0.5440121998321898,-0.7566434880210966,1,0,0,0,0,0,0,0,0,1
-0.11211880660329263,-0.8043033970404823,0.2121533166836726,0,1,0,0,1,1,0,0,0,1
0.20877582360055472,-0.35486486474959156,-0.7566434880210966,0,0,0,1,0,0,0,0,0,0
-0.3635894417754894,-0.8043033970404823,2.634145328445595,1,0,0,1,0,1,0,0,0,1
-0.3449024393685509,-0.35486486474959156,-0.7566434880210966,0,0,0,0,1,1,0,0,0,1
1.0993207605618183,-0.35486486474959156,-0.7566434880210966,1,0,0,0,0,1,0,0,0,1
-0.3395206596954553,-0.8043033970404823,2.634145328445595,1,0,1,0,0,0,0,1,0,0
-0.3328391657900378,-0.35486486474959156,2.634145328445595,1,0,1,0,0,0,1,0,0,1
-0.36683712277082203,-1.253741929331373,-0.7566434880210966,1,0,1,0,0,0,0,0,0,1
1.0029974946775218,-0.35486486474959156,-0.7566434880210966,0,0,1,0,0,1,0,0,0,1
-0.3100508429166615,-0.35486486474959156,-0.7566434880210966,1,0,1,0,0,1,0,0,0,1
2.2405372491302216,2.3417663289957527,0.2121533166836726,0,1,0,0,1,1,0,0,1,0
-0.059462729754065906,0.09457366754129916,-0.7566434880210966,1,0,0,0,1,0,0,1,0,0
-0.26415648924645235,-0.35486486474959156,0.2121533166836726,1,0,0,1,0,1,0,0,0,0
-0.34803138103895537,-0.8043033970404823,-0.7566434880210966,1,0,0,0,1,1,0,0,0,1
-0.3438273671023094,-1.253741929331373,-0.7566434880210966,1,0,0,0,1,0,0,0,0,1
0.2151139362149637,0.5440121998321898,0.2121533166836726,0,0,0,1,0,0,0,0,0,1
0.20996642602078036,3.240643393577534,0.2121533166836726,1,0,0,0,0,0,1,0,1,0
-0.20708459317827538,-0.8043033970404823,0.2121533166836726,0,1,0,0,0,0,1,0,0,0
-0.29183237946754764,-0.8043033970404823,0.2121533166836726,0,1,1,0,0,0,0,0,1,0
0.006421549726347584,-0.8043033970404823,1.423149322564634,0,0,0,1,0,0,1,0,0,1
-0.3595843964373718,-0.8043033970404823,-0.7566434880210966,1,0,0,0,0,0,0,0,0,0
-0.3014984023508893,-0.8043033970404823,-0.7566434880210966,0,0,1,0,0,1,0,0,0,1
0.03223932997086418,0.5440121998321898,-0.7566434880210966,0,1,1,0,0,1,0,0,0,1
0.29735856916791237,-0.35486486474959156,0.2121533166836726,1,0,1,0,0,0,0,0,0,1
-0.29181954278377165,-0.8043033970404823,0.6965517190360571,0,0,0,0,0,1,0,0,0,1
0.05195968542177219,-0.8043033970404823,-0.7566434880210966,1,0,0,1,0,1,0,1,0,0
0.2789122545817742,0.9934507321230805,-0.7566434880210966,1,0,0,0,0,0,0,0,0,1
-0.31059961114808626,1.4428892644139713,0.2121533166836726,1,0,0,0,0,0,0,0,0,1
-0.3592763160267473,-1.253741929331373,0.2121533166836726,1,0,0,0,0,0,0,0,0,0
-0.35773591397362514,-0.35486486474959156,0.2121533166836726,1,0,0,1,0,0,0,0,1,0
-0.270241077356285,-0.35486486474959156,-0.7566434880210966,1,0,1,0,0,1,0,0,0,1
-0.2712198744942064,1.4428892644139713,-0.7566434880210966,1,0,0,0,0,1,0,0,0,1
-0.13345337503903493,1.892327796704862,0.2121533166836726,1,0,1,0,0,1,0,0,0,1
5.093984430675646,0.5440121998321898,-0.7566434880210966,0,1,1,0,0,0,1,0,0,1
-0.27258377214540835,-0.8043033970404823,-0.7566434880210966,0,1,0,1,0,0,0,0,0,0
-0.26663717838616785,-1.253741929331373,0.6965517190360571,0,0,1,0,0,0,0,0,0,1
-0.22508162383225291,-0.8043033970404823,0.2121533166836726,0,1,1,0,0,1,0,0,0,1
0.23588689973550514,-0.35486486474959156,1.1809501213884417,0,0,1,0,0,1,0,0,0,1
-0.3335580200814949,-0.8043033970404823,-0.7566434880210966,0,1,0,0,1,0,0,0,1,0
-0.3241230575061214,1.4428892644139713,-0.7566434880210966,1,0,0,1,0,0,0,0,1,0
0.4334338355355935,-0.8043033970404823,-0.7566434880210966,0,1,0,1,0,0,0,0,1,0
-0.349879863502702,-0.8043033970404823,0.2121533166836726,0,0,0,1,0,0,1,0,0,0
0.3319020852091774,0.9934507321230805,0.2121533166836726,0,0,0,0,1,1,0,0,0,1
-0.2713707055285746,1.892327796704862,0.2121533166836726,1,0,0,0,0,0,0,0,0,1
-0.3376336671803806,-0.35486486474959156,-0.7566434880210966,1,0,0,0,1,0,0,0,0,0
0.5039393211753734,1.892327796704862,-0.7566434880210966,0,1,0,0,0,0,1,0,0,0
-0.26780210743884153,0.09457366754129916,-0.7566434880210966,1,0,1,0,0,1,0,0,1,0
-0.31527216404255687,0.09457366754129916,0.2121533166836726,1,0,1,0,0,0,1,0,0,1
0.9649046355721876,0.5440121998321898,-0.7566434880210966,0,1,0,0,0,0,0,0,1,0
0.9958731351818315,0.5440121998321898,-0.272245085668712,1,0,0,0,0,0,1,0,1,0
2.198381579609778,1.892327796704862,-0.7566434880210966,0,1,0,1,0,0,0,0,0,1
-0.2083843074105972,-1.253741929331373,-0.7566434880210966,0,1,0,0,1,1,0,0,0,1
-0.3613301854309102,-1.253741929331373,0.2121533166836726,1,0,1,0,0,1,0,0,0,1
0.4013485444374359,-0.8043033970404823,0.2121533166836726,0,1,1,0,0,0,0,0,0,1
-0.11724064342992391,-1.253741929331373,0.2121533166836726,0,1,0,0,1,0,0,0,0,1
-0.3192772093806746,0.09457366754129916,0.2121533166836726,0,0,0,1,0,1,0,0,0,1
-0.35907092908633104,-0.8043033970404823,-0.7566434880210966,1,0,0,0,1,0,0,1,0,0
-0.30518894893649456,-0.8043033970404823,-0.7566434880210966,1,0,1,0,0,0,0,0,1,0
0.09706779221070014,-0.35486486474959156,0.2121533166836726,0,0,0,1,0,0,0,0,0,1
-0.3609194115500777,-0.8043033970404823,0.2121533166836726,1,0,0,0,0,0,0,0,0,1
-0.23798890936903921,-0.35486486474959156,-0.7566434880210966,1,0,0,0,0,0,0,0,1,0
-0.009463846446474964,0.5440121998321898,0.2121533166836726,0,1,0,0,0,0,0,1,0,0
0.18302222677491817,0.09457366754129916,-0.7566434880210966,0,0,0,1,0,0,0,0,0,1
-0.3510640475810397,-0.35486486474959156,-0.7566434880210966,1,0,0,0,1,0,0,0,0,1
-0.3434743582984689,0.5440121998321898,0.2121533166836726,1,0,1,0,0,1,0,1,0,0
0.5517688049248173,0.09457366754129916,0.2121533166836726,0,0,0,0,1,0,0,0,0,1
0.0006771337365794131,-0.35486486474959156,0.2121533166836726,0,0,0,0,1,1,0,0,0,1
-0.02227485685494116,-0.35486486474959156,0.2121533166836726,0,0,0,0,1,0,1,1,0,0
-0.27259981800012834,-0.35486486474959156,-0.7566434880210966,0,1,0,1,0,0,0,0,0,1
-0.311125915182903,-0.8043033970404823,-0.7566434880210966,1,0,0,0,1,0,0,0,1,0
-0.3432818080418287,0.09457366754129916,-0.7566434880210966,1,0,0,0,0,0,0,0,0,1
-0.19555725114741104,-1.253741929331373,0.2121533166836726,0,1,0,0,1,0,0,0,0,1
-0.3398030667385277,1.4428892644139713,0.2121533166836726,1,0,0,0,1,1,0,0,0,1
-0.3631080661338888,-0.35486486474959156,3.11854373079798,1,0,0,0,0,0,0,0,1,0
-0.26199350803019333,-0.8043033970404823,-0.7566434880210966,1,0,0,0,0,0,0,0,0,1
-0.33423194597973577,1.4428892644139713,-0.7566434880210966,1,0,1,0,0,1,0,0,0,0
-0.3521904665823853,-0.8043033970404823,0.2121533166836726,1,0,0,0,0,0,1,0,0,1
-0.2088560555393659,0.9934507321230805,0.2121533166836726,1,0,0,0,1,0,1,0,0,1
-0.3543534477986443,-0.8043033970404823,-0.7566434880210966,1,0,0,0,1,0,1,0,0,1
-0.3433459914607087,0.5440121998321898,0.2121533166836726,1,0,1,0,0,0,0,0,1,0
-0.35034198411863865,0.09457366754129916,-0.7566434880210966,1,0,1,0,0,0,0,1,0,0
-0.3240588740872414,0.5440121998321898,-0.7566434880210966,1,0,0,1,0,0,0,0,1,0
-0.2884178215831268,0.9934507321230805,0.2121533166836726,1,0,1,0,0,1,0,0,0,0
0.7517386647876291,-0.35486486474959156,0.2121533166836726,0,0,0,0,1,0,0,0,0,1
-0.27645403230387783,0.09457366754129916,0.2121533166836726,0,1,0,0,1,0,0,0,0,1
0.051751089310411905,-1.253741929331373,-0.7566434880210966,0,0,0,0,0,0,1,1,0,0
-0.35209098228312113,0.5440121998321898,3.11854373079798,1,0,0,0,0,0,0,0,0,1
-0.16120949453373032,-0.35486486474959156,-0.7566434880210966,0,0,0,0,1,0,0,0,0,1
-0.24567166460898612,0.9934507321230805,0.2121533166836726,0,1,0,0,1,0,0,0,1,0
1.2196646709619892,-0.35486486474959156,-0.7566434880210966,0,1,0,0,1,0,0,0,1,0
-0.27147339899878276,0.9934507321230805,0.2121533166836726,0,0,1,0,0,0,1,0,0,0
-0.36409969995558616,-0.8043033970404823,2.634145328445595,1,0,1,0,0,1,0,0,0,1
-0.3201372671936678,-0.8043033970404823,2.1497469260932105,0,0,0,0,0,0,0,0,1,0
-0.35858955344473037,-1.253741929331373,-0.7566434880210966,1,0,0,0,0,0,0,0,0,1
-0.35598852039461465,1.4428892644139713,2.634145328445595,1,0,1,0,0,0,0,0,0,1
0.3497707490253947,0.5440121998321898,0.2121533166836726,0,0,0,0,1,1,0,0,0,0
0.03275600649284891,2.3417663289957527,0.2121533166836726,1,0,0,0,0,1,0,0,1,0
-0.2333741215515607,0.09457366754129916,0.2121533166836726,1,0,0,0,1,0,0,0,0,1
-0.34803138103895537,-0.8043033970404823,-0.7566434880210966,1,0,0,0,1,0,0,0,1,0
0.018151069526684185,-0.8043033970404823,2.634145328445595,0,1,1,0,0,0,0,0,0,0
0.016209521105561463,2.7912048612866434,0.6965517190360571,0,0,1,0,0,1,0,0,0,1
-0.2628471475012985,0.09457366754129916,0.2121533166836726,1,0,0,0,1,0,0,0,0,1
-0.14103985515066167,-0.8043033970404823,-0.7566434880210966,0,0,0,0,1,0,0,0,0,1
-0.34849671082583605,1.4428892644139713,-0.7566434880210966,1,0,0,1,0,1,0,0,0,1
-0.33204970973781267,0.5440121998321898,0.2121533166836726,1,0,0,0,1,0,0,0,0,1
0.29919421494788295,-0.8043033970404823,-0.7566434880210966,1,0,0,0,0,1,0,0,0,1
-0.24081297979976324,-0.8043033970404823,-0.7566434880210966,0,1,0,0,0,0,0,0,0,1
-0.36083597310553356,-1.253741929331373,-0.7566434880210966,1,0,0,0,1,0,0,0,0,0
-0.21482511349521438,-0.35486486474959156,0.2121533166836726,0,1,0,0,0,1,0,0,1,0
-0.18494131366464397,0.5440121998321898,-0.7566434880210966,1,0,1,0,0,0,1,0,0,1
-0.342845360793444,-0.8043033970404823,2.1497469260932105,0,0,0,0,0,0,0,1,0,0
-0.35391058220837174,-0.8043033970404823,0.2121533166836726,1,0,0,0,1,0,1,0,0,0
-0.1138581772549431,0.5440121998321898,-0.7566434880210966,1,0,0,0,1,0,1,0,1,0
-0.026865575890339655,0.5440121998321898,0.6965517190360571,0,0,0,0,0,0,1,0,0,1
-0.36073969797721345,-0.8043033970404823,0.2121533166836726,1,0,0,0,0,0,0,0,0,1
-0.30387318884945275,-0.8043033970404823,-0.7566434880210966,0,0,1,0,0,1,0,0,1,0
0.6259359546117067,0.5440121998321898,-0.7566434880210966,0,1,0,1,0,0,0,0,0,1
-0.33555412440866567,0.09457366754129916,0.2121533166836726,1,0,0,0,0,1,0,0,0,0
-0.36006577207897245,-0.35486486474959156,-0.7566434880210966,1,0,0,1,0,1,0,0,0,1
-0.22768747063878464,0.5440121998321898,0.2121533166836726,0,1,0,0,1,1,0,0,1,0
-0.11210917909046061,-1.253741929331373,-0.7566434880210966,0,1,0,0,1,1,0,0,0,0
-0.3528451374549622,-0.8043033970404823,-0.7566434880210966,1,0,0,0,1,0,1,0,0,1
1.8775029952606501,1.4428892644139713,0.2121533166836726,0,1,0,0,0,0,0,0,1,0
-0.3434101748795888,-0.35486486474959156,-0.7566434880210966,1,0,0,1,0,0,0,0,0,1
0.5610465181239345,-0.35486486474959156,-0.7566434880210966,1,0,1,0,0,1,0,0,0,1
0.11569382036970258,-0.8043033970404823,-0.7566434880210966,0,0,0,0,0,1,0,0,0,1
0.2722692707276848,0.09457366754129916,2.634145328445595,0,1,1,0,0,1,0,0,0,1
-0.23022913402643622,-0.35486486474959156,0.2121533166836726,0,1,1,0,0,0,0,0,0,1
0.19105799081870553,-0.8043033970404823,0.2121533166836726,0,0,0,0,1,0,0,0,0,1
-0.2842972460910249,-0.35486486474959156,0.2121533166836726,0,1,0,0,0,0,1,0,0,1
-0.30387318884945275,-0.8043033970404823,-0.7566434880210966,0,0,0,0,1,0,0,0,1,0
-0.017127346660757856,-0.8043033970404823,0.2121533166836726,0,1,0,0,1,0,0,0,0,1
-0.3548604968077971,-0.8043033970404823,0.2121533166836726,1,0,0,0,1,0,0,0,0,0
-0.031897555930538786,1.4428892644139713,2.634145328445595,0,0,0,0,1,1,0,0,0,0
0.3852481338113651,0.5440121998321898,-0.7566434880210966,0,1,0,1,0,0,0,0,0,1
-0.3419082828777947,-0.35486486474959156,0.2121533166836726,0,1,1,0,0,0,0,0,0,0
6.312747325934976,0.5440121998321898,-0.7566434880210966,1,0,0,1,0,1,0,0,1,0
-0.34310209446896434,-0.35486486474959156,0.2121533166836726,1,0,0,0,0,1,0,0,0,1
1.046305256566863,1.4428892644139713,-0.7566434880210966,0,1,0,1,0,0,0,0,0,1
-0.35030989240919863,-0.8043033970404823,-0.7566434880210966,1,0,0,0,0,0,0,0,0,1
-0.18603243178560552,-0.8043033970404823,-0.7566434880210966,1,0,1,0,0,0,0,0,1,0
0.37759426110991423,-0.35486486474959156,-0.7566434880210966,1,0,1,0,0,0,0,0,1,0
-0.32723595332180583,0.5440121998321898,0.2121533166836726,1,0,0,1,0,0,0,0,1,0
-0.3422067357755871,-1.253741929331373,-0.7566434880210966,0,1,0,0,1,1,0,0,1,0
2.72141226006364,0.9934507321230805,-0.7566434880210966,0,0,0,0,0,1,0,0,1,0
-0.34681189608023366,-1.253741929331373,0.2121533166836726,1,0,0,0,0,0,0,0,0,1
-0.3043224727816134,-0.35486486474959156,-0.7566434880210966,0,0,1,0,0,0,0,0,0,1
-0.07364726532656604,0.5440121998321898,0.2121533166836726,0,1,0,0,1,1,0,0,0,1
-0.2662617053857193,0.09457366754129916,-0.7566434880210966,0,0,0,0,1,0,0,0,1,0
-0.2902919774144254,1.4428892644139713,0.2121533166836726,1,0,0,1,0,0,0,1,0,0
-0.34803138103895537,-0.8043033970404823,-0.7566434880210966,1,0,0,0,0,0,0,0,1,0
-0.16363241859645375,0.5440121998321898,2.1497469260932105,0,0,0,0,0,1,0,0,0,1
0.6951288893353887,0.9934507321230805,0.2121533166836726,1,0,1,0,0,0,1,0,0,1
-0.34140765221053,-0.8043033970404823,0.2121533166836726,0,0,0,1,0,1,0,0,0,0
-0.3515357957098083,-0.35486486474959156,0.2121533166836726,1,0,0,0,1,0,0,0,0,1
0.026170787715751594,-0.35486486474959156,0.2121533166836726,0,1,0,0,1,0,1,0,0,1
-0.3436412351875571,-0.35486486474959156,0.2121533166836726,1,0,1,0,0,0,0,0,0,0
0.7876942160442562,0.5440121998321898,0.2121533166836726,1,0,0,0,0,1,0,0,0,0
-0.07137517229821082,-0.8043033970404823,0.2121533166836726,1,0,0,1,0,1,0,0,1,0
-0.34485430180439086,-0.35486486474959156,-0.7566434880210966,1,0,0,0,0,1,0,0,0,1
-0.24187200621128474,0.5440121998321898,0.2121533166836726,0,0,1,0,0,0,0,0,0,0
-0.31895629228627415,0.09457366754129916,-0.7566434880210966,1,0,0,0,1,1,0,0,0,1
-0.2939119222392626,0.09457366754129916,0.2121533166836726,0,1,0,0,1,0,0,0,0,1
-0.2997397766735749,2.3417663289957527,0.2121533166836726,1,0,1,0,0,0,1,0,0,1
-0.35415447920011606,-0.35486486474959156,0.2121533166836726,1,0,0,0,1,1,0,0,0,1
-0.28371959532110413,-0.35486486474959156,0.2121533166836726,0,1,1,0,0,0,0,0,0,0
-0.3407914913892811,-0.35486486474959156,0.2121533166836726,1,0,1,0,0,1,0,0,0,1
-0.36073969797721345,-0.8043033970404823,-0.7566434880210966,1,0,0,1,0,0,0,0,0,1
-0.32877635537492805,0.09457366754129916,-0.7566434880210966,1,0,1,0,0,0,0,0,0,1
0.13176534845727741,-0.35486486474959156,0.2121533166836726,0,0,0,0,1,0,0,0,0,1
0.4141852282134541,-0.8043033970404823,0.2121533166836726,1,0,0,0,1,0,0,0,0,1
0.2146774889665791,0.09457366754129916,0.2121533166836726,1,0,0,0,1,1,0,0,0,1
-0.21504333711940668,0.09457366754129916,0.2121533166836726,0,1,0,0,1,1,0,0,0,0
-0.3457721246943762,-0.8043033970404823,0.2121533166836726,0,0,1,0,0,1,0,1,0,0
-0.3482624413469237,-0.35486486474959156,0.2121533166836726,1,0,1,0,0,0,0,0,0,1
0.917357558865816,-0.8043033970404823,0.2121533166836726,0,0,0,0,1,1,0,0,0,1
-0.340040545388384,-0.35486486474959156,-0.7566434880210966,1,0,0,0,0,0,1,0,0,0
0.7612025099014985,0.5440121998321898,-0.7566434880210966,1,0,1,0,0,1,0,0,0,1
0.4757371269194616,0.09457366754129916,0.6965517190360571,0,0,0,0,0,0,0,0,0,1
-0.35027780069975856,-0.8043033970404823,-0.7566434880210966,1,0,1,0,0,0,0,0,0,1
-0.3168382394632311,0.5440121998321898,-0.7566434880210966,1,0,0,0,1,0,0,0,0,0
-0.25977918007883016,0.09457366754129916,-0.7566434880210966,0,0,0,1,0,0,1,0,0,1
6.85178374647206,0.5440121998321898,2.634145328445595,0,1,1,0,0,0,0,0,0,1
-0.29550367102748887,-0.35486486474959156,0.2121533166836726,0,0,0,1,0,0,1,0,0,1
-0.24970238331465583,-1.253741929331373,0.2121533166836726,0,1,0,1,0,1,0,0,0,0
0.10672418758120988,-0.35486486474959156,-0.7566434880210966,1,0,0,0,0,1,0,0,0,1
-0.3163568638216305,0.5440121998321898,1.1809501213884417,0,1,1,0,0,1,0,0,0,1
-0.32476489169492234,-0.8043033970404823,-0.7566434880210966,0,0,1,0,0,1,0,0,0,1
-0.3323963001997652,0.9934507321230805,0.2121533166836726,1,0,1,0,0,0,0,0,0,0
-0.27935512283725794,0.09457366754129916,-0.7566434880210966,0,1,0,0,1,0,0,0,0,1
-0.10220888672820658,1.892327796704862,-0.7566434880210966,0,1,0,0,1,1,0,0,0,1
-0.2263396188423027,0.09457366754129916,0.2121533166836726,1,0,0,0,0,0,0,0,0,1
-0.36423127596429034,0.09457366754129916,3.11854373079798,1,0,0,0,0,1,0,0,1,0
-0.3100989804808216,-0.35486486474959156,0.2121533166836726,1,0,0,0,0,0,0,0,0,1
0.07514594549220507,-0.35486486474959156,-0.7566434880210966,0,0,1,0,0,0,0,0,1,0
1.0546057772135307,1.4428892644139713,-0.272245085668712,0,0,1,0,0,1,0,1,0,0
-0.11215731665462068,0.5440121998321898,0.2121533166836726,0,1,0,0,1,0,0,0,0,1
-0.22364391524933885,-0.35486486474959156,0.2121533166836726,1,0,1,0,0,1,0,0,0,1
-0.25235315851440365,-0.8043033970404823,2.634145328445595,0,0,0,0,1,1,0,0,0,1
2.1412101992423365,4.139520458159316,-0.7566434880210966,1,0,1,0,0,1,0,0,0,1
-0.3022814400612264,1.892327796704862,0.2121533166836726,1,0,0,0,0,1,0,0,1,0
-0.35791562754648937,-1.253741929331373,0.2121533166836726,1,0,0,0,1,0,0,0,0,1
-0.36035459746393284,-0.35486486474959156,-0.7566434880210966,1,0,0,1,0,0,0,0,0,1
2.2304572431951035,2.3417663289957527,-0.7566434880210966,0,1,1,0,0,0,0,0,0,1
0.16315104028964195,-0.35486486474959156,0.2121533166836726,1,0,1,0,0,0,0,0,0,1
-0.35654210238245543,0.9934507321230805,3.11854373079798,1,0,0,0,0,0,0,0,1,0
-0.3131476928776259,0.5440121998321898,-0.7566434880210966,1,0,1,0,0,1,0,0,0,1
0.14605257749998568,0.9934507321230805,-0.7566434880210966,1,0,0,0,1,1,0,0,1,0
-0.29832774145821284,0.09457366754129916,0.2121533166836726,0,0,0,1,0,0,0,1,0,0
-0.36035459746393284,-0.35486486474959156,-0.7566434880210966,1,0,0,0,1,1,0,0,0,1
-0.35054416188811094,2.3417663289957527,3.11854373079798,1,0,0,0,0,1,0,0,0,1
0.10516773967336764,0.5440121998321898,0.2121533166836726,1,0,1,0,0,0,0,0,1,0
-0.3602904140450528,-0.8043033970404823,-0.7566434880210966,1,0,0,1,0,1,0,0,1,0
-0.36415425586163425,-0.8043033970404823,0.2121533166836726,1,0,0,0,1,1,0,0,0,0
-0.3450275970353671,-0.35486486474959156,2.634145328445595,1,0,1,0,0,0,1,0,0,0
0.28086984885761695,0.5440121998321898,-0.7566434880210966,1,0,0,0,0,0,0,0,0,1
-0.32401073652308127,-0.35486486474959156,-0.7566434880210966,1,0,1,0,0,0,1,0,1,0
-0.340040545388384,-0.35486486474959156,-0.7566434880210966,1,0,0,0,1,0,0,0,0,1
0.11636132792605552,-0.35486486474959156,0.2121533166836726,0,1,0,0,1,1,0,0,0,1
0.09054996602342696,-0.35486486474959156,-0.7566434880210966,1,0,0,0,0,0,0,0,1,0
-0.3394051295414711,0.09457366754129916,3.11854373079798,1,0,0,0,0,0,0,0,0,0
-0.356182675236727,0.09457366754129916,-0.7566434880210966,0,1,1,0,0,0,0,0,0,1
0.09367890769383139,0.9934507321230805,-0.7566434880210966,1,0,0,0,1,0,1,0,1,0
0.047884038322886374,0.5440121998321898,-0.7566434880210966,0,0,1,0,0,0,0,0,0,1
-0.262452419475186,-1.253741929331373,2.634145328445595,0,0,0,0,1,0,0,0,0,1
-0.27085081983564585,-0.8043033970404823,-0.7566434880210966,1,0,0,0,0,0,0,0,0,1
-0.24270639065672595,0.5440121998321898,2.634145328445595,1,0,0,0,1,1,0,0,0,0
-0.2495226697417916,-0.35486486474959156,0.2121533166836726,1,0,0,1,0,1,0,0,0,0
0.14369383685614237,0.5440121998321898,-0.272245085668712,0,0,1,0,0,0,0,0,0,0
-0.16998657706558273,0.5440121998321898,0.2121533166836726,1,0,1,0,0,1,0,0,0,1
-0.13458942155321255,-0.8043033970404823,1.665348523740826,0,0,0,0,0,0,0,0,0,1
0.07322044292580236,-1.253741929331373,1.665348523740826,0,0,0,0,1,0,0,0,1,0
4.578800173179875,1.4428892644139713,1.665348523740826,0,0,1,0,0,0,0,0,0,1
-0.33204970973781267,-0.35486486474959156,-0.7566434880210966,1,0,1,0,0,0,0,0,1,0
-0.28929071607989604,-0.8043033970404823,0.2121533166836726,1,0,0,0,1,1,0,0,1,0
-0.2988925555443576,-1.253741929331373,0.2121533166836726,1,0,0,1,0,0,0,0,0,1
-0.28140899224142085,-1.253741929331373,-0.7566434880210966,1,0,0,0,0,0,1,0,1,0
0.30371272763704144,0.09457366754129916,0.2121533166836726,0,0,0,1,0,0,0,0,0,1
-0.32072133630547667,-1.253741929331373,-0.7566434880210966,0,0,0,0,0,0,0,0,0,1
-0.3493150494165572,0.5440121998321898,0.2121533166836726,1,0,0,0,0,1,0,0,0,1
-0.18608377852070956,-0.8043033970404823,0.2121533166836726,0,0,0,0,1,0,1,0,0,1
-0.33943080290902317,0.5440121998321898,3.11854373079798,1,0,0,0,0,0,0,0,0,1
-0.36181797941439897,-0.35486486474959156,0.2121533166836726,1,0,0,1,0,1,0,0,0,1
-0.3615355723713265,-0.8043033970404823,0.2121533166836726,1,0,0,0,1,1,0,0,0,0
-0.01846236177346374,-0.35486486474959156,0.2121533166836726,0,0,0,0,1,1,0,0,0,0
-0.34385945881174945,-0.8043033970404823,-0.7566434880210966,1,0,0,0,1,0,0,0,0,1
-0.3376336671803806,-0.35486486474959156,-0.7566434880210966,1,0,0,1,0,0,1,0,0,1
-0.35027780069975856,-0.8043033970404823,-0.7566434880210966,1,0,0,0,1,0,0,0,1,0
-0.2148347410080464,0.5440121998321898,2.634145328445595,1,0,0,1,0,0,0,0,0,1
-0.34991837355403005,-0.35486486474959156,0.2121533166836726,1,0,0,1,0,1,0,0,0,1
-0.34447561963299833,-1.253741929331373,0.2121533166836726,1,0,0,0,1,1,0,0,1,0
-0.34507894377047116,0.09457366754129916,-0.7566434880210966,0,0,0,0,1,1,0,0,1,0
-0.3462984287291929,-0.35486486474959156,0.2121533166836726,1,0,0,0,1,0,0,0,0,1
-0.30515685722705455,-0.8043033970404823,-0.7566434880210966,1,0,0,0,1,1,0,0,0,1
-0.2904107167393536,2.3417663289957527,-0.7566434880210966,1,0,0,1,0,0,0,0,1,0
0.4013485444374359,-0.8043033970404823,0.2121533166836726,0,1,0,1,0,0,0,0,1,0
-0.349879863502702,-0.35486486474959156,0.2121533166836726,1,0,0,0,1,0,0,0,0,0
-0.3453677691554316,-0.8043033970404823,-0.7566434880210966,1,0,1,0,0,0,0,0,0,0
-0.33827550136918155,0.09457366754129916,0.2121533166836726,0,1,0,0,0,1,0,0,1,0
-0.264592936494837,-0.8043033970404823,-0.7566434880210966,1,0,1,0,0,0,0,0,0,1
-0.3611055434648299,-0.8043033970404823,2.634145328445595,1,0,0,1,0,0,0,0,0,1
-0.14019263402144447,-0.35486486474959156,0.2121533166836726,0,1,1,0,0,0,0,1,0,0
-0.31321829463839396,-0.8043033970404823,0.2121533166836726,1,0,1,0,0,0,0,0,0,1
-0.3548669151496851,0.5440121998321898,2.634145328445595,1,0,1,0,0,0,1,0,0,0
-0.17631506216715973,-0.35486486474959156,0.2121533166836726,0,1,0,1,0,0,0,0,0,0
-0.36073969797721345,-0.8043033970404823,0.2121533166836726,1,0,1,0,0,0,0,0,0,1
1.6652259648275811,2.3417663289957527,-0.7566434880210966,1,0,0,1,0,0,1,0,0,1
-0.3274605952878862,-0.8043033970404823,-0.7566434880210966,0,1,0,0,1,0,0,0,0,0
0.5351966461699779,0.09457366754129916,-0.7566434880210966,1,0,1,0,0,0,0,1,0,0
-0.29416544674383893,-0.35486486474959156,-0.7566434880210966,1,0,0,0,1,0,1,0,0,0
-0.16998657706558273,0.5440121998321898,0.2121533166836726,1,0,1,0,0,0,0,0,0,1
-0.06556015454767457,-1.253741929331373,-0.7566434880210966,1,0,0,0,1,0,1,0,1,0
0.6948208089247643,-0.35486486474959156,0.2121533166836726,0,0,0,0,1,0,0,0,0,1
-0.3380283952064932,1.4428892644139713,2.634145328445595,1,0,0,0,1,0,0,0,0,1
-0.3515775149320804,0.5440121998321898,-0.7566434880210966,1,0,0,0,1,0,0,0,0,1
1.793384206476403,1.892327796704862,0.2121533166836726,1,0,0,1,0,1,0,0,0,1
-0.3014984023508893,-0.8043033970404823,-0.7566434880210966,1,0,1,0,0,1,0,0,0,1
-0.3283142347589914,0.09457366754129916,0.2121533166836726,1,0,0,0,0,0,0,0,1,0
-0.2340673024754657,-0.8043033970404823,0.2121533166836726,0,1,0,0,1,1,0,0,0,1
-0.36279356738137636,-0.8043033970404823,-0.7566434880210966,1,0,1,0,0,0,0,0,0,1
1.3797702093583761,-0.35486486474959156,-0.7566434880210966,1,0,0,0,1,0,0,0,1,0
-0.2971210931832672,1.4428892644139713,0.2121533166836726,1,0,1,0,0,0,0,0,0,1
-0.3641029091265302,-1.253741929331373,0.2121533166836726,1,0,0,1,0,0,0,0,0,1
-0.06950743480880019,-0.35486486474959156,-0.7566434880210966,1,0,0,0,1,0,0,0,0,1
-0.34701728302064994,-1.253741929331373,0.2121533166836726,0,0,0,0,1,0,1,0,0,1
-0.32738999352711806,0.9934507321230805,0.2121533166836726,1,0,0,0,1,0,0,0,0,1
-0.31176774937170393,1.4428892644139713,-0.7566434880210966,0,0,1,0,0,0,1,0,0,1
1.1809620693772942,0.5440121998321898,-0.7566434880210966,1,0,0,0,0,0,0,0,0,1
1.2648080786313012,0.09457366754129916,1.1809501213884417,0,0,1,0,0,0,0,0,0,1
-0.32117062023763726,-0.35486486474959156,-0.7566434880210966,1,0,0,0,1,0,0,1,0,0
-0.3335901117909349,-0.8043033970404823,-0.7566434880210966,1,0,0,0,0,1,0,0,0,1
-0.34398782564950964,-0.35486486474959156,-0.7566434880210966,1,0,1,0,0,0,0,1,0,0
1.0013768633507993,0.5440121998321898,0.6965517190360571,0,0,1,0,0,0,0,0,0,1
0.2729271507712057,0.5440121998321898,-0.7566434880210966,0,1,0,0,0,0,0,0,0,1
-0.25429791610647035,-0.35486486474959156,0.2121533166836726,1,0,1,0,0,0,0,0,0,1
0.0008311739418916375,-0.35486486474959156,0.2121533166836726,1,0,0,0,0,0,1,0,0,0
0.3884091671912096,-0.8043033970404823,0.2121533166836726,0,1,0,0,1,0,0,0,0,1
-0.11211880660329263,-0.8043033970404823,0.2121533166836726,0,1,0,0,0,1,0,0,0,0
-0.3304451242658104,-0.8043033970404823,-0.7566434880210966,0,1,0,0,0,0,0,0,0,1
-0.34803138103895537,-0.8043033970404823,-0.7566434880210966,1,0,0,0,1,0,0,0,0,0
-0.3347454133307765,-0.35486486474959156,-0.7566434880210966,1,0,1,0,0,0,0,0,0,0
-0.10015501732404367,-0.8043033970404823,0.2121533166836726,1,0,0,1,0,1,0,1,0,0
-0.3457977980619282,-0.35486486474959156,0.2121533166836726,1,0,0,0,1,0,1,0,0,0
-0.3595523047279317,-1.253741929331373,-0.7566434880210966,1,0,0,1,0,1,0,0,0,1
-0.36097075828518177,-0.35486486474959156,2.634145328445595,1,0,0,0,1,0,0,0,1,0
-0.22749492038214436,0.9934507321230805,-0.7566434880210966,1,0,1,0,0,0,0,0,1,0
2.7119387874369383,-0.35486486474959156,0.2121533166836726,0,1,0,0,1,0,0,0,0,1
2.166010672297604,1.4428892644139713,1.1809501213884417,0,0,1,0,0,1,0,0,0,1
-0.3438722954955255,-0.35486486474959156,0.2121533166836726,1,0,0,0,0,0,0,0,0,1
-0.04536805096799792,-0.8043033970404823,0.2121533166836726,0,1,0,0,1,1,0,0,0,0
-0.348493501654892,2.3417663289957527,0.2121533166836726,1,0,0,1,0,0,0,0,0,0
-0.34299940099875625,-0.8043033970404823,0.2121533166836726,1,0,0,0,1,0,0,0,0,1
0.11321634040093109,1.892327796704862,0.2121533166836726,0,0,0,0,1,1,0,0,0,0
-0.2659086965818789,-0.35486486474959156,-0.7566434880210966,1,0,1,0,0,0,0,0,0,1
-0.23758455383009466,0.9934507321230805,0.2121533166836726,1,0,0,0,1,1,0,0,0,1
-0.3401368205167042,-0.35486486474959156,0.2121533166836726,1,0,1,0,0,0,0,0,0,1
0.08616944768486072,0.09457366754129916,-0.7566434880210966,0,0,0,0,1,1,0,1,0,0
-0.22037056088645426,0.9934507321230805,-0.7566434880210966,1,0,0,0,1,1,0,0,0,1
-0.2755811378071086,-0.8043033970404823,0.2121533166836726,0,1,1,0,0,0,0,1,0,0
-0.27399580736077034,0.9934507321230805,-0.7566434880210966,1,0,1,0,0,0,0,0,1,0
0.0998726076157602,-0.8043033970404823,-0.7566434880210966,0,0,0,1,0,0,0,0,1,0
-0.32678666938964523,0.09457366754129916,-0.7566434880210966,1,0,0,0,1,0,0,0,1,0
-0.2289583023326104,-0.8043033970404823,0.2121533166836726,1,0,0,1,0,0,0,0,1,0
-0.3484164815522359,-0.35486486474959156,-0.7566434880210966,1,0,0,0,0,0,0,0,0,1
-0.2662360320181673,-0.35486486474959156,0.2121533166836726,0,0,0,0,1,1,0,0,0,1
-0.064436944717273,0.5440121998321898,-0.7566434880210966,1,0,0,0,1,0,0,0,0,1
-0.350611554477935,-0.35486486474959156,0.2121533166836726,1,0,1,0,0,0,0,1,0,0
-0.32559927614036355,-0.35486486474959156,-0.7566434880210966,0,0,0,0,0,0,0,0,0,1
-0.35711333481048824,-0.8043033970404823,-0.7566434880210966,1,0,0,0,1,0,0,1,0,0
-0.2083843074105972,-1.253741929331373,-0.7566434880210966,0,1,1,0,0,0,1,0,0,1
1.1291114944350125,0.09457366754129916,0.2121533166836726,0,0,0,0,1,0,0,1,0,0
-0.02054190454517868,1.4428892644139713,0.2121533166836726,1,0,1,0,0,0,1,0,0,1
-0.34833946144957983,-0.8043033970404823,0.2121533166836726,1,0,0,1,0,0,0,0,0,1
-0.3176854605924483,1.892327796704862,0.2121533166836726,1,0,0,0,0,1,0,0,0,1
-0.36335838146752114,-1.253741929331373,0.2121533166836726,1,0,0,0,1,1,0,0,0,0
-0.3536923585841794,-0.35486486474959156,0.2121533166836726,1,0,0,0,1,1,0,0,1,0
0.01878969454454113,-0.8043033970404823,0.2121533166836726,0,0,0,0,1,0,0,0,1,0
-0.3500852504431183,-0.8043033970404823,-0.7566434880210966,1,0,1,0,0,0,0,0,0,1
-0.264592936494837,0.09457366754129916,-0.7566434880210966,1,0,1,0,0,1,0,0,1,0
0.2824102509107392,1.4428892644139713,-0.7566434880210966,0,0,0,0,0,0,0,0,0,1
-0.31250585868882497,0.9934507321230805,-0.7566434880210966,1,0,0,0,1,0,0,0,0,1
-0.2694066929108438,-0.8043033970404823,-0.7566434880210966,1,0,0,0,1,0,1,0,1,0
-0.33776203401814076,-0.8043033970404823,-0.7566434880210966,1,0,0,1,0,0,1,0,0,1
-0.3549631902780052,-0.35486486474959156,-0.7566434880210966,1,0,1,0,0,0,1,0,0,1
-0.3521904665823853,-0.8043033970404823,0.2121533166836726,1,0,0,1,0,1,0,0,0,1
0.6168251183016777,1.892327796704862,0.2121533166836726,0,0,0,0,1,0,0,0,0,0
-0.25498146951754336,-0.35486486474959156,-0.7566434880210966,1,0,1,0,0,0,0,1,0,0
2.8942325337401735,-0.8043033970404823,0.2121533166836726,1,0,0,0,1,1,0,0,0,0
-0.3292384759908647,0.09457366754129916,0.2121533166836726,1,0,1,0,0,1,0,0,0,1
1.2741660211040184,1.892327796704862,0.2121533166836726,0,1,0,0,1,0,0,0,0,1
0.37759426110991423,-0.35486486474959156,-0.7566434880210966,1,0,1,0,0,1,0,0,0,1
-0.3443087427439101,-0.8043033970404823,-0.7566434880210966,1,0,0,0,0,0,1,0,0,0
-0.35822370795711383,-0.8043033970404823,0.2121533166836726,1,0,0,0,0,1,0,0,0,1
-0.3670938564463424,-0.35486486474959156,3.11854373079798,1,0,0,0,0,0,0,0,0,1
-0.3434743582984689,0.09457366754129916,-0.7566434880210966,1,0,0,0,1,1,0,0,0,1
-0.31059961114808626,1.4428892644139713,0.2121533166836726,1,0,0,0,0,1,0,0,0,0
-0.23731498347079832,-0.8043033970404823,-0.7566434880210966,1,0,0,0,0,1,0,0,0,1
-0.3201501038774438,0.9934507321230805,2.1497469260932105,0,0,0,0,0,0,0,0,1,0
-0.15061923041851524,-1.253741929331373,-0.7566434880210966,0,1,1,0,0,0,0,0,1,0
-0.2113206988243614,0.9934507321230805,-0.7566434880210966,0,1,0,0,0,1,0,0,0,1
0.9575556341104171,-0.35486486474959156,-0.7566434880210966,0,1,1,0,0,1,0,0,1,0
-0.34963596651095763,-0.8043033970404823,-0.7566434880210966,1,0,0,0,1,0,0,0,0,1
-0.2678341991482816,-0.35486486474959156,-0.7566434880210966,1,0,0,0,0,0,0,0,0,1
-0.06414491016136856,-0.35486486474959156,1.1809501213884417,0,0,0,1,0,0,0,0,1,0
-0.34963596651095763,-0.8043033970404823,-0.7566434880210966,1,0,1,0,0,0,1,0,0,1
-0.2648753435379094,-1.253741929331373,0.2121533166836726,0,0,0,1,0,1,0,0,0,1
-0.35351906335320316,-0.35486486474959156,-0.7566434880210966,1,0,0,1,0,0,1,1,0,0
-0.1940553591456169,4.588958990450206,-0.7566434880210966,1,0,1,0,0,0,0,0,1,0
2.2447540997506437,2.3417663289957527,-0.7566434880210966,0,0,0,1,0,0,0,0,0,1
-0.3367992827349394,-0.8043033970404823,-0.7566434880210966,0,0,0,0,1,0,0,0,0,1
-0.0607849081829958,-0.35486486474959156,0.2121533166836726,0,1,0,0,1,1,0,0,0,1
-0.34379527539286936,0.5440121998321898,-0.7566434880210966,1,0,0,1,0,0,0,0,0,1
1.1715238976309768,0.09457366754129916,0.2121533166836726,0,1,0,1,0,1,0,0,0,1
-0.3316004258056521,0.09457366754129916,-0.7566434880210966,1,0,1,0,0,1,0,1,0,0
-0.18372182870592224,1.4428892644139713,-0.7566434880210966,0,1,1,0,0,1,0,0,0,1
0.15102037412130473,-0.35486486474959156,0.2121533166836726,0,1,0,0,0,0,0,0,0,1
0.02357456842205192,0.5440121998321898,-0.7566434880210966,1,0,1,0,0,0,0,0,1,0
-0.0969298005253191,0.5440121998321898,-0.7566434880210966,1,0,0,0,0,0,1,0,0,1
-0.1042627561323695,-0.35486486474959156,-0.7566434880210966,1,0,0,0,1,1,0,0,1,0
-0.21521021400849494,-0.35486486474959156,0.2121533166836726,0,1,0,0,0,0,0,1,0,0
-0.35547665762904596,0.5440121998321898,0.2121533166836726,0,0,1,0,0,0,0,0,1,0
-0.3168382394632311,0.5440121998321898,-0.7566434880210966,1,0,0,0,1,1,0,0,0,1
-0.31900442985043415,-0.35486486474959156,-0.7566434880210966,1,0,1,0,0,0,1,0,0,1
-0.3573379767765686,-0.8043033970404823,-0.7566434880210966,1,0,0,0,1,1,0,0,0,1
-0.35125659783768,-0.35486486474959156,-0.7566434880210966,1,0,1,0,0,1,0,0,0,1
-0.33949498632790326,-0.8043033970404823,-0.7566434880210966,0,0,0,0,1,0,0,1,0,0
-0.32723595332180583,0.09457366754129916,-0.7566434880210966,1,0,1,0,0,1,0,0,0,1
0.06917688753635665,-0.35486486474959156,-0.7566434880210966,0,0,1,0,0,1,0,0,1,0
-0.35778726070872924,-1.253741929331373,0.2121533166836726,1,0,0,0,1,0,0,0,1,0
-0.3641799292291863,-0.8043033970404823,0.2121533166836726,1,0,0,0,0,1,0,0,0,1
-0.3388916621904304,-0.8043033970404823,0.2121533166836726,1,0,1,0,0,0,0,0,1,0
-0.3376079938128286,0.09457366754129916,0.2121533166836726,1,0,0,0,0,0,1,1,0,0
-0.3420623230831069,-0.8043033970404823,-0.7566434880210966,1,0,0,0,1,0,1,0,0,1
-0.18691174462426277,-0.8043033970404823,0.6965517190360571,0,0,1,0,0,0,0,0,0,0
-0.33264340636245354,0.5440121998321898,-0.7566434880210966,1,0,0,0,1,1,0,0,0,0
-0.3281987046050072,0.5440121998321898,0.2121533166836726,1,0,1,0,0,0,1,0,0,1
-0.20840035326531722,-0.8043033970404823,-0.7566434880210966,0,1,0,0,1,1,0,0,0,0
0.12021233305886103,-0.35486486474959156,0.2121533166836726,0,1,0,0,1,1,0,0,0,1
-0.3655775231753003,-1.253741929331373,2.634145328445595,1,0,0,0,1,0,0,0,0,0
-0.35134324545316803,-0.35486486474959156,0.2121533166836726,1,0,1,0,0,0,0,0,0,1
-0.36298611763801664,-0.8043033970404823,-0.7566434880210966,1,0,0,0,0,0,1,0,0,1
0.3402716030311413,-0.8043033970404823,0.2121533166836726,0,0,0,0,1,0,0,0,1,0
0.8508442818803778,0.9934507321230805,0.6965517190360571,0,0,1,0,0,1,0,0,1,0
1.197120245080357,0.09457366754129916,-0.7566434880210966,0,0,0,1,0,1,0,0,1,0
-0.3357081646139779,0.5440121998321898,0.2121533166836726,1,0,0,0,0,1,0,0,1,0
0.536031030615419,0.5440121998321898,0.2121533166836726,0,0,0,0,1,0,0,0,0,1
-0.34464249652208656,0.09457366754129916,0.2121533166836726,1,0,0,0,0,0,0,0,0,1
-0.35391058220837174,-0.8043033970404823,0.2121533166836726,1,0,0,0,1,0,0,0,0,1
-0.26103717508887997,-1.253741929331373,1.1809501213884417,0,0,1,0,0,1,0,0,0,1
-0.18917741931072998,-0.8043033970404823,-0.7566434880210966,1,0,1,0,0,1,0,0,0,1
-0.03669205732088159,-0.35486486474959156,2.634145328445595,0,1,1,0,0,0,0,0,0,1
-0.3414846723131861,-0.35486486474959156,0.2121533166836726,1,0,0,0,1,0,0,0,1,0
-0.36436606114393855,-0.8043033970404823,-0.7566434880210966,1,0,1,0,0,0,0,0,1,0
-0.3580054843329215,0.09457366754129916,3.11854373079798,1,0,0,0,0,0,0,0,0,1
-0.3453677691554316,-0.8043033970404823,-0.7566434880210966,1,0,0,0,0,1,0,0,0,1
-0.25493333195338325,1.4428892644139713,-0.7566434880210966,1,0,0,1,0,1,0,0,0,0
-0.30529485157764674,-1.253741929331373,1.1809501213884417,0,1,1,0,0,0,0,0,1,0
0.6259359546117067,0.5440121998321898,-0.7566434880210966,0,1,0,0,0,1,0,0,1,0
-0.28656933911938015,0.9934507321230805,0.2121533166836726,0,0,1,0,0,0,0,1,0,0
-0.29257690712655665,2.3417663289957527,-0.7566434880210966,1,0,0,0,1,0,0,0,1,0
-0.3350149836900729,-0.35486486474959156,0.2121533166836726,0,1,0,0,0,1,0,0,0,1
-0.29714997572176316,-0.35486486474959156,-0.7566434880210966,0,0,0,0,1,1,0,0,0,0
-0.359045255718779,-0.8043033970404823,0.2121533166836726,1,0,1,0,0,0,0,0,0,1
0.016235194473113484,-0.35486486474959156,0.2121533166836726,0,1,0,1,0,1,0,0,0,1
-0.3389494272674225,-0.8043033970404823,-0.7566434880210966,1,0,1,0,0,0,0,0,1,0
-0.3447451899922947,0.09457366754129916,2.1497469260932105,0,0,0,0,0,0,1,0,1,0
-0.2855488227591867,-0.35486486474959156,-0.7566434880210966,1,0,0,0,0,0,0,0,1,0
-0.3479800343038513,-0.8043033970404823,3.11854373079798,1,0,0,0,0,0,0,0,0,1
-0.14485876857402707,1.4428892644139713,-0.7566434880210966,0,0,0,0,1,0,0,0,0,1
0.12484958507294759,-0.8043033970404823,-0.030045884492519763,0,0,0,0,1,0,0,0,0,1
-0.3608680648149736,0.09457366754129916,-0.7566434880210966,1,0,0,0,1,0,0,0,1,0
-0.1122215000735008,0.09457366754129916,-0.7566434880210966,0,0,0,1,0,0,1,0,0,1
0.7286903990677885,-0.8043033970404823,1.1809501213884417,0,1,1,0,0,0,0,0,0,0
-0.26234651683403376,0.09457366754129916,-0.7566434880210966,0,1,0,1,0,1,0,0,0,1
-0.323770048702281,-0.35486486474959156,0.2121533166836726,1,0,0,1,0,0,0,0,0,1
1.4249713821046806,0.09457366754129916,-0.7566434880210966,1,0,0,0,1,1,0,0,0,1
-0.23278363409786387,-0.8043033970404823,0.2121533166836726,0,1,0,0,1,0,0,0,0,1
0.0975716320489089,-0.8043033970404823,-0.030045884492519763,0,0,0,0,1,0,0,0,0,0
-0.10175960279604594,-0.35486486474959156,-0.7566434880210966,1,0,1,0,0,1,0,0,1,0
-0.36420560259673834,-1.253741929331373,-0.7566434880210966,1,0,0,1,0,0,1,0,0,1
-0.3215364657252538,-0.35486486474959156,0.2121533166836726,1,0,0,0,0,0,1,0,1,0
-0.353393905686387,-0.8043033970404823,2.634145328445595,1,0,1,0,0,0,0,0,0,1
-0.3665932257790777,-0.8043033970404823,3.11854373079798,1,0,0,0,0,0,0,0,0,0
-0.3286800802466079,-0.35486486474959156,-0.7566434880210966,0,0,0,0,1,0,1,0,1,0
-0.19556046031835503,-0.35486486474959156,1.1809501213884417,0,1,1,0,0,0,0,0,1,0
0.0932456696163908,-0.35486486474959156,-0.7566434880210966,0,1,1,0,0,0,0,1,0,0
-0.10098940176948487,4.139520458159316,2.634145328445595,1,0,1,0,0,1,0,0,0,1
-0.1282192172293635,0.5440121998321898,-0.7566434880210966,0,1,1,0,0,0,0,0,0,1
-0.28921369597723995,-0.8043033970404823,0.2121533166836726,0,1,0,0,0,1,0,0,1,0
-0.2582066863162679,-0.35486486474959156,-0.7566434880210966,1,0,1,0,0,0,1,0,0,1
-0.0015051025053437052,0.5440121998321898,0.2121533166836726,1,0,0,0,0,0,1,0,0,1
-0.35773591397362514,-0.35486486474959156,0.2121533166836726,1,0,0,0,0,1,0,0,0,0
0.5552860562794463,-0.8043033970404823,0.2121533166836726,0,1,0,0,1,0,0,0,0,1
-0.018423851722135683,-0.35486486474959156,0.2121533166836726,0,0,0,1,0,0,0,0,0,1
-0.3015625857697694,0.09457366754129916,0.2121533166836726,1,0,0,0,0,1,0,0,0,1
-0.2644003862381967,0.09457366754129916,-0.7566434880210966,1,0,1,0,0,1,0,0,0,1
-0.3494755079637574,0.5440121998321898,2.634145328445595,1,0,0,1,0,1,0,0,0,1
-0.3656754028890924,-0.8043033970404823,3.11854373079798,1,0,0,0,0,1,0,0,0,1
-0.36407723575897816,-0.8043033970404823,-0.7566434880210966,1,0,0,0,1,0,0,0,0,0
-0.304771756713774,0.09457366754129916,-0.7566434880210966,0,0,0,0,1,0,0,0,0,1
0.4013549627793239,0.09457366754129916,2.634145328445595,0,1,1,0,0,0,0,0,0,0
-0.26433620281931663,0.09457366754129916,-0.7566434880210966,1,0,1,0,0,1,0,0,1,0
2.5288620034233666,0.9934507321230805,-0.7566434880210966,0,0,0,0,0,0,0,0,0,1
-0.31509245046969264,1.4428892644139713,0.2121533166836726,1,0,0,0,0,1,0,0,0,1
-0.2405016902181948,-0.35486486474959156,1.1809501213884417,0,0,1,0,0,0,1,1,0,0
-0.36143287890111836,-0.8043033970404823,0.2121533166836726,1,0,0,1,0,1,0,0,0,1
-0.3152978374101089,0.09457366754129916,-0.7566434880210966,1,0,0,0,0,0,0,0,0,1
-0.34682473276400966,-0.8043033970404823,0.2121533166836726,1,0,1,0,0,0,0,0,0,1
0.3416258731695112,0.09457366754129916,-0.272245085668712,0,0,1,0,0,0,0,0,0,1
-0.35547665762904596,0.5440121998321898,0.2121533166836726,1,0,0,0,1,0,0,0,0,0
-0.33204970973781267,0.09457366754129916,-0.7566434880210966,1,0,1,0,0,1,0,0,1,0
-0.3621260598250234,-1.253741929331373,0.2121533166836726,1,0,0,0,1,0,1,0,0,1
1.4909776100809662,2.3417663289957527,0.2121533166836726,0,0,0,0,1,1,0,0,0,1
-0.3016588608980896,1.4428892644139713,-0.7566434880210966,1,0,1,0,0,1,0,0,1,0
-0.05312140796871291,0.9934507321230805,0.2121533166836726,0,1,0,0,1,0,0,0,0,0
1.6969967571732265,0.5440121998321898,-0.7566434880210966,0,1,0,0,1,1,0,0,1,0
-0.298449689954085,0.9934507321230805,-0.7566434880210966,1,0,0,0,1,0,0,0,0,1
-0.055637397988812495,-1.253741929331373,0.2121533166836726,0,0,0,0,1,1,0,0,1,0
-0.3251564105500909,-0.35486486474959156,0.2121533166836726,1,0,0,0,0,1,0,0,0,0
-0.35130473540184004,-0.35486486474959156,0.2121533166836726,1,0,0,0,1,0,0,0,0,0
-0.33522678897237723,-0.35486486474959156,-0.7566434880210966,1,0,0,0,1,0,0,0,0,1
-0.3333012864059745,-0.35486486474959156,-0.7566434880210966,0,0,0,0,1,0,0,0,0,1
5.704997741730337,0.9934507321230805,-0.272245085668712,0,0,1,0,0,0,0,0,1,0
-0.36280961323609634,-1.253741929331373,-0.7566434880210966,1,0,0,0,1,1,0,0,1,0
-0.3154101583931491,-1.253741929331373,-0.7566434880210966,1,0,0,0,0,1,0,1,0,0
-0.35616662938200694,-1.253741929331373,-0.7566434880210966,1,0,0,0,1,0,0,0,1,0
-0.06039338932782724,4.588958990450206,-0.7566434880210966,0,0,0,1,0,1,0,0,0,1
0.20064057525750312,0.5440121998321898,-0.7566434880210966,1,0,0,1,0,0,0,1,0,0
-0.17155907082814498,-0.35486486474959156,-0.7566434880210966,1,0,1,0,0,1,0,0,0,1
-0.3255415110633715,0.09457366754129916,0.2121533166836726,1,0,0,0,1,1,0,0,0,0
-0.3486732152277563,-0.8043033970404823,-0.7566434880210966,0,0,1,0,0,1,0,0,0,1
-0.31934139279955465,0.5440121998321898,0.2121533166836726,1,0,0,0,1,0,0,0,0,1
-0.264592936494837,-0.8043033970404823,-0.7566434880210966,1,0,0,0,1,0,0,0,0,1
-0.3300086770174258,2.3417663289957527,0.2121533166836726,1,0,0,0,1,0,1,0,0,1
-0.34803138103895537,-0.8043033970404823,-0.7566434880210966,1,0,0,0,1,1,0,1,0,0
-0.3272680450312459,0.5440121998321898,-0.7566434880210966,1,0,0,0,0,0,1,0,0,1
-0.3304579609495864,-0.8043033970404823,3.11854373079798,1,0,0,0,0,1,0,0,0,1
-0.18913890925940194,-0.8043033970404823,0.2121533166836726,0,1,0,0,1,0,0,0,0,1
0.9019471199927063,0.9934507321230805,1.1809501213884417,0,1,1,0,0,1,0,0,0,1
0.04435234569900942,-0.35486486474959156,-0.030045884492519763,0,0,0,0,1,0,0,0,0,1
-0.3451431271893513,-0.8043033970404823,-0.7566434880210966,0,0,0,0,1,0,0,0,0,1
-0.07014285065571307,0.9934507321230805,0.2121533166836726,1,0,1,0,0,0,0,0,0,1
-0.3304451242658104,0.09457366754129916,-0.7566434880210966,1,0,0,1,0,0,0,0,0,1
-0.3627165472787202,-1.253741929331373,0.2121533166836726,1,0,0,0,0,0,1,0,1,0
-0.25203865976189116,-1.253741929331373,0.2121533166836726,1,0,0,0,0,0,0,0,0,1
0.1355778435387548,-0.35486486474959156,0.2121533166836726,0,0,1,0,0,0,0,0,0,1
-0.3001345046996874,-0.35486486474959156,-0.7566434880210966,1,0,0,0,0,0,0,0,1,0
-0.3486732152277563,-0.8043033970404823,-0.7566434880210966,0,0,0,0,1,0,0,0,0,1
0.8776954151688638,0.5440121998321898,1.1809501213884417,0,1,1,0,0,0,1,0,0,1
0.03485480429022793,1.4428892644139713,-0.7566434880210966,1,0,0,1,0,0,0,0,0,1
-0.17504423047333392,0.09457366754129916,0.2121533166836726,1,0,0,0,1,0,0,0,1,0
-0.2975350762350437,-0.35486486474959156,-0.7566434880210966,1,0,0,1,0,0,0,0,1,0
-0.14843378500564816,-0.35486486474959156,0.2121533166836726,1,0,0,0,0,0,0,0,0,1
-0.334360312817496,0.9934507321230805,-0.7566434880210966,1,0,0,0,1,0,0,0,1,0
-0.007320120255879949,-0.8043033970404823,0.2121533166836726,0,0,0,0,1,0,0,0,0,1
0.6002144494955101,0.5440121998321898,0.2121533166836726,0,0,0,0,1,0,0,0,1,0
0.6680563232517664,0.5440121998321898,0.2121533166836726,1,0,0,0,0,0,0,0,0,1
-0.2796118565127783,0.5440121998321898,0.2121533166836726,1,0,1,0,0,0,0,0,0,0
-0.01424551115304178,-1.253741929331373,-0.7566434880210966,0,0,1,0,0,1,0,0,1,0
-0.3168382394632311,0.5440121998321898,-0.7566434880210966,1,0,0,0,1,0,0,0,0,1
-0.3395078230116793,-1.253741929331373,0.2121533166836726,1,0,0,1,0,0,1,0,1,0
-0.11249427960374117,0.5440121998321898,-0.7566434880210966,0,1,0,0,0,0,0,0,1,0
-0.36040594419903693,-0.8043033970404823,0.2121533166836726,1,0,1,0,0,0,0,0,0,1
-0.3554445659196059,-0.35486486474959156,-0.7566434880210966,1,0,0,1,0,0,0,0,0,1
-0.35842909489753016,-1.253741929331373,-0.7566434880210966,1,0,0,0,1,0,0,0,1,0
0.2464322354575041,0.09457366754129916,1.423149322564634,0,0,0,1,0,1,0,0,0,1
-0.3168382394632311,0.5440121998321898,-0.7566434880210966,1,0,1,0,0,0,0,0,0,1
-0.09161220427110352,-0.8043033970404823,-0.272245085668712,0,0,1,0,0,0,0,0,1,0
-0.3453998608648717,-0.8043033970404823,-0.7566434880210966,1,0,0,1,0,0,0,0,0,1
-0.3383268481042856,-0.35486486474959156,0.2121533166836726,1,0,0,0,1,1,0,0,0,1
-0.36035459746393284,-1.253741929331373,-0.7566434880210966,1,0,0,0,1,1,0,0,0,0
-0.16094955168726593,-0.35486486474959156,0.2121533166836726,1,0,0,0,0,0,0,0,0,1
0.20877582360055472,-0.35486486474959156,-0.7566434880210966,0,1,1,0,0,0,0,0,0,0
-0.34483504677872684,-0.8043033970404823,2.634145328445595,1,0,0,0,1,1,0,0,0,1
-0.29917175341648605,-1.253741929331373,-0.7566434880210966,1,0,0,0,0,0,0,0,0,1
-0.2960428117460816,1.4428892644139713,-0.7566434880210966,1,0,0,0,0,0,1,0,0,1
0.8874673406933578,-0.35486486474959156,-0.7566434880210966,0,0,1,0,0,0,0,0,1,0
-0.28338263237198363,-0.35486486474959156,-0.7566434880210966,0,1,0,1,0,0,1,0,0,1
0.5604464031574056,0.09457366754129916,0.2121533166836726,0,0,1,0,0,1,0,0,1,0
-0.3175314203871361,-0.8043033970404823,0.2121533166836726,0,0,1,0,0,0,0,0,1,0
-0.33744111692374035,0.5440121998321898,0.2121533166836726,1,0,0,0,0,0,0,0,0,1
-0.18963953992666663,2.3417663289957527,0.2121533166836726,1,0,0,0,0,1,0,0,0,0
-0.3022814400612264,1.892327796704862,0.2121533166836726,1,0,0,0,0,1,0,0,0,0
-0.3629219342191365,-0.8043033970404823,-0.7566434880210966,1,0,1,0,0,1,0,0,0,0
-0.33172879264341226,0.09457366754129916,-0.7566434880210966,1,0,0,0,1,0,1,0,1,0
0.08940429199641735,0.09457366754129916,1.1809501213884417,0,1,1,0,0,0,0,0,0,1
0.06898112810877235,-1.253741929331373,0.2121533166836726,0,0,0,0,1,1,0,0,0,1
1.9481304293963027,3.6900819258684248,-0.7566434880210966,1,0,0,1,0,0,1,0,0,1
-0.27844371828916065,-0.35486486474959156,2.1497469260932105,0,0,0,0,0,0,0,1,0,0
-0.3432818080418287,0.5440121998321898,0.2121533166836726,1,0,1,0,0,1,0,0,1,0
4.402119266857705,1.4428892644139713,0.2121533166836726,0,1,0,0,1,0,0,0,0,1
-0.36443024456281864,-1.253741929331373,-0.7566434880210966,1,0,0,1,0,0,0,0,0,1
1.2357265715367318,-0.8043033970404823,-0.7566434880210966,0,1,0,0,1,0,0,0,0,1
-0.18917741931072998,0.09457366754129916,-0.7566434880210966,0,1,0,0,1,1,0,0,1,0
-0.34889785719383665,-0.35486486474959156,-0.7566434880210966,1,0,1,0,0,0,0,0,1,0
-0.36409969995558616,-0.8043033970404823,2.634145328445595,1,0,1,0,0,0,0,1,0,0
-0.33535515581013736,-0.8043033970404823,-0.7566434880210966,1,0,1,0,0,1,0,0,0,1
-0.27592130992717306,0.5440121998321898,-0.7566434880210966,1,0,0,0,1,1,0,0,1,0
-0.35604147171519074,-0.8043033970404823,0.2121533166836726,1,0,1,0,0,0,0,0,0,0
-0.34803138103895537,-0.8043033970404823,-0.7566434880210966,1,0,1,0,0,1,0,0,0,0
-0.3635637684079374,-0.8043033970404823,-0.7566434880210966,1,0,1,0,0,0,0,0,0,1
-0.22204735270469664,-1.253741929331373,1.665348523740826,0,1,0,1,0,0,1,0,1,0
-0.2790983891617375,0.5440121998321898,0.2121533166836726,1,0,1,0,0,0,0,0,0,0
0.30240338589188753,1.4428892644139713,-0.7566434880210966,1,0,0,0,0,1,0,1,0,0
-0.28444165878350514,-0.35486486474959156,-0.7566434880210966,1,0,0,0,0,1,0,0,0,1
-0.3587756853594826,-0.35486486474959156,0.2121533166836726,1,0,0,0,1,1,0,0,1,0
0.5411657041258263,2.7912048612866434,0.2121533166836726,0,0,0,0,1,1,0,1,0,0
3.474476313783748,0.9934507321230805,0.2121533166836726,0,1,0,0,1,0,1,1,0,0
-0.2997654500411269,1.892327796704862,-0.7566434880210966,1,0,0,1,0,0,0,0,0,1
1.398591996944963,0.09457366754129916,-0.7566434880210966,1,0,0,0,1,0,0,0,0,0
-0.10605347351912402,-0.8043033970404823,-0.272245085668712,0,0,1,0,0,1,0,0,0,1
-0.3475692604230187,0.09457366754129916,0.2121533166836726,1,0,1,0,0,1,0,1,0,0
13.109652646011693,0.09457366754129916,1.1809501213884417,0,1,1,0,0,0,0,0,0,1
-0.1987728404333036,-0.8043033970404823,-0.7566434880210966,1,0,1,0,0,0,0,0,0,1
-0.0607849081829958,-0.35486486474959156,0.2121533166836726,0,1,0,0,0,0,0,0,0,1
-0.3224382427605191,1.4428892644139713,-0.7566434880210966,1,0,0,0,0,0,0,0,0,1
-0.2629723051681147,-0.35486486474959156,-0.7566434880210966,0,1,1,0,0,0,0,0,0,1
-0.3492893760490052,0.09457366754129916,3.11854373079798,1,0,0,0,0,0,0,0,0,1
-0.32094597827155696,-0.8043033970404823,-0.7566434880210966,1,0,0,1,0,0,1,0,0,1
-0.31597176330834986,-0.35486486474959156,-0.7566434880210966,1,0,0,0,1,0,0,0,0,1
0.5893225233115585,-0.35486486474959156,1.1809501213884417,0,1,0,0,0,1,0,0,1,0
-0.13779538332627306,-0.35486486474959156,1.1809501213884417,0,1,1,0,0,0,0,0,0,1
0.5296126887274099,1.892327796704862,-0.7566434880210966,0,1,0,0,1,1,0,0,0,1
-0.33850014333526185,-0.35486486474959156,-0.7566434880210966,1,0,0,0,0,0,0,0,0,1
-0.09656074586675854,0.9934507321230805,-0.7566434880210966,1,0,0,0,1,0,0,0,0,0
-0.3120244830472243,0.5440121998321898,-0.7566434880210966,1,0,0,0,1,0,0,1,0,0
-0.32905876241800047,-1.253741929331373,0.2121533166836726,1,0,0,0,1,0,0,0,0,1
-0.21483795017899035,0.09457366754129916,0.2121533166836726,0,1,0,0,0,1,0,0,0,1
0.34348077397514587,0.09457366754129916,-0.7566434880210966,1,0,0,0,0,0,1,0,0,1
0.43016048117270883,-0.35486486474959156,-0.7566434880210966,1,0,0,0,0,1,0,0,0,1
0.014059376573078406,-0.8043033970404823,-0.7566434880210966,1,0,0,0,1,1,0,0,0,1
0.39983381575186583,2.7912048612866434,0.2121533166836726,0,1,0,0,1,0,0,0,0,1
0.08361815678437715,-0.35486486474959156,-0.7566434880210966,0,1,1,0,0,0,0,0,0,1
-0.35073189838833524,-0.35486486474959156,2.634145328445595,1,0,0,1,0,0,0,0,0,1
0.493708484205887,1.4428892644139713,0.2121533166836726,0,1,0,0,0,0,0,0,0,1
0.12213542874705571,-0.35486486474959156,-0.030045884492519763,0,0,0,0,1,1,0,0,0,0
-0.3204581842880682,-0.8043033970404823,0.2121533166836726,0,0,1,0,0,0,1,0,0,0
-0.36451368300736275,-1.253741929331373,0.2121533166836726,1,0,1,0,0,0,0,0,0,1
-0.19951094975042463,0.09457366754129916,-0.7566434880210966,1,0,0,1,0,0,0,0,0,1
-0.3578386074438333,-0.8043033970404823,0.2121533166836726,1,0,1,0,0,1,0,0,1,0
-0.32229383006803886,0.5440121998321898,-0.7566434880210966,1,0,1,0,0,0,0,0,1,0
-0.2495226697417916,-0.35486486474959156,0.2121533166836726,1,0,0,0,0,1,0,0,1,0
-0.33622163196501864,0.09457366754129916,-0.7566434880210966,0,0,1,0,0,0,0,0,1,0
-0.3660540850604849,0.09457366754129916,3.11854373079798,1,0,0,0,0,0,0,0,0,1
0.17660388488690906,0.5440121998321898,0.2121533166836726,0,0,0,1,0,0,1,0,0,1
-0.36487311015309126,-1.253741929331373,0.2121533166836726,1,0,0,0,0,0,1,0,1,0
-0.30465622655978986,-1.253741929331373,0.2121533166836726,0,1,1,0,0,0,0,0,0,1
-0.3641863475710743,-0.8043033970404823,2.634145328445595,1,0,0,1,0,1,0,0,0,0
-0.3563880621771432,-0.35486486474959156,0.2121533166836726,1,0,0,0,1,1,0,1,0,0
-0.11509370806838487,-0.35486486474959156,-0.7566434880210966,1,0,0,0,1,0,0,0,1,0
-0.18654589913664624,1.892327796704862,-0.7566434880210966,0,0,1,0,0,0,0,0,0,1
-0.2939119222392626,0.09457366754129916,0.2121533166836726,0,1,0,0,0,0,1,0,0,0
0.09063661363891505,-0.35486486474959156,0.2121533166836726,1,0,1,0,0,0,0,0,0,1
-0.2083843074105972,-1.253741929331373,-0.7566434880210966,0,1,0,0,1,0,0,0,1,0
-0.31496087446098847,0.5440121998321898,2.634145328445595,1,0,0,1,0,1,0,0,0,0
-0.2940210340513587,2.3417663289957527,-0.7566434880210966,1,0,0,1,0,1,0,0,0,1
-0.35647150062168736,-0.8043033970404823,-0.7566434880210966,1,0,0,1,0,0,0,0,0,1
0.06436313112034982,-0.35486486474959156,-0.7566434880210966,0,0,0,0,0,0,0,0,0,1
0.8634178136389875,0.9934507321230805,0.2121533166836726,0,1,0,0,1,1,0,0,0,1
-0.25897688734282903,-0.8043033970404823,-0.7566434880210966,0,0,0,0,1,0,0,0,0,1
-0.04794180606508959,-0.8043033970404823,-0.7566434880210966,0,1,1,0,0,1,0,0,0,0
-0.36063700450700525,0.09457366754129916,3.11854373079798,1,0,0,0,0,0,0,0,0,1
-0.18667426597440642,0.5440121998321898,0.2121533166836726,0,1,0,0,0,1,0,0,0,0
0.08036726661810051,1.4428892644139713,0.2121533166836726,0,1,0,0,1,0,0,0,0,1
-0.3430635844176363,-0.35486486474959156,0.2121533166836726,1,0,0,0,0,0,0,0,0,1
-0.26895740897868314,1.892327796704862,-0.7566434880210966,1,0,1,0,0,1,0,0,0,1
-0.21186625788484217,-0.8043033970404823,-0.7566434880210966,1,0,1,0,0,1,0,0,0,1
-0.1378050108391051,-0.35486486474959156,0.2121533166836726,0,1,0,0,0,0,0,0,0,1
0.1163741646098316,-0.8043033970404823,0.2121533166836726,0,1,0,0,1,1,0,0,1,0
-0.3623378651073277,-0.35486486474959156,2.1497469260932105,0,0,0,0,0,0,0,0,1,0
-0.3034367416010681,-0.35486486474959156,0.2121533166836726,1,0,1,0,0,0,1,0,0,0
-0.3439396880853496,-1.253741929331373,-0.7566434880210966,1,0,0,0,1,0,1,0,1,0
-0.34963596651095763,-0.8043033970404823,-0.7566434880210966,1,0,0,0,1,0,0,0,0,1
-0.3496488031947337,-0.35486486474959156,0.2121533166836726,1,0,0,0,0,1,0,0,1,0
-0.33750530034262044,-0.8043033970404823,0.2121533166836726,0,0,0,1,0,1,0,0,0,0
-0.304803848423214,0.5440121998321898,-0.7566434880210966,1,0,1,0,0,0,0,0,0,0
-0.3432818080418287,-0.8043033970404823,-0.7566434880210966,0,0,0,0,0,0,1,1,0,0
-0.25902181573604505,1.4428892644139713,0.2121533166836726,0,0,0,0,1,1,0,0,0,1
-0.17781695416895385,0.9934507321230805,-0.7566434880210966,1,0,0,0,1,0,1,0,0,1
-0.3243091894208737,0.9934507321230805,0.2121533166836726,1,0,1,0,0,0,0,0,0,0
2.263816575158031,0.5440121998321898,-0.7566434880210966,1,0,0,0,1,0,1,0,0,1
-0.27007740963814075,-1.253741929331373,1.1809501213884417,0,1,1,0,0,1,0,0,0,1
-0.2389195689428006,0.09457366754129916,-0.7566434880210966,0,0,0,0,1,0,0,0,0,1
-0.36323001462976096,-0.8043033970404823,0.2121533166836726,1,0,0,0,0,0,1,0,0,1
2.321870477535073,0.9934507321230805,-0.7566434880210966,1,0,1,0,0,0,0,0,0,1
-0.34007263709782404,0.09457366754129916,-0.7566434880210966,1,0,0,1,0,0,0,0,0,1
-0.3255415110633715,0.09457366754129916,0.2121533166836726,1,0,0,0,1,1,0,0,0,1
-0.3438722954955255,-0.35486486474959156,0.2121533166836726,1,0,1,0,0,0,1,1,0,0
-0.3178908475328646,-0.8043033970404823,0.2121533166836726,1,0,0,0,0,0,0,0,1,0
-0.18224561007168014,-0.35486486474959156,-0.7566434880210966,1,0,0,0,0,1,0,0,1,0
-0.33859641846358196,-0.35486486474959156,-0.7566434880210966,0,0,0,0,0,1,0,0,0,1
-0.2046199498932799,0.09457366754129916,0.2121533166836726,1,0,0,0,0,1,0,0,0,1
-0.33083022477909096,1.892327796704862,0.2121533166836726,0,0,0,1,0,1,0,0,0,1
0.07529677652657328,-0.8043033970404823,0.2121533166836726,1,0,1,0,0,0,0,0,0,0
-0.30436098283294144,-0.35486486474959156,0.2121533166836726,1,0,1,0,0,0,0,0,0,1
1.91235459171254,0.9934507321230805,0.2121533166836726,0,0,0,0,1,1,0,0,0,1
-0.04151865042066445,-0.8043033970404823,-0.030045884492519763,0,0,0,0,1,0,1,0,0,1
-0.3431662778878445,-1.253741929331373,0.2121533166836726,0,0,0,1,0,1,0,0,1,0
-0.2951442438817603,0.09457366754129916,-0.7566434880210966,1,0,1,0,0,0,0,1,0,0
-0.2781356378785362,-0.35486486474959156,-0.7566434880210966,1,0,1,0,0,1,0,0,0,1
-0.348493501654892,-0.8043033970404823,0.2121533166836726,1,0,0,0,1,1,0,0,0,1
-0.33524604399804125,0.09457366754129916,0.2121533166836726,1,0,1,0,0,1,0,0,0,1
-0.29758321379920377,0.5440121998321898,-0.7566434880210966,1,0,0,0,1,0,1,0,0,1
-0.19822728137282283,-0.35486486474959156,-0.7566434880210966,1,0,0,1,0,0,0,0,0,1
0.39752321267218255,-0.35486486474959156,0.2121533166836726,0,1,0,0,1,0,1,0,0,1
-0.35306977942104256,-0.8043033970404823,-0.7566434880210966,0,0,1,0,0,0,0,0,0,0
-0.2738610221811221,-0.8043033970404823,0.2121533166836726,0,1,0,1,0,1,0,0,1,0
-0.22614706858566241,0.5440121998321898,0.2121533166836726,0,0,0,1,0,0,0,0,0,0
-0.34071447128662496,0.09457366754129916,-0.7566434880210966,1,0,0,0,0,1,0,0,0,1
-0.22126912875077553,-0.8043033970404823,-0.7566434880210966,0,0,0,0,1,0,0,0,0,1
-0.28310343449985526,-0.35486486474959156,0.2121533166836726,1,0,0,0,0,0,0,0,0,1
-0.3559580332706466,-1.253741929331373,-0.7566434880210966,1,0,0,0,0,0,1,1,0,0
-0.3489459947579967,-0.35486486474959156,-0.7566434880210966,1,0,0,0,0,0,0,0,0,1
0.2077328430437532,0.09457366754129916,-0.7566434880210966,1,0,0,0,1,0,1,0,0,1
-0.34924926141220514,1.4428892644139713,2.634145328445595,1,0,1,0,0,0,1,0,1,0
-0.2598754552071503,0.5440121998321898,-0.7566434880210966,1,0,0,1,0,0,0,0,0,1
-0.253335164823269,-0.35486486474959156,0.2121533166836726,0,1,0,0,1,0,0,0,1,0
-0.11157966588469988,-0.8043033970404823,-0.7566434880210966,1,0,0,1,0,0,1,0,0,1
-0.3664135122062135,-1.253741929331373,0.2121533166836726,1,0,1,0,0,1,0,0,0,1
0.1965970198680574,-0.8043033970404823,-0.7566434880210966,1,0,0,0,0,0,1,0,0,1
0.17205969883019862,0.09457366754129916,0.2121533166836726,0,0,0,1,0,0,0,0,0,1
0.14566747698670512,0.09457366754129916,-0.7566434880210966,1,0,0,1,0,0,0,0,0,1
-0.19399117572673683,-0.8043033970404823,-0.7566434880210966,1,0,0,0,1,0,0,0,0,1
-0.26695488630962433,0.09457366754129916,0.2121533166836726,1,0,0,0,0,0,0,0,0,1
-0.2481940729709737,0.9934507321230805,-0.7566434880210966,1,0,1,0,0,0,0,0,0,0
-0.32807033776724703,0.5440121998321898,-0.7566434880210966,0,0,0,0,1,0,1,1,0,0
-0.1764305923211439,0.9934507321230805,0.2121533166836726,1,0,0,0,1,1,0,0,0,1
-0.21270064233028332,1.4428892644139713,-0.7566434880210966,1,0,0,0,1,0,0,0,0,1
-0.3452394023176714,0.5440121998321898,-0.7566434880210966,1,0,1,0,0,1,0,0,0,1
-0.3644559179303707,-0.35486486474959156,3.11854373079798,1,0,0,0,0,0,0,0,0,1
-0.29503192289872016,-1.253741929331373,-0.7566434880210966,0,1,1,0,0,0,0,0,0,1
-0.16378485421629396,-1.253741929331373,0.6965517190360571,0,0,0,0,0,1,0,0,0,0
-0.3295979031365932,-0.8043033970404823,0.2121533166836726,1,0,1,0,0,1,0,0,0,1
-0.3479832434747953,-1.253741929331373,-0.7566434880210966,0,1,0,0,1,1,0,0,1,0
-0.3618308160981749,-0.8043033970404823,-0.7566434880210966,1,0,0,1,0,0,0,0,0,1
-0.270972768331518,1.4428892644139713,0.2121533166836726,1,0,0,0,1,1,0,0,0,1
-0.2606777479431514,0.5440121998321898,-0.7566434880210966,1,0,1,0,0,0,1,0,0,1
-0.1892736944390501,0.9934507321230805,-0.7566434880210966,0,0,0,0,1,0,0,0,0,0
-0.35761075630680894,-0.35486486474959156,-0.7566434880210966,1,0,1,0,0,0,0,0,1,0
-0.3123967468767288,-0.8043033970404823,0.2121533166836726,1,0,0,0,0,0,0,0,0,1
0.24085148718588018,0.5440121998321898,0.2121533166836726,0,1,1,0,0,1,0,0,1,0
-0.332290397558613,-0.35486486474959156,-0.7566434880210966,0,0,0,0,1,0,1,0,0,1
-0.2935717501191981,0.5440121998321898,-0.7566434880210966,0,0,0,0,1,1,0,0,1,0
-0.32646575229524477,0.5440121998321898,-0.7566434880210966,1,0,1,0,0,1,0,0,0,1
-0.19880493214274364,0.09457366754129916,-0.7566434880210966,1,0,0,0,1,0,1,0,0,1
-0.35448181463640455,-0.35486486474959156,-0.7566434880210966,1,0,0,0,1,0,1,0,0,1
-0.225107297199805,0.09457366754129916,0.2121533166836726,0,1,0,1,0,0,0,0,0,1
-0.32896890563156833,-0.35486486474959156,0.2121533166836726,1,0,1,0,0,1,0,0,0,1
-0.32723595332180583,0.09457366754129916,-0.7566434880210966,1,0,0,1,0,0,1,0,0,1
-0.3070181763745772,2.3417663289957527,-0.7566434880210966,1,0,1,0,0,0,0,0,0,1
-0.3551172304833174,-0.8043033970404823,2.1497469260932105,0,0,0,0,0,1,0,0,0,1
-0.26619752196683927,0.09457366754129916,-0.7566434880210966,0,1,1,0,0,0,1,0,1,0
-0.24838662322761398,2.3417663289957527,-0.7566434880210966,1,0,1,0,0,0,1,1,0,0
-0.2960428117460816,1.4428892644139713,-0.7566434880210966,1,0,0,0,1,1,0,0,0,1
-0.32004741040723567,0.5440121998321898,-0.7566434880210966,1,0,0,0,1,0,0,0,0,1
0.03165205168811137,-0.8043033970404823,0.2121533166836726,0,1,0,0,1,0,0,0,0,1
-0.1202765191429522,0.5440121998321898,-0.7566434880210966,1,0,0,1,0,0,0,0,0,1
-0.3197906767317153,0.09457366754129916,-0.7566434880210966,1,0,0,0,1,1,0,0,0,1
0.40132608024082794,-0.35486486474959156,-0.7566434880210966,0,1,0,0,1,0,0,0,0,1
-0.34071447128662496,-0.35486486474959156,-0.7566434880210966,1,0,1,0,0,1,0,1,0,0
-0.2816657259169412,0.09457366754129916,-0.7566434880210966,1,0,0,0,1,1,0,0,0,1
-0.35557293275736607,-0.8043033970404823,-0.7566434880210966,1,0,0,0,1,0,0,0,0,1
-0.33683779278626746,0.09457366754129916,0.2121533166836726,1,0,0,0,1,0,1,0,0,1
0.9676805684387514,1.4428892644139713,-0.7566434880210966,0,1,1,0,0,0,0,0,1,0
-0.16224605674864376,1.4428892644139713,0.2121533166836726,1,0,0,0,0,0,0,0,0,1
-0.33968753658454354,-0.8043033970404823,0.2121533166836726,1,0,0,0,0,0,0,0,0,0
-0.32229383006803886,-0.8043033970404823,-0.7566434880210966,0,1,0,1,0,0,1,0,1,0
-0.3243862095235298,-0.35486486474959156,0.2121533166836726,1,0,0,0,1,0,0,0,0,1
-0.2381750412837915,-0.8043033970404823,0.2121533166836726,0,0,0,0,1,1,0,0,0,0
-0.35140101053016015,-0.8043033970404823,-0.7566434880210966,1,0,0,0,1,1,0,1,0,0
-0.3514587756071522,-0.35486486474959156,0.2121533166836726,1,0,0,0,0,0,0,0,0,1
-0.35027780069975856,-0.8043033970404823,-0.7566434880210966,1,0,1,0,0,0,0,0,0,0
-0.3536634760456834,0.5440121998321898,-0.7566434880210966,1,0,0,1,0,0,1,1,0,0
-0.2648753435379094,-1.253741929331373,0.2121533166836726,0,0,0,1,0,0,0,0,1,0
-0.3614039963626223,-0.8043033970404823,2.634145328445595,1,0,1,0,0,1,0,0,1,0
-0.3246172698314982,-0.35486486474959156,0.2121533166836726,1,0,0,0,1,1,0,0,0,0
-0.22223188003397684,0.09457366754129916,-0.7566434880210966,1,0,0,0,0,0,0,0,1,0
-0.20708459317827538,-0.8043033970404823,0.2121533166836726,0,1,0,0,0,1,0,0,0,1
-0.223034172769978,1.4428892644139713,-0.7566434880210966,1,0,1,0,0,0,0,0,0,0
-0.03532013674231966,-0.35486486474959156,-0.272245085668712,0,0,1,0,0,1,0,0,0,0
0.7119706184495247,-0.8043033970404823,0.2121533166836726,1,0,0,0,1,0,0,0,0,1
-0.13820294803616162,-0.8043033970404823,0.2121533166836726,1,0,0,0,0,0,0,0,0,1
0.32431560509755064,0.09457366754129916,1.1809501213884417,0,1,1,0,0,0,0,0,1,0
-0.3333012864059745,-0.35486486474959156,-0.7566434880210966,0,0,0,0,1,0,1,0,0,1
-0.07846102174257287,-0.8043033970404823,-0.7566434880210966,1,0,0,0,0,0,0,0,0,1
-0.34587963192100035,1.4428892644139713,2.634145328445595,1,0,0,1,0,0,0,0,0,1
-0.3457977980619282,-0.35486486474959156,0.2121533166836726,1,0,0,0,0,1,0,0,0,1
-0.3443408344533502,1.4428892644139713,-0.7566434880210966,1,0,0,0,1,0,0,0,0,1
-0.2680267494049219,-0.35486486474959156,-0.7566434880210966,0,0,0,1,0,0,1,0,0,1
-0.2662937970951594,0.5440121998321898,-0.7566434880210966,1,0,0,1,0,0,0,0,0,1
0.38531231723024517,-1.253741929331373,-0.7566434880210966,0,1,1,0,0,1,0,0,0,0
0.20882396116471474,0.09457366754129916,-0.7566434880210966,0,1,1,0,0,0,1,0,0,1
-0.29007375379023315,-0.35486486474959156,-0.7566434880210966,0,1,1,0,0,0,1,0,0,1
0.07206514138596068,2.3417663289957527,-0.7566434880210966,1,0,0,0,1,1,0,0,0,1
1.1503369510586587,0.9934507321230805,2.634145328445595,1,0,0,0,1,0,0,0,0,1
-0.34146862645846604,0.5440121998321898,-0.7566434880210966,1,0,0,0,1,0,1,0,0,1
-0.22292185178693785,1.4428892644139713,-0.7566434880210966,0,1,1,0,0,0,0,0,0,1
1.5539960999083833,2.7912048612866434,-0.030045884492519763,0,0,0,0,1,0,1,0,1,0
0.040515781835451944,0.9934507321230805,0.6965517190360571,0,0,0,0,0,0,1,0,0,1
-0.09084842158643044,0.09457366754129916,-0.7566434880210966,0,0,1,0,0,0,0,0,0,0
0.016225566960281473,-0.35486486474959156,-0.7566434880210966,0,1,0,0,1,1,0,0,0,0
-0.3630503010568967,-0.8043033970404823,-0.7566434880210966,1,0,0,0,0,0,1,0,0,0
-0.28564509788750686,1.892327796704862,-0.7566434880210966,1,0,0,0,1,0,0,0,0,1
-0.12644454569732894,2.3417663289957527,0.2121533166836726,1,0,0,0,0,0,1,0,0,0
-0.3324348102510932,-0.8043033970404823,-0.7566434880210966,1,0,1,0,0,0,0,0,1,0
0.03552873018846886,0.5440121998321898,0.2121533166836726,0,1,1,0,0,0,0,0,0,0
0.86223362956065,4.588958990450206,-0.272245085668712,0,0,1,0,0,0,1,0,0,1
-0.3647447433153311,-0.35486486474959156,3.11854373079798,1,0,0,0,0,0,1,0,0,1
-0.13824787642937772,-0.35486486474959156,-0.7566434880210966,1,0,0,0,1,1,0,0,0,1
-0.16363241859645375,-0.8043033970404823,-0.7566434880210966,0,0,0,1,0,0,1,0,0,1
0.013963101444758267,-0.35486486474959156,-0.7566434880210966,0,0,0,0,1,0,1,0,1,0
-0.2822754683963021,-0.35486486474959156,-0.7566434880210966,1,0,0,0,1,0,0,0,1,0
-0.35604147171519074,-0.8043033970404823,0.2121533166836726,1,0,1,0,0,0,1,0,1,0
-0.34485430180439086,-0.35486486474959156,-0.7566434880210966,1,0,1,0,0,0,1,0,0,1
-0.3308045514115389,-0.8043033970404823,0.2121533166836726,1,0,1,0,0,0,0,0,0,1
-0.02714637834794007,-0.35486486474959156,-0.7566434880210966,0,0,1,0,0,1,0,0,0,1
-0.27085081983564585,-0.8043033970404823,-0.7566434880210966,1,0,0,0,1,0,0,0,0,1
0.38593168722243804,-0.35486486474959156,0.2121533166836726,0,1,0,0,0,0,0,0,0,1
-0.3366709158971793,-0.35486486474959156,-0.7566434880210966,1,0,1,0,0,1,0,0,1,0
-0.16350405175869356,-0.8043033970404823,-0.7566434880210966,1,0,0,0,0,0,0,1,0,0
-0.2563132754593052,0.09457366754129916,-0.7566434880210966,1,0,1,0,0,0,0,0,0,1
-0.33393670225288735,-1.253741929331373,0.2121533166836726,1,0,0,1,0,0,0,0,0,0
-0.33519469726293716,0.09457366754129916,0.2121533166836726,1,0,0,0,0,0,1,0,0,1
-0.34998255697291014,-1.253741929331373,0.2121533166836726,1,0,0,0,1,0,0,0,1,0
-0.3176084404897922,0.09457366754129916,-0.7566434880210966,1,0,1,0,0,0,0,0,1,0
6.049434849979401,0.5440121998321898,-0.7566434880210966,0,1,1,0,0,0,0,0,0,1
-0.32738999352711806,0.9934507321230805,0.2121533166836726,1,0,0,0,1,0,0,0,0,1
-0.36715162152333447,-1.253741929331373,3.11854373079798,1,0,0,0,0,1,0,0,0,1
-0.20758201467459608,-1.253741929331373,-0.7566434880210966,0,1,1,0,0,1,0,0,0,0
0.41080918038036135,0.9934507321230805,-0.7566434880210966,1,0,0,0,1,0,0,0,0,1
-0.35034198411863865,0.5440121998321898,0.2121533166836726,1,0,0,0,0,0,0,0,0,1
-0.34009831046537614,-0.8043033970404823,0.2121533166836726,1,0,0,0,0,0,0,0,0,1
-0.30207605312081015,0.09457366754129916,-0.7566434880210966,0,0,0,0,1,0,0,0,0,1
-0.2564929890321695,-0.35486486474959156,0.2121533166836726,1,0,0,0,1,0,0,0,0,1
-0.36143287890111836,-0.8043033970404823,0.2121533166836726,1,0,0,1,0,0,0,0,1,0
-0.33015629888085,0.5440121998321898,-0.7566434880210966,1,0,0,0,0,0,0,0,0,1
-0.2713193587934705,-0.8043033970404823,0.2121533166836726,1,0,0,1,0,1,0,0,0,0
-0.36407723575897816,-1.253741929331373,0.2121533166836726,0,0,1,0,0,1,0,0,0,1
1.2995056348778784,-0.8043033970404823,0.2121533166836726,0,1,0,0,1,1,0,1,0,0
-0.3457207779592721,0.5440121998321898,-0.7566434880210966,1,0,1,0,0,1,0,0,0,1
0.12399915477278643,0.09457366754129916,0.2121533166836726,0,0,0,0,1,1,0,0,0,1
0.05471957243361606,0.09457366754129916,-0.7566434880210966,0,1,1,0,0,0,0,0,0,0
-0.3465679990884893,-0.35486486474959156,0.2121533166836726,1,0,1,0,0,0,0,0,0,0
-0.327332228450126,-0.35486486474959156,-0.7566434880210966,1,0,0,1,0,0,0,0,0,1
-0.309713879967541,-0.35486486474959156,-0.7566434880210966,1,0,0,1,0,0,0,0,1,0
-0.10573897476661157,0.09457366754129916,-0.7566434880210966,1,0,0,0,1,0,1,0,0,1
0.5364722916202197,-0.35486486474959156,1.665348523740826,0,0,0,0,1,0,1,0,0,1
0.11569382036970258,-0.8043033970404823,-0.7566434880210966,0,0,0,1,0,0,0,0,1,0
-0.3443729261627902,0.5440121998321898,0.2121533166836726,1,0,0,0,1,0,1,0,0,1
-0.35645224559602334,-0.8043033970404823,0.2121533166836726,0,0,0,0,1,0,0,0,0,1
-0.3523445067876975,-0.35486486474959156,0.2121533166836726,1,0,0,0,1,0,0,0,0,1
-0.2950479687534402,-0.8043033970404823,-0.7566434880210966,0,1,0,0,0,1,0,0,0,0
1.9175470302999393,0.5440121998321898,-0.7566434880210966,0,0,0,0,0,0,0,1,0,0
-0.33550277767356157,1.892327796704862,3.11854373079798,1,0,0,0,0,0,0,0,0,1
0.49759158104813256,0.9934507321230805,1.1809501213884417,0,1,1,0,0,0,0,0,0,1
-0.3303552674793783,-0.35486486474959156,0.2121533166836726,0,1,0,0,1,0,0,0,1,0
-0.3384038682069417,-0.8043033970404823,-0.7566434880210966,0,0,0,0,1,1,0,0,1,0
-0.3010491184187287,2.7912048612866434,0.2121533166836726,1,0,0,0,0,1,0,0,0,1
-0.05179281119789502,-0.8043033970404823,-0.7566434880210966,1,0,0,0,1,1,0,0,0,1
0.015952787430041103,0.5440121998321898,0.2121533166836726,0,1,0,0,1,0,0,0,0,1
0.3299765826427747,-0.35486486474959156,0.2121533166836726,1,0,1,0,0,0,0,0,1,0
-0.34822393129559565,-0.35486486474959156,-0.7566434880210966,1,0,0,1,0,0,0,0,0,1
-0.10175960279604594,-0.35486486474959156,-0.7566434880210966,1,0,1,0,0,0,0,0,0,1
-0.3273803660142861,1.4428892644139713,-0.7566434880210966,1,0,1,0,0,0,0,0,1,0
-0.36515872636710767,-0.8043033970404823,2.634145328445595,1,0,1,0,0,0,0,0,0,1
-0.3679346592336716,-1.253741929331373,3.11854373079798,1,0,0,0,0,1,0,1,0,0
-0.32382139543738503,-0.8043033970404823,0.2121533166836726,1,0,0,1,0,0,1,0,0,1
-0.35349980832753913,-0.35486486474959156,2.1497469260932105,0,0,0,0,0,1,0,0,1,0
-0.06463591331580128,-1.253741929331373,0.2121533166836726,0,0,0,0,1,1,0,0,0,0
-0.3313757838395717,-0.35486486474959156,-0.7566434880210966,1,0,0,1,0,0,1,0,0,1
0.022563679574690448,0.5440121998321898,0.2121533166836726,0,0,0,0,1,0,0,0,1,0
0.4363702269493576,-0.35486486474959156,-0.7566434880210966,1,0,1,0,0,0,1,0,0,0
-0.32649784400468485,-1.253741929331373,-0.7566434880210966,1,0,1,0,0,0,0,0,1,0
-0.3438722954955255,-0.35486486474959156,0.2121533166836726,1,0,1,0,0,0,0,0,0,0
2.876081462880883,1.892327796704862,0.2121533166836726,1,0,0,0,1,0,0,0,0,1
-0.3143350861269075,-0.8043033970404823,-0.7566434880210966,1,0,0,0,0,1,0,0,0,1
-0.3217482710075581,0.9934507321230805,-0.7566434880210966,1,0,1,0,0,1,0,0,0,1
-0.32364168186452075,0.09457366754129916,-0.7566434880210966,1,0,0,0,0,0,1,0,0,1
5.255084812064675,0.5440121998321898,-0.7566434880210966,0,0,0,0,0,1,0,0,1,0
0.15747080771875385,0.9934507321230805,-0.272245085668712,0,0,1,0,0,0,0,0,0,1
-0.311125915182903,-1.253741929331373,0.2121533166836726,0,1,0,1,0,0,1,0,0,1
-0.21176998275652203,-0.8043033970404823,-0.7566434880210966,1,0,0,0,1,1,0,0,1,0
-0.26663717838616785,-1.253741929331373,0.6965517190360571,0,0,1,0,0,0,1,1,0,0
-0.3313757838395717,-0.35486486474959156,-0.7566434880210966,1,0,1,0,0,0,0,0,0,1
-0.3355733794343297,-0.8043033970404823,2.634145328445595,1,0,0,0,1,0,0,0,1,0
-0.342845360793444,-1.253741929331373,0.2121533166836726,0,0,0,0,1,0,0,0,1,0
-0.35987322182233217,-1.253741929331373,-0.7566434880210966,1,0,0,0,1,0,1,0,1,0
-0.14426507194938626,0.5440121998321898,-0.7566434880210966,0,1,0,0,0,1,0,0,0,1
-0.2918708895188757,0.5440121998321898,0.2121533166836726,1,0,0,1,0,0,1,0,0,1
-0.35063080950359904,-0.35486486474959156,-0.7566434880210966,1,0,0,0,1,1,0,0,0,1
0.5023668274128114,-0.35486486474959156,-0.7566434880210966,1,0,0,1,0,0,0,0,0,1
-0.36050863766924507,-1.253741929331373,0.2121533166836726,1,0,0,0,1,1,0,0,0,0
-0.2659407882913189,0.09457366754129916,-0.7566434880210966,1,0,0,1,0,1,0,0,1,0
-0.36481213590515515,-0.35486486474959156,2.634145328445595,1,0,1,0,0,0,0,0,1,0
-0.36682428608704604,-0.35486486474959156,3.11854373079798,1,0,0,0,0,1,0,0,0,0
-0.25637745887818536,0.5440121998321898,0.2121533166836726,1,0,0,0,0,0,0,0,0,1
0.8357034133665642,-0.8043033970404823,-0.7566434880210966,1,0,0,0,0,1,0,1,0,0
0.28703787541199377,1.4428892644139713,0.2121533166836726,0,1,0,1,0,0,1,0,0,1
0.7341652446982602,0.5440121998321898,-0.7566434880210966,0,0,0,0,0,0,1,0,1,0
0.11726631413226483,-0.35486486474959156,-0.7566434880210966,0,0,0,0,0,0,0,1,0,0
-0.33914839586595075,0.09457366754129916,0.2121533166836726,1,0,1,0,0,0,1,0,0,1
-0.3337826620475752,-0.35486486474959156,-0.7566434880210966,1,0,0,1,0,0,0,0,0,1
-0.16865477112382085,0.5440121998321898,-0.7566434880210966,1,0,0,1,0,0,0,0,0,1
-0.31750574701958406,-0.8043033970404823,0.2121533166836726,0,1,0,0,0,0,0,0,1,0
-0.3118800703547441,-1.253741929331373,1.665348523740826,0,0,1,0,0,0,0,0,1,0
-0.02392116154921551,0.5440121998321898,-0.7566434880210966,0,1,0,0,1,0,1,0,1,0
4.541175853032366,-0.8043033970404823,-0.272245085668712,0,1,0,0,0,1,0,0,0,0
2.0806691893836904,1.4428892644139713,-0.7566434880210966,0,0,0,0,0,1,0,0,0,1
1.1253246727210873,-0.35486486474959156,0.2121533166836726,1,0,0,0,1,1,0,1,0,0
-0.3566640508783276,-1.253741929331373,-0.7566434880210966,1,0,0,0,1,0,1,0,0,1
-0.05038077598253302,-0.8043033970404823,-0.7566434880210966,0,0,0,0,1,0,0,0,0,1
-0.30771135729848215,0.09457366754129916,2.634145328445595,1,0,1,0,0,1,0,0,0,1
-0.36211964148313536,-1.253741929331373,-0.7566434880210966,0,0,0,0,1,0,1,0,0,1
0.4524642192335404,1.892327796704862,-0.7566434880210966,1,0,0,1,0,0,1,0,0,1
1.556611574227747,0.5440121998321898,0.2121533166836726,0,1,0,0,1,0,0,0,1,0
-0.28063879121485974,-0.35486486474959156,-0.7566434880210966,1,0,0,0,0,1,0,0,0,0
-0.24183991450184472,-0.35486486474959156,-0.7566434880210966,1,0,0,1,0,0,0,0,0,0
-0.34271699395568384,-0.35486486474959156,0.2121533166836726,1,0,0,1,0,0,0,0,1,0
-0.3394051295414711,-0.8043033970404823,2.634145328445595,1,0,0,1,0,0,0,0,0,1
1.0968496989349348,0.5440121998321898,0.6965517190360571,0,0,0,0,0,0,0,0,1,0
-0.19270108900724697,-0.8043033970404823,-0.272245085668712,0,0,1,0,0,0,0,0,0,1
-0.19076595892801224,0.5440121998321898,1.1809501213884417,0,1,1,0,0,0,0,0,0,1
-0.3239625989589212,-0.8043033970404823,-0.7566434880210966,1,0,0,0,1,0,0,0,0,1
2.0031869661116444,1.892327796704862,0.2121533166836726,0,0,0,0,1,0,0,0,1,0
-0.3538463987894916,-0.35486486474959156,0.2121533166836726,1,0,0,0,1,0,0,0,1,0
-0.3595715597535957,-0.8043033970404823,3.11854373079798,1,0,0,0,0,0,0,1,0,0
-0.1533759082594152,1.892327796704862,0.2121533166836726,1,0,1,0,0,0,1,0,0,1
0.11569382036970258,-0.8043033970404823,-0.7566434880210966,0,0,1,0,0,0,1,0,0,1
-0.3453677691554316,-0.8043033970404823,-0.7566434880210966,1,0,0,0,1,0,0,0,0,1
-0.16207597068861154,-0.35486486474959156,-0.7566434880210966,0,1,1,0,0,1,0,0,0,1
-0.22275818406879366,-0.35486486474959156,0.2121533166836726,0,0,0,1,0,0,0,0,1,0
-0.3521904665823853,-0.8043033970404823,0.2121533166836726,1,0,1,0,0,1,0,0,0,1
0.1525030110974348,0.5440121998321898,-0.7566434880210966,1,0,0,0,1,1,0,0,1,0
0.5948198331386384,-0.35486486474959156,0.6965517190360571,0,0,0,0,0,0,1,0,1,0
-0.03509870394718334,-0.8043033970404823,0.2121533166836726,0,1,0,0,0,1,0,0,0,0
-0.36228010003033556,-0.8043033970404823,-0.7566434880210966,1,0,0,0,1,1,0,0,0,0
0.30413633820165,0.5440121998321898,0.2121533166836726,1,0,0,0,0,0,1,0,1,0
-0.3489459947579967,-0.35486486474959156,-0.7566434880210966,1,0,0,0,1,0,0,0,0,1
-0.17151093326398492,-0.35486486474959156,-0.7566434880210966,1,0,1,0,0,0,0,0,1,0
-0.35016227054577437,-0.8043033970404823,0.2121533166836726,1,0,1,0,0,0,0,0,0,0
-0.32434769947220177,2.3417663289957527,-0.7566434880210966,1,0,0,0,0,0,1,0,1,0
-0.3411958469282257,0.5440121998321898,2.634145328445595,1,0,0,1,0,0,0,0,0,1
-0.3454126975486476,-0.35486486474959156,0.2121533166836726,1,0,0,0,1,0,0,0,0,1
-0.35735081346034464,-0.35486486474959156,0.2121533166836726,1,0,0,0,1,0,0,0,0,0
-0.21247600036420303,-0.35486486474959156,-0.7566434880210966,0,0,1,0,0,0,0,0,0,1
-0.34528753988183153,-0.35486486474959156,-0.7566434880210966,1,0,0,1,0,0,0,0,0,1
-0.3620490397223673,-0.35486486474959156,0.2121533166836726,1,0,1,0,0,1,0,0,0,1
0.22321709284857522,-0.35486486474959156,-0.7566434880210966,0,0,0,0,0,1,0,0,0,1
-0.3376336671803806,-0.35486486474959156,-0.7566434880210966,1,0,1,0,0,0,1,0,0,1
2.263816575158031,0.5440121998321898,-0.7566434880210966,1,0,0,0,1,1,0,0,0,1
-0.3406374511839689,-0.8043033970404823,0.2121533166836726,1,0,0,0,0,0,0,0,0,1
-0.304803848423214,0.5440121998321898,-0.7566434880210966,1,0,0,0,1,1,0,0,0,0
-0.3635605592369934,-0.8043033970404823,2.634145328445595,1,0,0,1,0,0,0,0,0,0
-0.12818712551992345,-0.35486486474959156,-0.7566434880210966,0,1,0,0,0,0,0,0,0,0
-0.3631273211595528,-0.8043033970404823,0.2121533166836726,1,0,1,0,0,0,0,0,0,1
-0.34040639087600055,-0.35486486474959156,0.2121533166836726,1,0,1,0,0,0,1,0,0,1
-0.3319855263189326,1.4428892644139713,-0.7566434880210966,1,0,0,1,0,0,0,0,1,0
0.13597578073581143,0.09457366754129916,-0.7566434880210966,1,0,0,0,1,1,0,1,0,0
1.2035867245325262,0.5440121998321898,-0.7566434880210966,0,1,1,0,0,0,0,0,1,0
-0.34822393129559565,-0.35486486474959156,-0.7566434880210966,1,0,0,0,1,0,1,0,0,0
-0.3560029616638627,-1.253741929331373,0.2121533166836726,0,1,0,0,0,0,0,0,0,0
-0.3641093274684182,-1.253741929331373,-0.7566434880210966,1,0,0,0,1,1,0,0,0,1
-0.3087751974664197,0.5440121998321898,2.634145328445595,1,0,0,1,0,0,0,1,0,0
-0.3037448220116925,0.09457366754129916,-0.7566434880210966,1,0,1,0,0,0,0,0,0,0
-0.35922496929164327,-0.8043033970404823,0.2121533166836726,1,0,1,0,0,0,0,0,0,1
-0.3015304940603294,-0.8043033970404823,-0.7566434880210966,0,1,0,0,1,1,0,0,0,0
-0.3248675851651305,2.3417663289957527,3.11854373079798,1,0,0,0,0,0,1,0,0,1
0.20802006384324165,-0.35486486474959156,-0.030045884492519763,0,0,0,0,1,0,0,0,0,1
-0.28543971094709053,-0.8043033970404823,0.2121533166836726,0,0,0,0,1,0,0,0,0,0
1.1253246727210873,-0.35486486474959156,0.2121533166836726,1,0,1,0,0,1,0,0,0,1
-0.056690006058446,-0.8043033970404823,0.2121533166836726,1,0,0,1,0,1,0,0,1,0
-0.03095887342941749,0.9934507321230805,1.1809501213884417,0,1,1,0,0,0,1,0,0,1
-0.31595250828268584,0.9934507321230805,2.1497469260932105,0,0,0,0,0,0,0,0,0,1
-0.3070181763745772,2.3417663289957527,-0.7566434880210966,1,0,0,0,1,0,0,0,0,1
-0.07237643363274023,-0.35486486474959156,0.2121533166836726,0,0,0,0,1,0,0,0,0,1
-0.28840498489935074,1.4428892644139713,0.2121533166836726,0,1,0,0,0,0,1,0,1,0
-0.31300328018514567,1.4428892644139713,-0.7566434880210966,0,0,0,0,0,0,0,0,0,0
0.07399064395236347,-0.35486486474959156,-0.7566434880210966,1,0,0,1,0,1,0,0,1,0
-0.3595843964373718,-0.8043033970404823,-0.7566434880210966,1,0,0,0,1,0,0,0,1,0
-0.3124737669793849,0.09457366754129916,-0.7566434880210966,0,1,1,0,0,0,0,0,1,0
-0.3635477225532174,-1.253741929331373,-0.7566434880210966,1,0,1,0,0,0,0,1,0,0
-0.32073738216019665,-0.35486486474959156,-0.7566434880210966,0,1,0,0,0,0,0,0,0,1
-0.23389721641543343,-0.35486486474959156,-0.7566434880210966,1,0,1,0,0,0,0,0,0,1
-0.2780714544596561,0.09457366754129916,-0.7566434880210966,0,0,1,0,0,1,0,0,0,1
-0.18600034007616548,0.9934507321230805,-0.7566434880210966,1,0,0,1,0,0,0,0,0,1
0.7565845129130759,-0.8043033970404823,0.6965517190360571,0,0,0,0,0,0,1,1,0,0
0.49759158104813256,0.9934507321230805,1.1809501213884417,0,1,1,0,0,0,0,0,0,1
0.465493453266199,0.09457366754129916,-0.7566434880210966,0,1,0,0,1,0,0,0,0,1
-0.2870892248123089,-0.35486486474959156,-0.7566434880210966,1,0,1,0,0,0,0,0,0,0
-0.22768747063878464,-0.35486486474959156,0.2121533166836726,0,0,0,0,1,1,0,0,0,1
-0.34832020642391576,-1.253741929331373,-0.7566434880210966,1,0,0,0,1,0,1,0,1,0
3.3372040266539535,1.4428892644139713,-0.7566434880210966,0,1,1,0,0,0,0,1,0,0
-0.33963618984943944,0.09457366754129916,2.634145328445595,1,0,1,0,0,0,0,0,0,1
3.476401816350151,2.7912048612866434,0.2121533166836726,0,1,0,0,1,1,0,0,0,1
-0.2278800208954249,1.892327796704862,-0.7566434880210966,1,0,0,0,1,1,0,0,0,1
-0.3528130457455222,-1.253741929331373,-0.7566434880210966,0,0,0,0,1,0,1,0,0,1
0.4363702269493576,-0.35486486474959156,-0.7566434880210966,1,0,0,0,0,0,1,0,1,0
-0.35881419541081067,-0.8043033970404823,-0.7566434880210966,1,0,0,1,0,0,1,0,0,1
0.24541813743919866,2.3417663289957527,1.1809501213884417,0,0,1,0,0,0,0,0,0,0
-0.2841688792532648,-0.8043033970404823,-0.7566434880210966,1,0,0,0,1,0,0,0,1,0
-0.32079835640813276,1.4428892644139713,3.11854373079798,1,0,0,0,0,0,1,0,0,1
-0.3293732611705129,-0.35486486474959156,3.11854373079798,1,0,0,0,0,0,0,0,0,1
-0.32963641318792125,-1.253741929331373,0.2121533166836726,1,0,1,0,0,0,0,1,0,0
-0.3438722954955255,-0.35486486474959156,0.2121533166836726,1,0,0,0,0,1,0,0,0,1
-0.17659746921023212,0.09457366754129916,-0.7566434880210966,0,1,0,0,0,0,0,0,0,1
-0.2714445164602867,1.4428892644139713,-0.7566434880210966,1,0,0,0,0,0,0,0,0,1
-0.2951442438817603,0.5440121998321898,0.2121533166836726,1,0,0,0,0,1,0,0,0,0
-0.32815056704084716,-0.35486486474959156,-0.7566434880210966,1,0,0,0,1,1,0,1,0,0
-0.28073506634317985,0.5440121998321898,-0.7566434880210966,1,0,1,0,0,0,0,0,0,0
-0.3232565813512402,-0.8043033970404823,-0.7566434880210966,0,0,0,0,0,0,0,0,0,0
2.8466341102986976,0.5440121998321898,0.2121533166836726,0,0,1,0,0,0,0,0,0,1
-0.03191199719978683,-0.35486486474959156,-0.7566434880210966,0,1,0,0,0,0,0,0,0,1
-0.09930458702388245,-0.35486486474959156,-0.7566434880210966,0,1,1,0,0,1,0,0,0,1
0.045124151311042505,-0.8043033970404823,-0.7566434880210966,0,1,1,0,0,0,0,0,0,1
-0.32980329007700954,0.5440121998321898,0.2121533166836726,1,0,0,1,0,0,0,0,0,1
-0.29000957037135305,0.09457366754129916,-0.7566434880210966,1,0,0,1,0,0,0,0,0,1
-0.362549670389632,-1.253741929331373,0.2121533166836726,1,0,0,0,1,1,0,0,0,1
-0.3232565813512402,0.5440121998321898,-0.7566434880210966,1,0,0,0,0,0,0,0,1,0
-0.3587660578466506,0.5440121998321898,2.634145328445595,1,0,0,0,1,0,0,0,0,1
-0.36073969797721345,-0.8043033970404823,0.2121533166836726,1,0,1,0,0,0,0,0,0,1
-0.2983534148257649,0.09457366754129916,-0.7566434880210966,1,0,0,0,1,0,1,0,0,1
-0.34803138103895537,-0.8043033970404823,-0.7566434880210966,1,0,0,0,1,0,1,0,0,1
0.1293055189286979,-0.35486486474959156,0.6965517190360571,0,0,1,0,0,0,0,0,0,1
-0.30611960851025594,0.09457366754129916,-0.7566434880210966,0,0,1,0,0,0,1,0,0,1
1.0013768633507993,0.5440121998321898,0.6965517190360571,0,0,0,0,0,0,0,0,0,1
-0.3538319575202436,0.5440121998321898,2.634145328445595,1,0,0,0,1,0,0,0,0,1
-0.34251160701526756,0.5440121998321898,-0.7566434880210966,1,0,0,0,1,0,0,0,1,0
-0.32574368883284377,-0.35486486474959156,-0.7566434880210966,0,1,0,0,1,0,1,0,0,0
0.46870262421020353,-0.8043033970404823,-0.7566434880210966,0,0,0,0,1,0,1,0,1,0
-0.3536634760456834,-0.35486486474959156,-0.7566434880210966,1,0,1,0,0,0,0,0,0,0
-0.3376336671803806,-0.35486486474959156,-0.7566434880210966,1,0,1,0,0,0,0,1,0,0
-0.11212522494518067,-0.8043033970404823,-0.7566434880210966,0,1,0,0,1,0,1,0,1,0
0.15677762679484894,0.09457366754129916,-0.272245085668712,0,0,1,0,0,0,0,0,1,0
-0.21288677424503563,-0.8043033970404823,0.2121533166836726,0,0,0,1,0,0,0,0,0,1
-0.0547131567569392,0.09457366754129916,-0.7566434880210966,1,0,0,0,1,0,1,0,0,1
-0.308982188992308,-0.8043033970404823,0.6965517190360571,0,0,0,0,0,0,0,0,0,1
-0.36279356738137636,-0.8043033970404823,-0.7566434880210966,1,0,1,0,0,0,0,0,0,1
-0.2545065122178307,-0.8043033970404823,0.6965517190360571,0,0,1,0,0,0,0,0,0,1
0.285853691333656,-0.8043033970404823,-0.272245085668712,0,0,1,0,0,1,0,0,0,1
-0.25560725785162425,0.9934507321230805,-0.7566434880210966,0,0,0,0,0,0,0,0,0,1
-0.2938605755041585,1.892327796704862,0.2121533166836726,1,0,1,0,0,0,0,0,0,0
-0.3319855263189326,1.4428892644139713,-0.7566434880210966,1,0,0,0,1,0,0,0,0,1
-0.24238547356232545,-1.253741929331373,-0.7566434880210966,1,0,1,0,0,1,0,0,1,0
-0.3374732086331804,-0.8043033970404823,-0.7566434880210966,0,0,0,0,1,0,1,0,0,1
-0.34196604795478674,0.5440121998321898,2.1497469260932105,0,0,0,0,0,0,1,0,0,1
-0.33448867965525614,0.5440121998321898,-0.7566434880210966,1,0,0,0,1,0,1,0,0,1
-0.3681143728065359,-1.253741929331373,3.11854373079798,1,0,0,0,0,0,0,0,0,1
0.7380483415405058,0.9934507321230805,-0.7566434880210966,1,0,0,0,0,0,0,0,1,0
-0.23853446842952003,0.5440121998321898,-0.7566434880210966,1,0,0,1,0,0,0,0,1,0
-0.3504960243239509,-0.35486486474959156,0.2121533166836726,1,0,0,0,0,0,0,0,0,0
-0.3217675260332221,-0.35486486474959156,0.2121533166836726,0,0,0,0,1,1,0,0,0,1
-0.23416999594567378,0.5440121998321898,0.2121533166836726,1,0,1,0,0,0,0,0,0,1
-0.35537396415883776,-1.253741929331373,0.2121533166836726,1,0,1,0,0,1,0,0,0,1
-0.3091233925138442,-1.253741929331373,0.2121533166836726,1,0,1,0,0,1,0,0,0,1
3.5304442550471875,1.892327796704862,-0.7566434880210966,0,0,0,1,0,0,0,0,0,1
-0.349186682578797,0.9934507321230805,-0.7566434880210966,1,0,1,0,0,0,0,0,1,0
-0.3615869191064306,-0.35486486474959156,0.2121533166836726,1,0,0,0,1,0,0,0,0,1
-0.2933471081531178,0.09457366754129916,-0.7566434880210966,0,0,0,0,1,0,0,0,0,1
0.002987736816262688,-0.8043033970404823,-0.7566434880210966,1,0,0,1,0,0,0,0,0,1
0.11636132792605552,-0.35486486474959156,0.2121533166836726,0,1,0,0,1,0,0,0,0,1
0.5925846455761392,0.5440121998321898,-0.030045884492519763,0,0,0,0,1,0,1,1,0,0
-0.33555412440866567,0.09457366754129916,0.2121533166836726,1,0,0,0,1,0,0,0,0,1
-0.21623073036868837,0.5440121998321898,-0.7566434880210966,0,1,0,0,1,1,0,0,0,1
-0.1498586569047862,-0.8043033970404823,0.2121533166836726,0,0,0,0,1,1,0,0,1,0
0.14461486891707162,-0.8043033970404823,0.2121533166836726,0,1,0,0,0,1,0,0,0,0
-0.2596508132410699,0.9934507321230805,-0.7566434880210966,1,0,1,0,0,1,0,0,0,1
-0.18715564161600712,-0.35486486474959156,-0.7566434880210966,1,0,0,0,1,0,1,0,1,0
-0.23051154106950864,0.5440121998321898,-0.7566434880210966,1,0,0,0,1,0,1,0,0,1
-0.3554445659196059,-0.35486486474959156,-0.7566434880210966,1,0,0,0,1,0,0,1,0,0
-0.34519126475351136,-0.35486486474959156,-0.7566434880210966,1,0,1,0,0,1,0,0,0,1
-0.3528451374549622,-0.8043033970404823,-0.7566434880210966,1,0,0,1,0,1,0,0,0,0
-0.32419365926688953,-0.35486486474959156,0.2121533166836726,0,1,0,0,0,0,0,0,0,1
1.0213860441866676,0.09457366754129916,-0.7566434880210966,0,0,0,1,0,0,0,0,0,1
-0.24052415441480288,-0.8043033970404823,-0.7566434880210966,1,0,1,0,0,0,0,0,1,0
-0.35349980832753913,1.892327796704862,2.634145328445595,1,0,0,0,1,0,0,0,0,0
0.21648746137899763,-0.35486486474959156,0.2121533166836726,0,0,0,0,1,0,0,0,0,1
0.07161746203927205,-0.35486486474959156,2.634145328445595,1,0,1,0,0,0,0,0,0,1
-0.35027780069975856,-0.8043033970404823,-0.7566434880210966,1,0,0,0,0,0,0,0,0,1
0.2197126781777222,1.4428892644139713,-0.272245085668712,0,0,1,0,0,0,0,0,0,1
-0.2918837262026517,-0.35486486474959156,0.2121533166836726,1,0,0,0,1,1,0,0,1,0
-0.2638227354682759,0.5440121998321898,0.2121533166836726,0,1,0,0,0,0,0,0,0,1
0.09049541011737881,-1.253741929331373,0.2121533166836726,1,0,1,0,0,0,0,0,0,1
-0.34914817252746894,1.4428892644139713,0.2121533166836726,1,0,0,1,0,0,0,0,0,1
-0.34371825529021327,-0.8043033970404823,0.2121533166836726,1,0,0,0,0,0,0,0,1,0
-0.04536805096799792,-0.8043033970404823,0.2121533166836726,0,1,0,0,1,1,0,0,0,1
0.05151040148961151,-0.8043033970404823,-0.7566434880210966,0,0,1,0,0,1,0,0,0,0
-0.3635124216728333,-1.253741929331373,0.2121533166836726,0,0,1,0,0,1,0,0,0,1
-0.36050863766924507,-1.253741929331373,0.2121533166836726,1,0,0,0,0,0,1,0,1,0
-0.34995688360535815,0.5440121998321898,0.2121533166836726,1,0,0,1,0,1,0,0,0,1
-0.2588806122145089,-0.35486486474959156,-0.7566434880210966,1,0,0,0,1,0,0,0,0,1
-0.3637723645192977,-1.253741929331373,-0.7566434880210966,1,0,1,0,0,0,0,0,0,1
-0.3578386074438333,-0.8043033970404823,0.2121533166836726,1,0,0,0,0,0,1,0,0,1
-0.1282192172293635,0.5440121998321898,-0.7566434880210966,0,1,0,0,0,1,0,0,0,1
-0.22775165405766468,0.09457366754129916,-0.7566434880210966,1,0,0,0,1,1,0,0,0,1
-0.28649231901672406,-0.35486486474959156,0.2121533166836726,1,0,1,0,0,0,0,0,0,1
0.1304399608574035,0.5440121998321898,-0.7566434880210966,1,0,0,1,0,1,0,0,0,1
-0.323847068804937,0.9934507321230805,0.2121533166836726,1,0,0,0,0,0,0,0,0,1
-0.07528394250800838,-0.35486486474959156,-0.7566434880210966,1,0,0,1,0,1,0,0,1,0
0.17220090235173477,-0.8043033970404823,1.1809501213884417,0,0,1,0,0,1,0,0,0,1
-0.3226147471624393,-0.35486486474959156,-0.7566434880210966,1,0,0,0,1,0,0,0,1,0
-0.33555412440866567,0.09457366754129916,0.2121533166836726,1,0,1,0,0,0,0,0,1,0
-0.13479801766457283,0.5440121998321898,-0.7566434880210966,1,0,0,1,0,0,0,0,0,1
-0.35794290549951346,1.4428892644139713,2.634145328445595,1,0,0,0,1,0,0,0,0,1
-0.29670069178960257,-1.253741929331373,-0.7566434880210966,0,1,0,1,0,0,0,0,0,1
-0.29183237946754764,-0.8043033970404823,0.2121533166836726,0,1,1,0,0,1,0,0,0,1
1.017342488797222,-0.35486486474959156,0.2121533166836726,0,1,0,1,0,0,0,0,0,1
-0.3545139063458446,0.09457366754129916,-0.7566434880210966,0,0,0,1,0,1,0,0,0,1
0.3801423428394538,-0.8043033970404823,0.2121533166836726,0,0,0,0,1,1,0,0,1,0
-0.2725901904872963,-0.35486486474959156,0.2121533166836726,0,1,1,0,0,0,0,0,0,1
-0.31468809493074806,1.4428892644139713,-0.7566434880210966,1,0,0,1,0,0,1,0,0,1
-0.24707086314057214,0.5440121998321898,0.2121533166836726,1,0,0,0,0,0,0,0,0,1
-0.32117062023763726,-0.35486486474959156,-0.7566434880210966,1,0,0,0,1,1,0,0,0,1
-0.3510800934357597,2.7912048612866434,3.11854373079798,1,0,0,0,0,1,0,0,0,1
-0.28929071607989604,-0.8043033970404823,0.2121533166836726,1,0,0,1,0,0,0,0,1,0
0.7865774245557424,0.09457366754129916,0.2121533166836726,1,0,0,1,0,0,0,0,1,0
-0.297021608884003,0.5440121998321898,-0.7566434880210966,1,0,0,0,0,0,0,0,0,1
-0.0326661523716279,2.7912048612866434,-0.7566434880210966,0,1,1,0,0,1,0,0,0,1
-0.2807414846850679,-0.8043033970404823,0.2121533166836726,1,0,0,0,1,1,0,0,1,0
-0.3573379767765686,-0.8043033970404823,-0.7566434880210966,1,0,0,1,0,0,0,0,0,1
-0.0038477972944669964,0.9934507321230805,-0.7566434880210966,0,1,1,0,0,1,0,0,0,1
-0.36480250839232314,-0.8043033970404823,2.634145328445595,1,0,0,1,0,0,0,0,0,1
-0.3398030667385277,1.4428892644139713,0.2121533166836726,1,0,0,0,1,0,0,0,0,1
-0.32574368883284377,-0.35486486474959156,-0.7566434880210966,0,1,0,1,0,0,0,0,0,0
-0.3014984023508893,-0.8043033970404823,-0.7566434880210966,0,0,0,0,1,0,0,0,0,1
-0.36576525967552453,-0.8043033970404823,2.634145328445595,1,0,1,0,0,0,0,0,0,1
0.2601386045593476,-0.8043033970404823,-0.7566434880210966,0,1,1,0,0,0,0,0,0,0
-0.25075499138428936,-0.8043033970404823,0.2121533166836726,0,1,0,0,1,1,0,0,0,1
-0.16998657706558273,0.09457366754129916,-0.7566434880210966,1,0,0,0,1,0,1,0,1,0
-0.2244943455495001,0.5440121998321898,-0.7566434880210966,0,1,1,0,0,0,0,0,1,0
0.7863977109828783,0.9934507321230805,0.2121533166836726,0,1,0,0,0,1,0,0,0,1
0.27297528833536583,-0.8043033970404823,-0.7566434880210966,0,1,0,1,0,0,0,0,0,1
-0.11228568349238088,1.4428892644139713,-0.7566434880210966,1,0,0,0,1,0,0,0,0,1
0.029238755138219958,1.4428892644139713,-0.7566434880210966,1,0,0,0,1,0,0,0,0,1
-0.3521904665823853,-0.8043033970404823,0.2121533166836726,1,0,1,0,0,0,0,0,0,1
0.6002144494955101,0.5440121998321898,0.2121533166836726,0,0,0,0,1,0,0,0,1,0
0.22413812490950447,1.4428892644139713,0.2121533166836726,0,1,0,0,0,0,1,0,0,1
0.2601386045593476,-0.8043033970404823,-0.7566434880210966,0,1,0,1,0,0,1,0,0,1
-0.2553665700308239,-1.253741929331373,-0.7566434880210966,0,0,1,0,0,0,0,0,0,0
-0.2113206988243614,0.9934507321230805,-0.7566434880210966,0,1,0,0,1,1,0,0,0,1
-0.31291021422776955,-0.8043033970404823,0.2121533166836726,1,0,1,0,0,1,0,0,0,1
-0.31266631723602517,0.09457366754129916,-0.7566434880210966,0,0,0,0,1,0,0,0,0,0
-0.3303552674793783,-0.35486486474959156,0.2121533166836726,0,1,0,1,0,1,0,0,1,0
-0.3290074156828964,-0.35486486474959156,0.2121533166836726,1,0,1,0,0,0,0,0,0,1
1.6582460180243714,0.9934507321230805,-0.7566434880210966,1,0,0,1,0,1,0,0,1,0
-0.21292528429636368,-0.8043033970404823,-0.7566434880210966,1,0,0,0,1,0,0,0,0,1
0.42292380069397856,0.5440121998321898,0.6965517190360571,0,0,0,0,0,0,0,0,0,0
-0.31346860997202636,-0.35486486474959156,-0.7566434880210966,1,0,1,0,0,0,0,0,0,0
-0.3271236323387657,-1.253741929331373,-0.7566434880210966,1,0,1,0,0,0,1,0,0,1
0.7074521057603662,-0.35486486474959156,0.2121533166836726,1,0,0,0,0,0,0,0,0,1
-0.17381190883083616,0.09457366754129916,0.2121533166836726,1,0,0,0,0,0,0,0,0,1
-0.3488015820655165,-0.8043033970404823,-0.7566434880210966,1,0,0,1,0,0,0,0,0,1
-0.2381750412837915,-0.8043033970404823,0.2121533166836726,0,0,0,0,1,0,1,0,1,0
-0.27293678094924884,-1.253741929331373,-0.7566434880210966,1,0,0,1,0,0,1,0,0,1
2.36237021484841,4.588958990450206,-0.7566434880210966,1,0,0,0,1,0,0,0,0,1
2.634764644575517,3.6900819258684248,-0.7566434880210966,0,1,0,1,0,0,0,0,0,1
-0.33543859425468153,2.3417663289957527,0.2121533166836726,1,0,1,0,0,0,1,0,0,0
0.18472469196071256,1.4428892644139713,-0.030045884492519763,0,0,0,0,1,0,0,0,1,0
-0.3420623230831069,0.9934507321230805,-0.7566434880210966,1,0,0,0,1,0,0,0,1,0
-0.36317866789465686,-0.8043033970404823,-0.7566434880210966,1,0,1,0,0,0,0,0,0,1
0.013308430572181312,-0.35486486474959156,0.2121533166836726,0,0,0,0,1,1,0,0,0,1
-0.29662046251600244,-0.35486486474959156,-0.7566434880210966,0,1,1,0,0,0,0,0,0,1
-0.32723595332180583,0.09457366754129916,-0.7566434880210966,1,0,0,0,1,1,0,0,0,1
-0.33569211875925786,0.5440121998321898,-0.7566434880210966,1,0,0,0,1,1,0,0,0,1
1.273196851478929,0.5440121998321898,0.7934313995065341,0,0,0,0,0,0,0,0,0,1
0.17408789486680942,-0.35486486474959156,0.2121533166836726,0,0,0,0,1,1,0,0,0,1
0.5070843087004979,0.9934507321230805,-0.7566434880210966,0,0,0,1,0,1,0,0,1,0
-0.3462984287291929,-0.35486486474959156,-0.7566434880210966,1,0,0,1,0,0,0,0,0,0
-0.33529097239125727,0.5440121998321898,-0.7566434880210966,0,0,1,0,0,0,1,0,0,1
-0.19720034667074138,-0.8043033970404823,-0.7566434880210966,1,0,0,0,1,0,1,1,0,0
-0.20849983756458138,-0.8043033970404823,0.6965517190360571,0,0,0,0,0,1,0,0,0,1
0.3050092326984193,1.4428892644139713,0.2121533166836726,0,1,0,0,0,0,0,0,1,0
1.5774711853637768,1.892327796704862,0.6965517190360571,0,0,0,0,0,1,0,0,0,1
0.20882396116471474,0.09457366754129916,-0.7566434880210966,0,1,0,1,0,0,1,0,0,0
-0.28184543948980545,4.588958990450206,0.2121533166836726,1,0,0,0,0,0,0,0,0,1
-0.3521904665823853,-0.8043033970404823,0.2121533166836726,1,0,0,0,0,0,0,1,0,0
0.2548819825530681,0.9934507321230805,0.2121533166836726,0,0,0,0,1,1,0,0,1,0
0.12618620477112555,-0.35486486474959156,-0.030045884492519763,0,0,0,0,1,1,0,0,0,1
-0.22698145303110362,0.09457366754129916,-0.7566434880210966,0,1,1,0,0,0,0,0,0,0
-0.3636792985619216,-0.8043033970404823,3.11854373079798,1,0,0,0,0,0,0,0,0,1
-0.1282192172293635,0.5440121998321898,-0.7566434880210966,0,1,0,1,0,0,1,0,1,0
0.03165205168811137,-0.8043033970404823,0.2121533166836726,0,1,0,1,0,0,0,0,0,1
-0.3183786415163533,-0.35486486474959156,-0.7566434880210966,1,0,0,0,1,0,0,1,0,0
1.9976190545237968,1.4428892644139713,0.6965517190360571,0,0,1,0,0,0,0,0,0,1
-0.20840035326531722,-0.8043033970404823,-0.7566434880210966,0,1,1,0,0,0,0,0,1,0
-0.3422548733397472,-0.8043033970404823,-0.7566434880210966,1,0,1,0,0,0,0,0,1,0
-0.33965544487510346,0.09457366754129916,2.634145328445595,1,0,0,0,1,0,0,0,0,1
-0.3295979031365932,0.09457366754129916,0.2121533166836726,1,0,0,1,0,0,0,0,0,1
-0.22775165405766468,0.5440121998321898,0.2121533166836726,1,0,0,0,0,1,0,0,0,1
0.051157392685771054,-0.8043033970404823,-0.7566434880210966,1,0,0,0,1,1,0,0,1,0
-0.25075499138428936,-0.8043033970404823,0.2121533166836726,0,1,0,0,1,0,1,0,1,0
-0.3546743648930448,-0.35486486474959156,-0.7566434880210966,1,0,0,0,1,0,0,0,0,0
-0.18782956751424806,0.9934507321230805,-0.7566434880210966,0,1,0,0,0,0,0,0,1,0
-0.22490191025938866,0.09457366754129916,0.2121533166836726,1,0,0,0,1,1,0,0,0,0
-0.06950743480880019,-0.35486486474959156,-0.7566434880210966,1,0,0,0,1,0,0,0,1,0
-0.3043224727816134,0.5440121998321898,-0.7566434880210966,1,0,1,0,0,0,0,0,0,1
-0.3636921352456976,-0.8043033970404823,-0.7566434880210966,1,0,1,0,0,0,0,0,0,1
-0.29183237946754764,-0.8043033970404823,0.2121533166836726,0,1,0,0,1,0,0,0,0,1
0.540925016305026,-0.35486486474959156,-0.7566434880210966,0,1,1,0,0,1,0,0,0,1
-0.3451431271893513,0.5440121998321898,0.2121533166836726,1,0,1,0,0,0,0,0,0,1
-0.3014984023508893,-0.8043033970404823,-0.7566434880210966,0,0,1,0,0,0,0,0,0,0
-0.32492535024212255,0.09457366754129916,-0.7566434880210966,1,0,0,0,1,1,0,0,1,0
0.03047428595166168,0.5440121998321898,-0.7566434880210966,0,1,0,0,1,0,0,0,0,0
0.39680114920978143,0.5440121998321898,-0.7566434880210966,1,0,0,0,1,0,0,0,0,0
0.2399079909283429,-0.8043033970404823,0.6965517190360571,0,0,0,0,0,0,1,0,1,0
-0.23416999594567378,0.5440121998321898,0.2121533166836726,1,0,0,0,1,1,0,0,1,0
-0.23234718684947925,-0.35486486474959156,0.2121533166836726,1,0,1,0,0,0,1,0,0,0
-0.17631506216715973,-0.35486486474959156,0.2121533166836726,0,1,0,0,0,0,0,0,1,0
-0.3580439943842496,-0.8043033970404823,0.2121533166836726,1,0,1,0,0,1,0,0,0,0
-0.347742555653995,2.3417663289957527,3.11854373079798,1,0,0,0,0,0,0,0,0,0
3.7205555417700173,0.9934507321230805,0.2121533166836726,0,1,0,0,1,0,0,0,0,1
-0.253335164823269,-0.35486486474959156,0.2121533166836726,0,1,0,0,1,1,0,0,0,1
-0.36035459746393284,-0.35486486474959156,-0.7566434880210966,0,0,0,0,1,0,0,0,0,0
-0.27655672577408597,0.9934507321230805,0.2121533166836726,1,0,0,0,1,1,0,0,0,1
-0.07528394250800838,-0.35486486474959156,-0.7566434880210966,1,0,0,0,1,0,0,0,0,1
-0.310419897575222,0.5440121998321898,-0.7566434880210966,1,0,0,1,0,0,0,0,0,1
-0.2368336078291976,-0.35486486474959156,-0.7566434880210966,0,0,1,0,0,1,0,0,0,1
-0.36281924074892835,0.09457366754129916,2.634145328445595,1,0,0,1,0,0,1,0,0,0
-0.35842909489753016,-1.253741929331373,-0.7566434880210966,1,0,0,0,0,0,0,1,0,0
-0.31266631723602517,1.4428892644139713,-0.7566434880210966,1,0,0,0,1,0,0,0,0,0
-0.29000957037135305,0.09457366754129916,-0.7566434880210966,1,0,1,0,0,0,0,0,0,1
-0.3474152202177065,0.9934507321230805,0.2121533166836726,1,0,0,0,1,0,0,0,1,0
-0.3485368254626361,0.5440121998321898,2.634145328445595,1,0,0,1,0,0,0,1,0,0
0.1510300016341368,-0.35486486474959156,1.1809501213884417,0,1,1,0,0,0,0,0,0,1
-0.33033601245371425,-0.8043033970404823,1.1809501213884417,0,1,1,0,0,0,0,0,0,1
-0.1845433764675874,0.09457366754129916,0.2121533166836726,1,0,0,0,0,0,1,0,0,0
-0.1347177883909727,0.5440121998321898,-0.7566434880210966,0,0,0,0,1,0,0,0,0,1
-0.3560222166895267,-0.35486486474959156,-0.7566434880210966,1,0,0,0,1,0,0,0,0,1
-0.18035861755660546,-0.35486486474959156,0.2121533166836726,1,0,0,0,0,0,0,0,0,1
-0.3500852504431183,-0.8043033970404823,-0.7566434880210966,1,0,0,0,1,0,0,0,0,0
-0.31799354100307275,0.09457366754129916,0.2121533166836726,1,0,0,0,0,0,0,0,0,1
-0.36394886892121797,-1.253741929331373,-0.7566434880210966,1,0,0,0,0,1,0,0,0,1
-0.34795917469271526,-0.35486486474959156,2.634145328445595,1,0,0,0,1,1,0,0,0,1
-0.3550915571157654,-0.8043033970404823,-0.7566434880210966,1,0,0,0,1,1,0,0,0,1
-0.3401047288072641,-0.8043033970404823,-0.7566434880210966,0,1,0,0,1,0,0,0,0,1
-0.32023996066387594,-0.8043033970404823,-0.7566434880210966,1,0,0,0,1,0,0,0,0,1
-0.3521904665823853,-0.8043033970404823,0.2121533166836726,1,0,0,0,0,0,1,0,0,1
0.02099118581212823,-0.35486486474959156,-0.7566434880210966,1,0,0,0,1,0,1,0,0,1
-0.32723595332180583,0.09457366754129916,-0.7566434880210966,1,0,0,1,0,0,1,0,0,1
-0.30474608334622194,0.09457366754129916,2.634145328445595,1,0,0,1,0,0,0,0,0,0
0.5023668274128114,-0.35486486474959156,-0.7566434880210966,0,0,1,0,0,1,0,0,0,1
-0.35477064002136494,-0.8043033970404823,-0.7566434880210966,1,0,0,0,0,0,1,0,0,0
2.2786589907740518,0.5440121998321898,-0.7566434880210966,0,1,0,0,1,0,0,0,0,0
-0.32688936285985337,-0.35486486474959156,0.2121533166836726,1,0,1,0,0,0,0,1,0,0
-0.15076364311099547,0.5440121998321898,-0.7566434880210966,1,0,0,0,1,0,0,0,0,1
-0.36570749459853247,-0.35486486474959156,2.634145328445595,1,0,1,0,0,0,0,0,0,1
-0.34788696834647514,0.5440121998321898,-0.7566434880210966,1,0,1,0,0,0,0,0,0,1
-0.31515342471762875,0.5440121998321898,-0.7566434880210966,1,0,0,0,0,0,0,0,0,1
-0.3123967468767288,1.4428892644139713,0.2121533166836726,0,0,1,0,0,0,0,0,0,1
-0.34821911753917967,-0.35486486474959156,2.634145328445595,1,0,0,1,0,0,0,0,0,1
-0.29183237946754764,-0.8043033970404823,0.2121533166836726,0,1,0,0,0,1,0,0,1,0
-0.3580439943842496,0.09457366754129916,-0.7566434880210966,1,0,0,0,1,0,1,0,0,1
-0.2960428117460816,1.4428892644139713,-0.7566434880210966,1,0,0,0,1,1,0,0,0,0
-0.01846236177346374,-0.35486486474959156,0.2121533166836726,1,0,0,1,0,0,0,0,0,1
-0.2950479687534402,-0.8043033970404823,-0.7566434880210966,1,0,0,0,1,0,0,0,0,1
-0.3617361455553268,-0.35486486474959156,2.634145328445595,1,0,1,0,0,1,0,0,0,0
-0.2227196740174656,0.9934507321230805,0.2121533166836726,1,0,0,1,0,0,1,0,0,1
-0.30885382215454776,1.892327796704862,0.2121533166836726,1,0,0,1,0,0,0,0,0,1
0.048301230545606956,0.09457366754129916,-0.7566434880210966,0,1,0,0,0,0,0,0,0,1
-0.33464913820245634,0.5440121998321898,-0.7566434880210966,1,0,1,0,0,1,0,0,0,1
-0.35547665762904596,0.5440121998321898,0.2121533166836726,1,0,0,0,1,0,0,0,0,0
-0.35729946672524054,-0.8043033970404823,0.2121533166836726,1,0,0,0,1,1,0,1,0,0
-0.2809083615741561,0.9934507321230805,2.634145328445595,1,0,0,0,1,0,0,0,0,0
-0.35695287626328803,-0.8043033970404823,-0.7566434880210966,0,0,0,0,1,1,0,0,0,1
-0.3246172698314982,-0.35486486474959156,0.2121533166836726,0,1,1,0,0,0,0,0,0,1
-0.014174909392273661,-0.8043033970404823,0.2121533166836726,1,0,0,0,0,0,0,0,0,1
0.3883770754817695,0.9934507321230805,-0.7566434880210966,1,0,0,0,0,0,0,0,0,1
-0.35140101053016015,-0.35486486474959156,-0.7566434880210966,1,0,0,0,1,1,0,0,0,1
-0.2860943818196675,0.5440121998321898,0.2121533166836726,0,1,1,0,0,0,0,0,0,1
0.06826227381731527,0.5440121998321898,-0.7566434880210966,1,0,0,0,0,0,0,0,0,1
-0.2093759412322946,-0.8043033970404823,0.6965517190360571,0,0,1,0,0,1,0,0,1,0
-0.3521904665823853,-0.8043033970404823,0.2121533166836726,1,0,1,0,0,0,0,0,0,1
0.08029666485733235,0.5440121998321898,-0.7566434880210966,1,0,0,1,0,0,0,0,0,1
2.3884928663326073,0.9934507321230805,0.2121533166836726,0,1,0,0,0,0,1,0,1,0
0.04156197156319741,0.09457366754129916,-0.7566434880210966,0,0,0,0,1,0,0,0,0,1
0.49028429880863406,-0.35486486474959156,-0.7566434880210966,1,0,0,0,0,0,0,0,0,1
0.08171190924363836,-0.35486486474959156,1.1809501213884417,0,1,1,0,0,0,1,0,0,0
-0.2516792326161627,2.3417663289957527,0.2121533166836726,1,0,0,0,0,0,1,0,0,1
-0.33320501127765434,0.9934507321230805,-0.7566434880210966,0,0,1,0,0,0,1,0,0,1
2.2834567013353384,-0.35486486474959156,-0.7566434880210966,0,0,0,0,0,1,0,0,0,1
-0.29258332546844473,-0.8043033970404823,0.6965517190360571,0,0,0,0,0,0,0,0,0,1
-0.25476003672240705,-0.8043033970404823,0.2121533166836726,0,0,0,0,1,1,0,0,1,0
-0.2344267296211942,3.6900819258684248,-0.7566434880210966,1,0,0,0,1,0,0,0,0,1
-0.27075454470732574,0.5440121998321898,0.2121533166836726,1,0,0,0,1,0,0,1,0,0
1.3150893689819645,1.892327796704862,-0.7566434880210966,0,1,0,0,1,0,0,0,0,1
0.16540387829233313,-0.35486486474959156,-0.7566434880210966,1,0,0,1,0,0,0,0,1,0
-0.3423190567586272,0.5440121998321898,0.2121533166836726,1,0,0,0,0,0,1,0,0,1
-0.3605471477205731,-0.8043033970404823,-0.7566434880210966,1,0,0,0,1,0,0,0,0,1
0.754472878431921,-0.35486486474959156,0.6965517190360571,0,0,1,0,0,0,0,0,0,1
-0.3388916621904304,-0.8043033970404823,0.2121533166836726,1,0,1,0,0,1,0,1,0,0
0.1990038980760608,0.9934507321230805,-0.7566434880210966,1,0,0,0,1,0,0,0,1,0
-0.08259443391845077,-0.8043033970404823,0.2121533166836726,0,1,0,1,0,1,0,0,0,1
-0.35090679820478343,0.09457366754129916,0.2121533166836726,1,0,0,0,0,0,0,0,1,0
-0.28181976612225346,-0.8043033970404823,0.2121533166836726,1,0,1,0,0,0,0,0,0,0
-0.34081074641494513,-0.8043033970404823,-0.7566434880210966,1,0,0,1,0,0,0,0,0,1
-0.35252422036056175,-0.8043033970404823,-0.7566434880210966,1,0,1,0,0,0,0,0,1,0
0.01878969454454113,-0.8043033970404823,0.2121533166836726,0,0,0,0,1,0,1,0,0,0
-0.27898285900775344,-1.253741929331373,0.2121533166836726,0,1,0,0,1,0,0,0,0,1
-0.34504685206103114,0.9934507321230805,-0.7566434880210966,1,0,1,0,0,0,0,0,1,0
-0.3596357431724758,1.892327796704862,3.11854373079798,1,0,0,0,0,1,0,0,0,1
-0.31958208062035504,-0.35486486474959156,-0.7566434880210966,1,0,1,0,0,1,0,0,0,0
-0.33651687569186706,-0.35486486474959156,0.2121533166836726,1,0,1,0,0,1,0,0,0,1
-0.3641799292291863,-0.8043033970404823,0.2121533166836726,1,0,0,0,0,0,0,0,0,1
-0.3457721246943762,0.09457366754129916,0.2121533166836726,1,0,0,0,1,0,0,0,1,0
-0.3188359483758739,0.5440121998321898,2.634145328445595,1,0,1,0,0,0,1,0,0,1
-0.2672372933526967,-0.35486486474959156,0.2121533166836726,1,0,0,0,0,1,0,0,0,1
-0.3592313876335313,-1.253741929331373,-0.7566434880210966,1,0,0,0,1,1,0,0,0,0
-0.32877635537492805,0.09457366754129916,-0.7566434880210966,0,0,0,1,0,0,1,0,0,1
0.7575280091706134,-0.8043033970404823,-0.7566434880210966,0,0,0,1,0,1,0,0,1,0
-0.23452300474951435,0.5440121998321898,-0.7566434880210966,1,0,0,0,1,0,0,0,0,1
-0.22037056088645426,2.3417663289957527,-0.7566434880210966,0,1,0,0,1,0,0,0,0,1
0.1985032674087961,-0.8043033970404823,0.2121533166836726,0,0,1,0,0,0,0,0,0,1
-0.33385968215023126,0.09457366754129916,0.2121533166836726,1,0,0,0,1,0,0,0,0,1
0.5322570455852697,-0.8043033970404823,0.2121533166836726,0,0,0,0,1,0,0,0,1,0
-0.33293544091835797,-0.8043033970404823,0.2121533166836726,1,0,0,0,0,1,0,0,0,0
0.8480137931077657,0.9934507321230805,0.2121533166836726,0,1,0,0,0,0,1,0,1,0
-0.3646163764775709,-1.253741929331373,0.2121533166836726,1,0,0,1,0,0,0,0,0,1
-0.35557293275736607,-0.8043033970404823,-0.7566434880210966,1,0,0,0,0,0,0,1,0,0
0.09521930974695354,0.9934507321230805,-0.7566434880210966,1,0,1,0,0,0,1,0,0,1
-0.3014534739576733,-0.8043033970404823,1.1809501213884417,0,1,1,0,0,0,1,0,0,1
-0.34803138103895537,-0.8043033970404823,-0.7566434880210966,1,0,1,0,0,0,0,0,0,1
-0.31266631723602517,1.4428892644139713,-0.7566434880210966,1,0,0,0,0,0,0,0,0,1
-0.17627655211583168,0.9934507321230805,-0.7566434880210966,0,1,0,0,1,0,0,0,0,1
-0.2988925555443576,3.6900819258684248,0.2121533166836726,1,0,0,0,1,0,0,0,0,1
-0.35645224559602334,-0.8043033970404823,0.2121533166836726,1,0,0,0,1,0,1,0,0,1
-0.24148690569800418,0.09457366754129916,-0.7566434880210966,1,0,1,0,0,0,0,0,0,1
-0.3615098990037745,-0.8043033970404823,-0.7566434880210966,1,0,1,0,0,1,0,0,1,0
-0.23278363409786387,-0.8043033970404823,0.2121533166836726,0,1,0,0,1,0,0,0,1,0
-0.3281601945536792,0.9934507321230805,0.2121533166836726,0,0,1,0,0,0,0,0,0,0
-0.3382594555144615,-0.35486486474959156,-0.7566434880210966,1,0,0,0,0,0,0,0,1,0
0.6964895778156467,0.5440121998321898,0.2121533166836726,1,0,1,0,0,0,0,1,0,0
-0.3307275313088828,-0.8043033970404823,0.2121533166836726,1,0,1,0,0,0,0,0,0,1
-0.3427683406907879,-1.253741929331373,-0.7566434880210966,1,0,1,0,0,0,0,0,0,1
-0.13784352089043314,0.9934507321230805,0.2121533166836726,0,1,0,0,1,1,0,0,1,0
-0.21640402559966457,-0.8043033970404823,0.2121533166836726,0,1,0,0,0,0,0,0,1,0
-0.35480273173080495,-0.8043033970404823,-0.7566434880210966,1,0,1,0,0,0,0,0,1,0
-0.35735081346034464,-0.35486486474959156,0.2121533166836726,1,0,1,0,0,0,0,0,0,1
-0.3425757904341476,-1.253741929331373,-0.7566434880210966,0,1,0,0,1,0,0,0,0,1
-0.10449381644033784,0.09457366754129916,0.2121533166836726,1,0,0,0,0,0,1,0,0,0
-0.24183991450184472,-0.35486486474959156,-0.7566434880210966,1,0,0,0,1,1,0,0,1,0
0.6900391442181976,-0.8043033970404823,-0.7566434880210966,0,1,0,1,0,0,0,0,0,1
-0.345624502830952,-0.35486486474959156,-0.7566434880210966,1,0,1,0,0,0,1,0,1,0
-0.35027780069975856,-0.8043033970404823,-0.7566434880210966,1,0,1,0,0,1,0,0,0,1
-0.3035522717550522,-0.35486486474959156,0.2121533166836726,0,1,0,0,0,0,0,0,0,0
-0.35119241441879984,-1.253741929331373,-0.7566434880210966,0,1,0,0,1,0,0,0,0,1
-0.30628648539934417,-0.35486486474959156,0.2121533166836726,1,0,1,0,0,0,0,0,0,1
1.2454760328646177,-0.35486486474959156,0.2121533166836726,1,0,1,0,0,0,0,1,0,0
-0.3541608975420041,-1.253741929331373,-0.7566434880210966,1,0,0,1,0,0,0,0,0,0
0.24670341040227253,1.4428892644139713,-0.272245085668712,0,0,1,0,0,0,0,1,0,0
0.016225566960281473,-0.35486486474959156,-0.7566434880210966,0,1,0,0,1,1,0,0,0,1
-0.35721602828069643,-0.35486486474959156,2.634145328445595,1,0,1,0,0,0,0,0,0,1
-0.2903689975170815,0.09457366754129916,0.2121533166836726,0,0,1,0,0,0,0,0,0,1
-0.32861589682772785,-0.8043033970404823,-0.7566434880210966,1,0,0,1,0,1,0,0,1,0
-0.2308966415827892,1.4428892644139713,-0.7566434880210966,1,0,0,1,0,0,0,0,0,1
0.015737772976792776,-0.8043033970404823,-0.030045884492519763,0,0,0,0,1,0,0,0,1,0
-0.28484280515150573,-0.8043033970404823,-0.7566434880210966,1,0,1,0,0,0,1,0,0,1
-0.08513609730610233,1.892327796704862,-0.7566434880210966,0,1,0,0,1,0,1,0,0,1
-0.3079488359483385,-0.8043033970404823,-0.7566434880210966,1,0,1,0,0,0,0,0,0,1
1.9416479040894135,1.892327796704862,-0.7566434880210966,0,1,0,0,0,0,1,1,0,0
0.24309790684668342,1.4428892644139713,-0.7566434880210966,1,0,0,0,1,1,0,0,0,1
-0.33883710628438235,1.4428892644139713,-0.7566434880210966,1,0,0,0,1,0,0,0,0,1
0.016867401149082393,-1.253741929331373,-0.7566434880210966,1,0,1,0,0,0,1,0,0,0
-0.2918837262026517,-0.35486486474959156,0.2121533166836726,0,0,0,1,0,0,0,1,0,0
-0.3349379635874168,0.09457366754129916,-0.7566434880210966,0,0,0,0,1,1,0,0,1,0
-0.109577143215641,-0.8043033970404823,0.2121533166836726,0,0,0,0,1,0,0,0,0,1
-0.3641574650325783,-1.253741929331373,-0.7566434880210966,0,0,0,0,0,0,0,0,1,0
-0.350598717794159,-0.8043033970404823,-0.7566434880210966,1,0,0,0,1,1,0,0,0,0
0.5023668274128114,-0.35486486474959156,-0.7566434880210966,1,0,0,0,1,0,0,0,0,0
-0.16767597398589948,1.892327796704862,-0.7566434880210966,1,0,0,1,0,0,1,0,0,1
0.18475517908468062,0.5440121998321898,-0.7566434880210966,0,1,1,0,0,0,0,0,0,1
-0.3480361947953714,1.4428892644139713,2.634145328445595,1,0,1,0,0,0,1,0,0,1
-0.3646388406741789,-1.253741929331373,-0.7566434880210966,1,0,0,1,0,0,0,0,0,1
0.18465890395636045,-0.35486486474959156,-0.7566434880210966,0,0,1,0,0,0,0,0,1,0
-0.3226147471624393,2.3417663289957527,0.2121533166836726,1,0,1,0,0,0,1,0,0,1
-0.3638846855023378,-1.253741929331373,-0.7566434880210966,1,0,0,0,1,0,0,0,0,1
-0.35894256224857085,-0.8043033970404823,-0.7566434880210966,0,0,0,0,1,0,0,0,1,0
-0.3268508528085253,0.09457366754129916,-0.7566434880210966,1,0,0,1,0,1,0,0,0,1
-0.34196604795478674,-0.35486486474959156,-0.7566434880210966,1,0,1,0,0,1,0,0,0,1
-0.3536634760456834,-0.35486486474959156,-0.7566434880210966,1,0,1,0,0,0,0,0,0,1
0.6406179116805275,0.9934507321230805,-0.7566434880210966,1,0,0,0,0,0,1,0,0,1
-0.1778490458783939,-0.8043033970404823,-0.7566434880210966,0,1,1,0,0,0,1,0,0,0
-0.3162605886933103,1.4428892644139713,0.2121533166836726,1,0,1,0,0,0,0,0,0,1
0.07013642964861394,-0.8043033970404823,0.2121533166836726,0,0,1,0,0,0,0,0,0,1
-0.34610587847255264,-0.8043033970404823,0.2121533166836726,1,0,1,0,0,1,0,0,0,1
-0.3651426805123877,-0.8043033970404823,3.11854373079798,1,0,0,0,0,0,0,0,0,1
-0.13799756109574537,2.3417663289957527,0.2121533166836726,1,0,0,0,0,0,0,0,0,1
0.7116111913037962,-0.35486486474959156,0.6965517190360571,0,0,1,0,0,0,0,1,0,0
0.04189572534137388,0.09457366754129916,0.2121533166836726,0,1,1,0,0,1,0,0,0,1
-0.31593967159890984,-0.8043033970404823,-0.7566434880210966,0,1,0,1,0,1,0,0,1,0
-0.351266225350512,-0.8043033970404823,0.2121533166836726,1,0,0,0,1,0,0,0,0,1
2.251685908989694,2.3417663289957527,-0.7566434880210966,1,0,1,0,0,1,0,0,1,0
-0.3451431271893513,-0.8043033970404823,-0.7566434880210966,0,0,1,0,0,0,0,0,1,0
-0.3388146420877743,1.4428892644139713,0.2121533166836726,1,0,1,0,0,1,0,0,0,1
-0.034816296904110956,-1.253741929331373,-0.7566434880210966,1,0,1,0,0,0,0,0,0,1
-0.3354193392290175,-0.35486486474959156,-0.7566434880210966,1,0,1,0,0,1,0,0,0,1
-0.32769807393774253,-0.35486486474959156,0.2121533166836726,0,0,1,0,0,0,1,0,0,0
0.6419818093317294,0.5440121998321898,-0.7566434880210966,0,1,0,1,0,0,0,0,0,1
-0.029662368368039614,-0.8043033970404823,0.6965517190360571,0,0,0,0,0,0,0,0,0,1
-0.20045765517890596,0.5440121998321898,0.6965517190360571,0,0,0,0,0,0,0,0,1,0
-0.19557971534401905,-0.35486486474959156,-0.7566434880210966,0,1,0,0,1,0,0,0,1,0
-0.36190783620083106,-0.8043033970404823,3.11854373079798,1,0,0,0,0,0,0,0,0,1
-0.28112016685646046,0.9934507321230805,-0.7566434880210966,1,0,0,1,0,0,0,0,0,0
-0.06152381979285284,-1.253741929331373,1.423149322564634,0,0,0,1,0,0,0,0,0,1
-0.2275591038010244,0.09457366754129916,-0.7566434880210966,1,0,1,0,0,0,0,0,0,1
-0.25852439423972434,2.3417663289957527,2.634145328445595,1,0,0,1,0,1,0,0,0,1
-0.33883710628438235,1.4428892644139713,-0.7566434880210966,0,0,0,1,0,0,0,0,1,0
-0.29854596508240516,0.9934507321230805,-0.7566434880210966,1,0,1,0,0,0,0,0,1,0
-0.32011159382611576,0.09457366754129916,-0.7566434880210966,0,0,0,0,0,1,0,0,0,1
1.5080471903321262,-0.35486486474959156,1.1809501213884417,0,1,1,0,0,0,1,0,0,1
-0.3665675524115257,-1.253741929331373,0.2121533166836726,1,0,0,0,1,0,1,0,0,1
0.013064533580436988,-0.8043033970404823,-0.7566434880210966,0,1,0,0,1,0,0,0,1,0
-0.3552712706886296,-0.8043033970404823,0.2121533166836726,1,0,0,0,0,1,0,0,0,1
-0.3496488031947337,-0.35486486474959156,0.2121533166836726,1,0,0,1,0,0,0,0,0,1
-0.22983761517126766,-0.8043033970404823,-0.7566434880210966,0,0,0,0,0,0,1,0,0,1
-0.3385290258737579,-0.35486486474959156,2.634145328445595,1,0,0,0,1,0,0,0,0,1
-0.27499065035341175,1.892327796704862,-0.7566434880210966,1,0,1,0,0,0,0,0,1,0
-0.03191199719978683,-0.35486486474959156,-0.7566434880210966,0,1,0,1,0,0,0,0,0,1
-0.3176084404897922,-0.8043033970404823,0.2121533166836726,0,1,0,0,0,0,0,0,0,1
-0.32649784400468485,-1.253741929331373,-0.7566434880210966,1,0,1,0,0,0,0,0,0,1
-0.3317608843528523,-0.8043033970404823,-0.7566434880210966,1,0,0,0,1,0,0,0,0,1
-0.3366709158971793,-0.35486486474959156,-0.7566434880210966,1,0,0,0,1,0,0,0,0,1
-0.28564509788750686,1.892327796704862,-0.7566434880210966,1,0,1,0,0,0,1,0,0,0
0.1766680683057891,0.5440121998321898,0.2121533166836726,0,1,0,0,0,0,1,0,0,1
-0.16092387831971386,-0.8043033970404823,0.2121533166836726,0,0,0,0,1,0,1,0,0,1
-0.3247969834043624,-0.8043033970404823,0.2121533166836726,1,0,0,0,0,1,0,0,0,0
0.17691838363942144,0.9934507321230805,0.6965517190360571,0,0,0,0,0,0,1,0,0,1
-0.33675114517077936,-1.253741929331373,-0.7566434880210966,0,1,0,0,1,0,0,0,0,1
-0.27832818813517646,-0.35486486474959156,-0.7566434880210966,0,1,0,0,1,0,0,0,0,1
-0.35413522417445203,-0.8043033970404823,2.634145328445595,1,0,0,0,1,0,1,0,0,1
-0.2983534148257649,-0.35486486474959156,-0.7566434880210966,1,0,1,0,0,0,0,0,1,0
0.22679531845114023,0.5440121998321898,0.2121533166836726,0,1,0,0,1,1,0,0,0,1
-0.24925309938249524,2.3417663289957527,-0.7566434880210966,1,0,0,1,0,0,0,0,0,1
-0.33962335316566344,1.4428892644139713,0.2121533166836726,1,0,1,0,0,0,0,0,0,1
-0.3292898227259688,1.892327796704862,-0.7566434880210966,1,0,1,0,0,0,1,0,0,1
-0.12101462846007326,-0.35486486474959156,-0.7566434880210966,1,0,0,0,1,0,0,0,0,1
-0.17501855710578187,-1.253741929331373,0.2121533166836726,0,0,0,0,1,0,1,0,0,1
-0.24639693724233114,0.5440121998321898,-0.7566434880210966,1,0,0,1,0,1,0,0,1,0
-0.19556046031835503,-0.35486486474959156,1.1809501213884417,0,1,1,0,0,0,0,0,0,1
-0.17358084852286784,4.139520458159316,0.2121533166836726,1,0,0,0,1,0,0,0,0,1
-0.35676032600664775,0.5440121998321898,0.2121533166836726,1,0,0,0,1,1,0,0,1,0
0.20234143585782552,-0.8043033970404823,-0.7566434880210966,1,0,1,0,0,0,1,0,0,1
-0.349879863502702,0.09457366754129916,0.2121533166836726,1,0,0,1,0,1,0,0,0,0
-0.31229405340652067,-0.35486486474959156,0.2121533166836726,1,0,1,0,0,1,0,0,0,1
-0.2781356378785362,-0.35486486474959156,-0.7566434880210966,1,0,0,0,1,0,0,0,0,1
-0.2437461620425834,-0.35486486474959156,0.2121533166836726,1,0,0,0,0,0,1,0,0,1
-0.32454024972884205,0.09457366754129916,-0.7566434880210966,0,1,0,0,1,1,0,0,0,1
-0.014117144315281577,1.4428892644139713,-0.7566434880210966,1,0,1,0,0,1,0,0,0,0
-0.30600407835627175,-1.253741929331373,0.2121533166836726,1,0,0,1,0,0,0,0,0,1
-0.34081074641494513,-0.8043033970404823,-0.7566434880210966,0,0,1,0,0,0,0,0,0,1
1.7058059314145186,-0.35486486474959156,-0.7566434880210966,0,0,0,0,1,1,0,0,1,0
3.282407432785076,2.7912048612866434,-0.7566434880210966,0,0,0,1,0,1,0,0,0,1
2.3429868223466226,0.09457366754129916,-0.7566434880210966,0,0,0,1,0,0,0,0,0,1
-0.3068577178273769,-0.8043033970404823,-0.7566434880210966,1,0,1,0,0,0,1,0,0,1
-0.35899230439820295,-0.35486486474959156,2.634145328445595,1,0,0,1,0,1,0,0,0,0
-0.3376336671803806,-0.35486486474959156,-0.7566434880210966,1,0,0,0,1,0,0,0,0,0
-0.156764792776284,-1.253741929331373,0.2121533166836726,1,0,0,0,0,0,0,0,0,1
0.057768284830420444,1.4428892644139713,-0.7566434880210966,1,0,0,1,0,0,0,0,1,0
0.7032930202169363,2.3417663289957527,0.2121533166836726,0,1,0,0,1,1,0,0,0,1
-0.359045255718779,-0.8043033970404823,0.2121533166836726,1,0,0,0,1,0,1,0,0,1
-0.34674771266135357,-0.8043033970404823,-0.7566434880210966,1,0,1,0,0,0,0,0,0,1
-0.31257004210770506,-0.8043033970404823,-0.7566434880210966,1,0,0,0,1,0,0,0,0,1
-0.3407914913892811,-0.35486486474959156,0.2121533166836726,1,0,1,0,0,0,0,0,1,0
-0.33237062683221313,0.09457366754129916,-0.7566434880210966,1,0,1,0,0,0,0,0,0,1
-0.24721206666210832,-0.35486486474959156,0.2121533166836726,1,0,1,0,0,0,1,0,1,0
0.014059376573078406,-0.8043033970404823,-0.7566434880210966,1,0,0,0,1,1,0,0,0,1
-0.34495057693271103,-0.8043033970404823,-0.7566434880210966,1,0,1,0,0,1,0,0,0,0
-0.359045255718779,-0.8043033970404823,0.2121533166836726,1,0,0,0,1,1,0,0,0,1
-0.34519126475351136,-0.35486486474959156,-0.7566434880210966,1,0,0,1,0,0,0,1,0,0
-0.35621476694616694,-0.8043033970404823,-0.7566434880210966,1,0,0,0,1,0,0,0,0,0
-0.22446225384006005,-0.35486486474959156,-0.7566434880210966,0,1,1,0,0,0,0,0,0,1
-0.25226972006985954,-0.8043033970404823,-0.7566434880210966,0,1,0,0,1,0,0,0,0,1
-0.25815854875210786,-0.35486486474959156,-0.7566434880210966,1,0,1,0,0,0,0,0,0,0
0.982837482807285,-0.35486486474959156,0.2121533166836726,0,0,0,0,1,0,1,0,0,1
-0.22441411627589997,-1.253741929331373,-0.7566434880210966,0,1,1,0,0,1,0,0,0,1
0.21637193122501347,0.9934507321230805,0.2121533166836726,0,0,0,0,1,0,0,0,0,1
-0.3205608777582764,-0.8043033970404823,0.2121533166836726,0,1,0,0,1,0,0,0,0,1
-0.3614906439781105,0.09457366754129916,2.634145328445595,1,0,0,1,0,0,0,0,0,1
-0.3438722954955255,-0.35486486474959156,0.2121533166836726,1,0,0,0,0,1,0,0,1,0
-0.3047075732948939,0.5440121998321898,2.1497469260932105,0,0,0,0,0,1,0,0,0,1
0.49856395984416596,-0.35486486474959156,-0.7566434880210966,1,0,0,0,1,0,0,0,0,1
-0.06222422135138183,-0.35486486474959156,0.6965517190360571,0,0,0,0,0,0,0,0,0,1
-0.31388580219474693,0.09457366754129916,3.11854373079798,1,0,0,0,0,1,0,0,1,0
-0.16359390854512568,1.4428892644139713,0.2121533166836726,1,0,0,0,0,0,0,0,0,1
-0.3248387026266345,-0.35486486474959156,1.1809501213884417,0,0,1,0,0,0,0,1,0,0
-0.13399251575762766,-0.35486486474959156,0.2121533166836726,1,0,0,0,0,0,1,0,0,1
-0.33786472748834895,-0.35486486474959156,0.2121533166836726,1,0,0,0,1,0,0,0,0,1
-0.3602486948227807,-0.35486486474959156,2.634145328445595,1,0,1,0,0,0,0,0,0,1
-0.10745588122165405,4.139520458159316,-0.7566434880210966,1,0,0,1,0,0,0,0,0,1
-0.3390970491308467,-0.8043033970404823,0.2121533166836726,0,1,0,1,0,1,0,0,0,1
-0.36050863766924507,0.9934507321230805,2.634145328445595,1,0,0,1,0,1,0,0,0,1
-0.272359130179328,2.3417663289957527,-0.7566434880210966,1,0,0,1,0,1,0,0,1,0
-0.2661846852830632,-0.8043033970404823,0.2121533166836726,1,0,1,0,0,0,1,0,1,0
0.11569382036970258,-0.8043033970404823,-0.7566434880210966,0,0,0,0,0,0,0,0,1,0
0.5143867771835804,-0.35486486474959156,0.6965517190360571,0,0,1,0,0,0,0,0,0,0
-0.34857052175754816,-0.8043033970404823,0.2121533166836726,1,0,0,0,0,0,0,0,0,1
0.609938237455844,-0.8043033970404823,-0.7566434880210966,1,0,0,1,0,0,1,0,0,1
0.09837713395585405,0.09457366754129916,0.2121533166836726,0,0,0,0,1,0,0,0,0,1
-0.3127465465096253,0.5440121998321898,-0.7566434880210966,0,1,0,0,0,1,0,0,0,0
-0.04536805096799792,-0.8043033970404823,0.2121533166836726,0,1,0,0,0,0,0,0,0,1
-0.3152336539912288,0.5440121998321898,-0.7566434880210966,1,0,0,0,1,1,0,0,0,0
1.7529999993170502,-0.35486486474959156,0.2121533166836726,0,0,0,0,1,1,0,0,1,0
-0.261078894311152,0.5440121998321898,-0.7566434880210966,1,0,0,0,0,1,0,0,1,0
-0.13399251575762766,-0.35486486474959156,0.2121533166836726,1,0,0,0,1,0,0,0,0,0
2.609588698519801,1.4428892644139713,-0.7566434880210966,1,0,0,0,1,0,1,0,0,1
-0.34803138103895537,-0.8043033970404823,-0.7566434880210966,1,0,0,1,0,0,0,0,1,0
-0.3175442570709121,-0.8043033970404823,-0.7566434880210966,0,0,0,0,1,1,0,0,0,1
5.076622815868581,1.892327796704862,-0.7566434880210966,0,0,0,0,1,1,0,0,0,1
1.0606037177078753,-0.35486486474959156,0.6965517190360571,0,0,0,0,0,0,0,0,0,1
-0.34279401405834,-0.8043033970404823,0.2121533166836726,1,0,1,0,0,0,1,0,0,1
-0.33192134290005254,-0.8043033970404823,-0.7566434880210966,1,0,0,0,0,0,0,0,0,0
-0.3325022028409173,1.4428892644139713,2.634145328445595,1,0,0,0,1,0,0,0,0,1
-0.3515357957098083,-0.35486486474959156,2.1497469260932105,0,0,0,0,0,0,0,0,0,1
0.4971005778936998,-0.35486486474959156,0.6965517190360571,0,0,0,0,0,1,0,0,0,1
-0.25257459130953996,1.4428892644139713,-0.7566434880210966,1,0,1,0,0,0,0,0,0,1
-0.36481213590515515,-0.35486486474959156,2.634145328445595,1,0,1,0,0,1,0,0,0,0
-0.351978661300081,0.5440121998321898,-0.7566434880210966,1,0,1,0,0,1,0,0,0,0
-0.3361125201529225,-0.8043033970404823,3.11854373079798,1,0,0,0,0,1,0,0,0,1
-0.3168382394632311,0.5440121998321898,-0.7566434880210966,1,0,0,0,1,0,0,0,0,1
-0.3486331005909562,-1.253741929331373,2.634145328445595,0,1,1,0,0,0,0,0,0,0
0.4814430328579015,0.5440121998321898,-0.7566434880210966,0,0,0,0,1,0,0,0,0,1
-0.3441803759061499,-0.8043033970404823,0.2121533166836726,1,0,0,0,1,1,0,0,0,0
-0.2557612980569365,0.9934507321230805,0.2121533166836726,1,0,0,0,1,1,0,0,0,1
-0.23278363409786387,-0.8043033970404823,0.2121533166836726,0,1,0,0,1,0,1,0,0,1
0.24884874117833958,0.09457366754129916,0.6965517190360571,0,0,0,0,0,0,0,0,0,1
1.7554838976277094,0.5440121998321898,-0.7566434880210966,0,0,0,0,0,0,0,0,0,1
-0.33569211875925786,0.5440121998321898,-0.7566434880210966,1,0,0,1,0,1,0,1,0,0
-0.3581884070767298,-0.35486486474959156,-0.7566434880210966,1,0,1,0,0,0,1,0,1,0
-0.3635894417754894,-0.8043033970404823,0.2121533166836726,1,0,0,0,0,0,1,0,0,1
-0.2878016607618779,0.9934507321230805,0.2121533166836726,0,0,0,1,0,1,0,0,0,1
-0.29054871108994584,-1.253741929331373,0.2121533166836726,1,0,0,1,0,1,0,0,0,1
0.7184082153631979,-0.35486486474959156,-0.7566434880210966,0,1,1,0,0,0,0,0,1,0
0.8088586984199663,1.4428892644139713,-0.7566434880210966,1,0,0,0,1,1,0,0,0,0
-0.17922898938431586,-0.8043033970404823,0.2121533166836726,1,0,0,0,0,0,0,0,0,0
-0.2534250216097011,0.09457366754129916,-0.7566434880210966,1,0,0,0,1,0,0,0,0,1
0.13822220039661456,0.09457366754129916,-0.7566434880210966,0,1,0,0,1,1,0,0,1,0
-0.33172879264341226,0.5440121998321898,0.2121533166836726,1,0,0,0,0,0,0,0,0,1
-0.3390777941051827,-0.8043033970404823,-0.7566434880210966,1,0,0,0,1,0,0,0,0,0
0.2298119391385045,0.9934507321230805,-0.7566434880210966,1,0,0,0,0,0,0,0,0,1
-0.30390528055889277,1.4428892644139713,-0.7566434880210966,1,0,0,0,0,1,0,0,1,0
0.9147773854268365,0.09457366754129916,-0.7566434880210966,0,1,0,0,1,0,0,0,0,1
0.8857408067254833,2.7912048612866434,0.7934313995065341,0,0,0,0,0,1,0,0,1,0
0.03068288206302197,-0.8043033970404823,-0.7566434880210966,0,0,0,0,0,0,0,1,0,0
0.5093628200707411,4.139520458159316,-0.7566434880210966,0,0,1,0,0,1,0,0,0,0
0.2523659925329686,0.09457366754129916,0.2121533166836726,0,0,0,0,1,1,0,0,0,1
-0.06719683172911692,-0.8043033970404823,-0.7566434880210966,0,1,0,1,0,0,1,0,0,1
-0.36230577339788766,-1.253741929331373,0.2121533166836726,1,0,1,0,0,0,1,0,0,1
-0.32073738216019665,-0.35486486474959156,-0.7566434880210966,0,1,1,0,0,1,0,0,0,1
-0.33363824935509495,-0.35486486474959156,-0.7566434880210966,1,0,1,0,0,0,0,0,0,1
8.29579032736371,2.3417663289957527,-0.7566434880210966,0,1,1,0,0,0,1,0,0,1
-0.28954744975541635,0.09457366754129916,0.2121533166836726,1,0,0,0,1,1,0,0,0,0
0.49772636622778066,-0.35486486474959156,0.2121533166836726,1,0,0,1,0,0,1,0,1,0
-0.36258497127001604,-1.253741929331373,-0.7566434880210966,1,0,0,0,1,1,0,0,0,0
-0.3453613508135436,-0.8043033970404823,0.2121533166836726,1,0,1,0,0,0,0,0,0,0
1.0754284828837044,0.09457366754129916,-0.7566434880210966,1,0,1,0,0,0,1,0,1,0
-0.30448934967070157,4.588958990450206,0.2121533166836726,1,0,1,0,0,0,0,0,1,0
-0.3479800343038513,-1.253741929331373,0.2121533166836726,1,0,0,0,0,1,0,0,0,1
0.40127794267666783,0.9934507321230805,-0.7566434880210966,0,1,0,0,1,1,0,0,0,1
1.797219165754489,2.3417663289957527,-0.7566434880210966,0,1,1,0,0,0,0,0,0,0
12.724513622679819,1.892327796704862,1.1809501213884417,0,1,0,0,0,0,0,0,0,1
0.16540387829233313,-0.35486486474959156,-0.7566434880210966,1,0,0,0,0,1,0,0,0,1
-0.12215709331613886,0.09457366754129916,0.2121533166836726,1,0,0,1,0,0,1,0,1,0
2.9451556582796377,3.6900819258684248,1.1809501213884417,0,0,1,0,0,0,1,0,0,1
1.0796517518460145,-0.35486486474959156,0.2121533166836726,0,0,0,0,1,1,0,0,0,1
-0.3438722954955255,-0.35486486474959156,0.2121533166836726,1,0,0,1,0,0,0,0,0,0
2.8459922761098966,0.9934507321230805,0.2121533166836726,0,0,0,0,1,0,0,0,0,1
-0.24379750877768744,1.892327796704862,-0.7566434880210966,0,0,0,0,1,0,0,0,1,0
-0.30135719882935313,2.3417663289957527,0.2121533166836726,1,0,0,1,0,0,1,0,0,0
-0.2648753435379094,-1.253741929331373,0.2121533166836726,1,0,1,0,0,1,0,0,0,0
1.03005080573548,-0.35486486474959156,0.2121533166836726,1,0,0,1,0,0,0,0,1,0
-0.3197906767317153,0.5440121998321898,2.1497469260932105,0,0,0,0,0,0,0,0,1,0
-0.25336083819082106,0.5440121998321898,0.2121533166836726,1,0,0,1,0,0,0,0,0,1
-0.3221012798113986,0.09457366754129916,-0.7566434880210966,1,0,0,0,0,0,1,0,0,1
-0.1326575006449218,-0.8043033970404823,0.2121533166836726,1,0,0,0,1,0,1,0,0,0
3.6719847395325083,2.3417663289957527,-0.7566434880210966,1,0,0,0,1,1,0,0,0,1
12.768957431083336,0.5440121998321898,-0.7566434880210966,1,0,0,0,1,0,0,0,1,0
-0.17654451788965606,-1.253741929331373,-0.030045884492519763,0,0,0,0,1,0,0,0,1,0
-0.32476489169492234,-0.8043033970404823,-0.7566434880210966,0,0,1,0,0,0,1,0,0,1
-0.3168382394632311,0.5440121998321898,-0.7566434880210966,1,0,1,0,0,1,0,0,0,1
-0.3582557996665539,-0.35486486474959156,3.11854373079798,1,0,0,0,0,1,0,0,0,1
-0.2873138667783892,0.5440121998321898,-0.7566434880210966,1,0,0,0,1,1,0,0,0,1
0.23765836209659572,-0.35486486474959156,-0.7566434880210966,0,1,1,0,0,0,0,0,0,1
0.7865774245557424,0.09457366754129916,0.2121533166836726,1,0,0,1,0,0,1,0,0,1
-0.3638397571091218,-0.8043033970404823,2.634145328445595,1,0,0,0,1,0,1,0,0,1
7.493529683072012,1.4428892644139713,-0.7566434880210966,0,1,0,0,0,1,0,0,0,1
-0.34995688360535815,0.5440121998321898,2.634145328445595,1,0,1,0,0,1,0,0,0,0
-0.253335164823269,-0.35486486474959156,0.2121533166836726,0,1,1,0,0,0,0,0,0,1
0.46504416933403825,1.4428892644139713,0.2121533166836726,0,1,0,1,0,1,0,0,0,1
-0.2726479555642884,-0.35486486474959156,-0.7566434880210966,1,0,0,0,1,0,1,1,0,0
-0.3595843964373718,-0.8043033970404823,-0.7566434880210966,1,0,1,0,0,0,0,0,0,0
-0.3498285167675979,1.892327796704862,-0.7566434880210966,1,0,0,0,1,0,0,0,0,1
-0.28803272106984623,-0.35486486474959156,0.2121533166836726,1,0,0,0,1,1,0,0,0,1
-0.012737200809359642,0.09457366754129916,-0.7566434880210966,1,0,1,0,0,1,0,0,1,0
-0.3431791145716205,-0.8043033970404823,0.2121533166836726,0,1,0,0,1,0,0,0,0,0
0.21964528558789814,0.09457366754129916,0.6965517190360571,0,0,0,0,0,0,1,0,0,1
-0.3205608777582764,-0.8043033970404823,0.2121533166836726,0,1,0,0,0,1,0,0,0,1
-0.3406759612352969,-0.35486486474959156,0.2121533166836726,1,0,0,1,0,1,0,0,0,1
-0.3419981396642268,0.5440121998321898,0.2121533166836726,0,0,0,0,1,0,0,0,1,0
4.3485421579475485,1.4428892644139713,-0.7566434880210966,0,1,0,1,0,0,0,0,0,1
0.5859015470852498,0.5440121998321898,-0.7566434880210966,0,1,0,0,1,0,0,0,0,1
-0.3635605592369934,-0.8043033970404823,2.634145328445595,1,0,1,0,0,0,0,0,0,1
-0.3574663436143287,-0.35486486474959156,0.2121533166836726,1,0,0,0,0,0,0,0,0,1
-0.32245428861523906,0.5440121998321898,-0.7566434880210966,1,0,1,0,0,0,1,0,0,1
-0.09447478475315561,-1.253741929331373,-0.7566434880210966,0,0,1,0,0,0,1,0,1,0
-0.05333321325101722,-0.8043033970404823,-0.7566434880210966,1,0,0,0,0,1,0,0,0,1
-0.19694682216616502,-0.35486486474959156,1.1809501213884417,0,1,1,0,0,1,0,0,0,1
-0.3427202031266278,0.5440121998321898,3.11854373079798,1,0,0,0,0,0,1,0,0,1
-0.3592313876335313,-1.253741929331373,-0.7566434880210966,1,0,0,0,1,0,0,0,0,0
-0.262468465329906,-0.8043033970404823,3.11854373079798,1,0,0,0,0,0,0,0,1,0
-0.3333012864059745,-0.35486486474959156,-0.7566434880210966,0,0,0,0,1,0,1,0,0,1
1.0520785550951273,2.3417663289957527,0.2121533166836726,0,0,0,0,1,1,0,0,0,1
-0.3670938564463424,-0.8043033970404823,2.634145328445595,1,0,0,0,1,0,0,0,0,1
0.32431560509755064,-0.35486486474959156,0.2121533166836726,0,1,0,0,1,0,0,0,0,1
-0.25329665477194097,0.09457366754129916,-0.7566434880210966,0,1,0,0,1,0,0,0,1,0
0.956737295519696,-0.35486486474959156,-0.7566434880210966,1,0,0,1,0,1,0,0,0,0
-0.35971276327513196,-0.8043033970404823,-0.7566434880210966,1,0,0,0,1,0,0,0,0,1
0.9611178138582622,0.9934507321230805,-0.7566434880210966,1,0,0,1,0,1,0,0,0,1
-0.32649784400468485,-1.253741929331373,-0.7566434880210966,1,0,0,0,0,0,1,0,1,0
0.08361815678437715,-0.35486486474959156,-0.7566434880210966,0,1,0,0,0,0,0,0,0,1
-0.08393265820210062,0.5440121998321898,-0.7566434880210966,1,0,0,1,0,0,0,0,0,1
1.5321576916344324,0.09457366754129916,-0.7566434880210966,0,0,0,0,0,0,0,0,0,1
-0.34130816791126584,-1.253741929331373,-0.7566434880210966,1,0,1,0,0,0,0,0,0,1
-0.27905987911040947,1.4428892644139713,0.2121533166836726,0,1,0,1,0,0,0,1,0,0
-0.3595202130184917,-1.253741929331373,-0.7566434880210966,1,0,0,1,0,0,0,0,0,1
-0.36324285131353695,-0.8043033970404823,-0.7566434880210966,0,0,0,0,1,0,0,0,0,1
-0.3388322925279663,-0.35486486474959156,2.634145328445595,1,0,1,0,0,1,0,1,0,0
-0.3255671844309235,-0.8043033970404823,-0.7566434880210966,0,1,0,0,1,0,1,0,0,1
-0.3509196348885595,-0.8043033970404823,-0.7566434880210966,1,0,0,0,1,0,1,0,1,0
-0.3250023703447787,-0.8043033970404823,0.2121533166836726,1,0,0,1,0,0,0,0,0,1
0.6900391442181976,-0.8043033970404823,-0.7566434880210966,0,1,1,0,0,0,0,0,0,1
-0.30754768958033796,0.5440121998321898,2.634145328445595,1,0,0,1,0,0,0,0,0,1
-0.31059961114808626,1.4428892644139713,0.2121533166836726,1,0,0,0,0,0,0,0,0,0
-0.33293544091835797,0.09457366754129916,0.2121533166836726,0,1,0,0,0,0,0,0,0,1
-0.075717180585449,-0.35486486474959156,-0.7566434880210966,0,0,0,1,0,1,0,0,1,0
-0.33455286307413623,-0.8043033970404823,-0.7566434880210966,1,0,1,0,0,0,0,0,0,1
-0.21227061342378678,-0.8043033970404823,0.2121533166836726,0,0,0,0,1,1,0,0,0,1
1.0796517518460145,-0.35486486474959156,0.2121533166836726,0,0,0,0,1,0,0,0,0,1
-0.35403894904613187,0.09457366754129916,0.2121533166836726,1,0,0,1,0,0,0,0,0,1
-0.3323963001997652,-1.253741929331373,0.2121533166836726,0,1,0,1,0,0,0,0,0,1
1.008292626735129,0.09457366754129916,-0.272245085668712,0,0,1,0,0,0,0,0,0,1
-0.35886554214591476,-0.8043033970404823,0.2121533166836726,1,0,0,0,1,0,1,0,0,1
0.3023648758405595,-0.35486486474959156,0.2121533166836726,0,0,0,0,1,0,0,0,0,1
0.5258659816502846,0.5440121998321898,0.6965517190360571,0,0,0,0,0,0,0,0,0,1
0.11636132792605552,-0.35486486474959156,0.2121533166836726,0,1,0,0,1,1,0,0,1,0
-0.3335259283720548,2.7912048612866434,-0.7566434880210966,1,0,0,0,0,0,0,0,0,1
-0.35753052703320887,0.09457366754129916,-0.7566434880210966,0,0,0,1,0,0,1,0,1,0
-0.32723595332180583,0.5440121998321898,0.2121533166836726,1,0,1,0,0,0,1,0,0,1
-0.17922898938431586,-0.8043033970404823,0.2121533166836726,1,0,1,0,0,0,0,0,1,0
1.3797702093583761,-0.35486486474959156,-0.7566434880210966,1,0,0,0,0,0,0,0,0,1
-0.3629732809542406,-0.8043033970404823,2.634145328445595,1,0,1,0,0,0,0,0,1,0
-0.3592955710524114,-0.35486486474959156,-0.7566434880210966,1,0,0,0,1,0,0,0,0,1
0.1444800837374234,0.5440121998321898,-0.7566434880210966,1,0,0,1,0,1,0,0,0,1
-0.3443408344533502,1.4428892644139713,-0.7566434880210966,1,0,1,0,0,1,0,0,0,1
-0.2857895105799871,0.5440121998321898,-0.7566434880210966,1,0,0,0,1,0,0,0,0,0
-0.3189177822349461,0.9934507321230805,0.2121533166836726,1,0,0,0,1,0,0,0,0,1
-0.3501975714261584,-0.8043033970404823,2.634145328445595,1,0,1,0,0,0,0,0,0,1
-0.3335901117909349,-0.8043033970404823,-0.7566434880210966,1,0,0,0,1,0,0,0,0,1
-0.30782688745246634,0.9934507321230805,0.2121533166836726,1,0,0,0,0,1,0,0,0,1
-0.35335860480600295,-0.8043033970404823,-0.7566434880210966,0,0,0,0,1,1,0,0,0,1
-0.009528029865355088,0.09457366754129916,-0.7566434880210966,1,0,1,0,0,0,1,0,0,1
-0.3189466647734421,-0.35486486474959156,2.634145328445595,1,0,0,1,0,1,0,0,0,1
-0.34803138103895537,-0.8043033970404823,-0.7566434880210966,1,0,0,1,0,1,0,0,0,1
-0.2309929167111093,-0.8043033970404823,-0.7566434880210966,0,1,1,0,0,1,0,0,0,1
-0.3293732611705129,-0.8043033970404823,2.634145328445595,1,0,1,0,0,1,0,0,0,1
-0.17634073553471177,-1.253741929331373,0.2121533166836726,0,1,0,0,1,1,0,0,1,0
1.503596070232792,0.5440121998321898,0.2121533166836726,0,0,0,1,0,0,1,0,1,0
-0.3521904665823853,-0.8043033970404823,0.2121533166836726,1,0,1,0,0,0,1,0,0,1
-0.3539876023110278,0.09457366754129916,0.2121533166836726,1,0,0,0,0,0,0,0,0,1
1.0743855023269029,0.5440121998321898,0.6965517190360571,0,0,0,0,0,0,0,0,0,0
-0.34032937077334446,-0.35486486474959156,0.2121533166836726,1,0,0,0,0,1,0,0,0,0
-0.33859641846358196,-0.35486486474959156,-0.7566434880210966,0,0,0,0,1,0,0,0,0,1
1.0784290577163487,-0.35486486474959156,-0.7566434880210966,1,0,1,0,0,0,0,0,1,0
-0.35986680348044414,-0.8043033970404823,0.2121533166836726,1,0,1,0,0,0,0,0,0,0
-0.3263373854574846,-1.253741929331373,-0.7566434880210966,0,0,0,0,1,1,0,0,0,0
-0.3492637026814531,0.09457366754129916,0.2121533166836726,1,0,1,0,0,1,0,0,0,1
-0.27332188146252934,-0.35486486474959156,-0.7566434880210966,1,0,0,0,1,0,0,0,0,1
-0.23596713167431635,3.6900819258684248,-0.7566434880210966,0,1,0,0,1,0,0,0,0,1
-0.3621356873378554,-0.35486486474959156,-0.7566434880210966,1,0,0,0,1,1,0,0,0,1
-0.3424345869126114,-0.8043033970404823,0.2121533166836726,1,0,1,0,0,0,1,0,0,1
-0.21540276426513522,-0.8043033970404823,0.2121533166836726,1,0,0,1,0,1,0,0,0,1
0.44753493266354943,0.09457366754129916,0.2121533166836726,0,1,0,0,0,1,0,0,0,1
-0.01846236177346374,-0.35486486474959156,0.2121533166836726,0,0,0,0,1,0,0,0,0,1
-0.34310209446896434,0.9934507321230805,0.2121533166836726,1,0,1,0,0,1,0,0,0,0
-0.3560029616638627,-1.253741929331373,0.2121533166836726,0,1,0,0,1,0,1,1,0,0
-0.33883710628438235,1.4428892644139713,-0.7566434880210966,1,0,0,0,1,0,1,0,0,1
-0.35287722916440223,-0.8043033970404823,-0.7566434880210966,0,0,0,0,1,0,1,0,0,1
1.0148778455122265,1.4428892644139713,0.2121533166836726,0,1,0,0,1,0,0,0,1,0
-0.34017533056803223,0.09457366754129916,0.2121533166836726,1,0,0,0,1,0,0,0,0,1
-0.2818711128573575,0.9934507321230805,0.2121533166836726,1,0,0,0,0,0,0,1,0,0
-0.35627253202315906,-1.253741929331373,0.2121533166836726,1,0,0,1,0,0,0,0,1,0
-0.29196074630530783,-1.253741929331373,0.2121533166836726,0,1,0,0,0,0,0,0,0,1
-0.31496408363193246,-0.8043033970404823,0.2121533166836726,0,0,1,0,0,1,0,0,1,0
0.013064533580436988,-0.8043033970404823,-0.7566434880210966,0,1,1,0,0,1,0,0,0,1
0.5360631223248592,-0.35486486474959156,-0.7566434880210966,0,0,0,0,0,0,0,0,0,1
-0.340040545388384,-0.35486486474959156,-0.7566434880210966,1,0,0,0,1,0,0,0,0,0
-0.2752473840289321,2.3417663289957527,-0.7566434880210966,1,0,0,1,0,0,1,1,0,0
1.2437430805548553,0.9934507321230805,0.2121533166836726,0,0,0,0,1,0,1,0,0,1
-0.1940473362182569,-1.253741929331373,1.665348523740826,0,0,0,0,0,0,1,0,0,1
-0.35133682711128006,0.5440121998321898,-0.7566434880210966,1,0,0,0,1,0,0,0,0,1
-0.28541403757953854,-1.253741929331373,0.2121533166836726,1,0,0,1,0,1,0,0,0,1
-0.20259175385666903,1.4428892644139713,-0.7566434880210966,1,0,0,0,0,0,0,0,0,1
-0.06403579834927244,0.5440121998321898,-0.7566434880210966,0,1,0,0,1,1,0,0,1,0
-0.24124300870625986,-0.35486486474959156,0.2121533166836726,0,1,0,0,0,0,0,1,0,0
-0.3629732809542406,-0.35486486474959156,3.11854373079798,1,0,0,0,0,0,0,0,0,0
-0.2854525476308666,-0.8043033970404823,-0.7566434880210966,0,0,0,1,0,0,0,0,1,0
-0.36166393920908674,-1.253741929331373,0.2121533166836726,1,0,0,0,0,0,1,0,0,1
-0.3392222067976629,0.5440121998321898,-0.7566434880210966,1,0,0,0,1,1,0,0,0,1
-0.3439396880853496,-1.253741929331373,-0.7566434880210966,1,0,0,0,1,1,0,0,0,0
-0.32723595332180583,0.09457366754129916,-0.7566434880210966,1,0,0,0,1,1,0,0,0,1
-0.3453677691554316,-0.8043033970404823,-0.7566434880210966,1,0,0,0,1,1,0,0,1,0
0.03552873018846886,0.09457366754129916,-0.7566434880210966,0,1,1,0,0,1,0,0,1,0
-0.3339623756204394,0.09457366754129916,0.2121533166836726,0,1,1,0,0,0,1,0,0,1
-0.357633220503417,0.09457366754129916,0.2121533166836726,1,0,0,0,0,1,0,0,0,1
-0.21186625788484217,-0.8043033970404823,-0.7566434880210966,1,0,1,0,0,0,0,0,1,0
-0.34491848522327095,0.5440121998321898,-0.7566434880210966,1,0,0,0,1,0,1,0,0,0
-0.06280026753583066,-1.253741929331373,0.2121533166836726,0,0,0,0,1,1,0,0,1,0
-0.3052467140134867,-0.35486486474959156,0.2121533166836726,1,0,0,0,1,0,0,0,0,1
-0.36073969797721345,-1.253741929331373,0.2121533166836726,1,0,0,1,0,1,0,0,0,1
1.013940767596577,0.09457366754129916,-0.7566434880210966,0,1,1,0,0,0,0,0,0,1
0.22312081772025508,2.3417663289957527,-0.7566434880210966,1,0,0,0,0,0,1,1,0,0
-0.29072842466281007,-0.35486486474959156,0.2121533166836726,0,0,0,1,0,1,0,0,0,0
-0.3505088610077269,-1.253741929331373,0.2121533166836726,1,0,0,0,1,1,0,0,0,1
-0.3587179202824905,-0.8043033970404823,-0.7566434880210966,1,0,1,0,0,0,0,0,0,0
0.08265861467211975,-0.8043033970404823,0.6965517190360571,0,0,1,0,0,0,1,0,0,1
-0.3516256524962405,-0.8043033970404823,0.2121533166836726,1,0,1,0,0,0,0,0,0,1
0.7167554923270354,0.5440121998321898,-0.7566434880210966,1,0,0,0,1,1,0,0,1,0
-0.2658124214535587,0.5440121998321898,2.634145328445595,1,0,0,1,0,0,0,0,0,1
-0.25490124024394323,0.09457366754129916,-0.7566434880210966,0,1,0,1,0,0,0,0,0,0
-0.22794420431430495,0.5440121998321898,0.2121533166836726,0,1,0,0,1,0,0,0,0,1
-0.3168382394632311,0.5440121998321898,-0.7566434880210966,1,0,0,0,0,0,0,0,0,1
-0.28803272106984623,-0.35486486474959156,0.2121533166836726,1,0,0,0,1,0,0,0,0,1
-0.2742782144038427,-1.253741929331373,3.11854373079798,1,0,0,0,0,0,0,0,0,1
0.11238837429737789,-0.8043033970404823,-0.7566434880210966,0,1,1,0,0,0,0,0,0,1
-0.2372828917613582,-0.8043033970404823,-0.7566434880210966,1,0,1,0,0,0,1,0,0,0
-0.3371715465644439,2.3417663289957527,0.2121533166836726,1,0,1,0,0,1,0,0,0,1
-0.35808250443557765,-1.253741929331373,0.2121533166836726,0,0,1,0,0,0,1,0,0,1
-0.3271075864840457,-0.8043033970404823,-0.7566434880210966,0,1,1,0,0,1,0,0,1,0
-0.102497712113167,-1.253741929331373,-0.7566434880210966,1,0,0,1,0,1,0,0,0,1
-0.13324156975673063,-0.35486486474959156,-0.7566434880210966,1,0,1,0,0,0,0,0,1,0
-0.3484164815522359,-0.35486486474959156,-0.7566434880210966,1,0,0,1,0,0,1,0,0,1
-0.2646892116231571,0.5440121998321898,-0.7566434880210966,1,0,0,0,1,0,0,0,0,1
-0.33622163196501864,0.5440121998321898,0.2121533166836726,0,0,0,1,0,1,0,0,0,1
-0.22446225384006005,-0.35486486474959156,-0.7566434880210966,0,1,0,1,0,0,0,0,0,0
27.711338722010137,0.5440121998321898,-0.7566434880210966,0,1,0,0,0,1,0,0,0,1
-0.30162676918864956,0.9934507321230805,-0.7566434880210966,1,0,0,0,1,0,0,0,0,0
-0.32887263050324816,0.5440121998321898,-0.7566434880210966,1,0,1,0,0,1,0,0,0,1
0.9837424690134944,-0.35486486474959156,-0.7566434880210966,0,0,0,1,0,0,0,0,1,0
1.561393238934314,-0.35486486474959156,-0.7566434880210966,0,0,0,1,0,1,0,0,0,0
-0.35833281976921,-0.35486486474959156,-0.7566434880210966,1,0,1,0,0,1,0,0,0,0
-0.33555412440866567,0.09457366754129916,0.2121533166836726,1,0,0,1,0,0,1,0,0,0
0.917986556370841,-0.8043033970404823,-0.7566434880210966,0,0,0,1,0,0,0,0,0,1
-0.23821355133511954,0.5440121998321898,-0.7566434880210966,1,0,0,0,0,0,0,0,1,0
-0.30862276184657944,0.09457366754129916,-0.7566434880210966,1,0,0,0,1,0,0,0,0,1
0.004849055963785324,0.5440121998321898,0.2121533166836726,0,0,0,0,1,1,0,0,0,1
-0.3408588839791052,-0.35486486474959156,-0.7566434880210966,1,0,0,0,0,0,0,0,0,1
0.8931475732642458,1.892327796704862,-0.7566434880210966,1,0,0,0,1,0,0,0,0,1
-0.3521904665823853,-0.8043033970404823,0.2121533166836726,1,0,0,1,0,0,1,0,0,1
-0.27188417287961536,-0.8043033970404823,0.2121533166836726,1,0,0,0,0,0,0,0,1,0
-0.17470405835326944,-1.253741929331373,-0.7566434880210966,0,0,1,0,0,0,0,0,0,0
-0.10310745459252786,-0.35486486474959156,0.2121533166836726,0,1,0,0,1,0,0,0,0,1
-0.3114083222259754,1.4428892644139713,2.634145328445595,1,0,0,1,0,0,1,0,0,1
-0.19488974359105807,0.5440121998321898,2.1497469260932105,0,0,0,0,0,0,0,0,0,1
-0.09045048438937389,1.4428892644139713,0.2121533166836726,1,0,0,0,0,1,0,0,1,0
-0.3453613508135436,-0.8043033970404823,0.2121533166836726,1,0,1,0,0,0,0,0,0,1
0.9607327133449817,-0.35486486474959156,-0.7566434880210966,0,0,0,0,0,0,1,0,0,1
0.7543509299360488,-0.8043033970404823,-0.7566434880210966,0,1,0,0,0,1,0,0,0,1
-0.35661591331416753,-1.253741929331373,-0.7566434880210966,1,0,0,0,1,0,0,0,0,1
1.6639583423046995,1.4428892644139713,-0.7566434880210966,0,0,0,1,0,0,0,0,1,0
-0.26619752196683927,-0.8043033970404823,-0.7566434880210966,1,0,0,1,0,0,0,0,0,1
0.1606671419789824,-0.8043033970404823,1.1809501213884417,0,1,1,0,0,0,0,0,0,1
0.6362085108034652,-0.35486486474959156,0.2121533166836726,0,0,1,0,0,0,1,0,0,0
-0.3189466647734421,-0.35486486474959156,2.634145328445595,1,0,1,0,0,0,0,0,0,1
-0.36376915534835375,-0.8043033970404823,0.2121533166836726,0,1,1,0,0,0,1,0,0,1
-0.3304451242658104,0.09457366754129916,-0.7566434880210966,1,0,0,1,0,1,0,0,0,1
-0.24786673753468522,2.3417663289957527,2.1497469260932105,0,0,0,0,0,0,0,0,0,0
-0.3501494338619984,-0.35486486474959156,-0.7566434880210966,1,0,1,0,0,0,0,0,0,1
1.0784290577163487,-0.35486486474959156,-0.7566434880210966,1,0,1,0,0,0,0,1,0,0
-0.1411361302789818,0.5440121998321898,-0.7566434880210966,0,1,1,0,0,1,0,0,0,1
-0.19307656200769552,-0.35486486474959156,-0.7566434880210966,0,1,0,0,1,1,0,0,1,0
-0.3376336671803806,-0.35486486474959156,-0.7566434880210966,1,0,1,0,0,1,0,0,0,1
-0.34803138103895537,-0.8043033970404823,-0.7566434880210966,1,0,0,0,0,0,0,0,0,1
-0.3624405585775358,0.5440121998321898,3.11854373079798,1,0,0,0,0,0,0,0,0,0
1.652902748402604,-0.35486486474959156,-0.7566434880210966,0,1,1,0,0,0,0,0,0,0
0.9076369800764263,-0.35486486474959156,-0.7566434880210966,1,0,0,0,0,0,1,0,0,1
-0.3368634661538195,0.09457366754129916,-0.7566434880210966,1,0,0,0,1,0,0,0,0,0
-0.3376336671803806,-0.35486486474959156,-0.7566434880210966,1,0,1,0,0,0,1,0,0,1
1.4281292063135806,4.588958990450206,0.2121533166836726,0,1,1,0,0,1,0,1,0,0
-0.3292384759908647,-0.35486486474959156,0.2121533166836726,0,1,0,0,0,1,0,0,0,1
0.14212134309358013,0.5440121998321898,0.6965517190360571,0,0,0,0,0,0,1,0,1,0
0.30458562213381063,0.5440121998321898,2.1497469260932105,0,0,0,0,0,0,0,0,1,0
-0.05785814428206363,0.5440121998321898,-0.7566434880210966,1,0,0,1,0,0,0,0,0,1
-0.35335860480600295,-0.8043033970404823,-0.7566434880210966,1,0,0,0,0,0,0,0,1,0
-0.3325952687982935,-0.8043033970404823,-0.7566434880210966,1,0,1,0,0,0,0,0,1,0
-0.3646163764775709,-1.253741929331373,0.2121533166836726,1,0,1,0,0,0,0,0,0,1
-0.3387408311560622,0.5440121998321898,-0.7566434880210966,1,0,0,0,1,0,0,0,1,0
-0.20513020807337662,1.4428892644139713,2.634145328445595,0,0,0,0,1,0,0,0,0,1
-0.09964154997300295,0.5440121998321898,0.2121533166836726,1,0,0,0,1,0,0,0,0,1
-0.3523445067876975,-0.35486486474959156,0.2121533166836726,1,0,0,0,0,0,0,0,0,1
-0.32004741040723567,-1.253741929331373,-0.7566434880210966,1,0,1,0,0,0,1,0,0,1
-0.3614457155848944,-0.8043033970404823,3.11854373079798,1,0,0,0,0,0,0,0,0,1
-0.2678341991482816,-0.35486486474959156,-0.7566434880210966,1,0,1,0,0,0,0,0,0,0
-0.21183416617540213,-0.8043033970404823,-0.7566434880210966,1,0,0,0,1,0,0,0,0,0
0.9352775694171375,1.892327796704862,0.2121533166836726,0,1,0,0,0,0,1,0,1,0
-0.3521904665823853,-0.8043033970404823,0.2121533166836726,1,0,1,0,0,0,0,1,0,0
-0.3199832269883556,0.09457366754129916,-0.7566434880210966,1,0,1,0,0,0,1,0,1,0
-0.3345849547835763,-0.8043033970404823,-0.7566434880210966,1,0,0,0,1,1,0,0,0,1
-0.35971276327513196,-0.8043033970404823,0.2121533166836726,1,0,1,0,0,0,1,0,0,1
-0.33618954025557857,-1.253741929331373,-0.7566434880210966,1,0,0,0,1,0,1,0,0,1
-0.19734636394869357,-0.35486486474959156,0.6965517190360571,0,0,0,0,0,1,0,0,1,0
0.09324246044544678,0.09457366754129916,0.2121533166836726,0,0,0,0,1,0,0,0,1,0
-0.21817548796075512,0.09457366754129916,0.2121533166836726,0,0,1,0,0,0,1,0,0,1
0.5457708644304728,-1.253741929331373,-0.7566434880210966,0,1,1,0,0,1,0,0,1,0
-0.07687248212529064,-0.35486486474959156,-0.7566434880210966,0,0,1,0,0,1,0,0,0,1
-0.2994124412372864,-0.35486486474959156,-0.7566434880210966,1,0,0,0,1,1,0,0,0,0
-0.2750933438236199,-0.8043033970404823,0.2121533166836726,0,1,0,0,0,1,0,0,1,0
-0.22877858875974616,1.892327796704862,-0.7566434880210966,1,0,0,1,0,1,0,0,0,0
-0.36181797941439897,-0.35486486474959156,0.2121533166836726,1,0,0,1,0,0,0,0,1,0
-0.35335860480600295,-0.8043033970404823,-0.7566434880210966,1,0,0,1,0,0,1,0,0,1
7.7888215474845905,0.5440121998321898,0.2121533166836726,1,0,0,0,1,1,0,0,0,1
-0.36125316532825413,-0.8043033970404823,0.2121533166836726,1,0,1,0,0,0,0,0,1,0
0.6227685028899741,-0.35486486474959156,0.2121533166836726,0,1,1,0,0,0,0,0,0,0
0.5492528149047178,-0.35486486474959156,0.2121533166836726,0,0,0,0,1,0,0,0,0,1
-0.34803138103895537,-0.8043033970404823,-0.7566434880210966,1,0,1,0,0,0,0,0,1,0
0.01878969454454113,-0.8043033970404823,0.2121533166836726,0,0,0,0,1,0,0,0,0,1
1.321064845279701,0.09457366754129916,0.6965517190360571,0,0,1,0,0,0,1,0,1,0
-0.13324156975673063,-0.35486486474959156,-0.7566434880210966,1,0,0,0,1,0,1,0,0,1
-0.3452394023176714,1.4428892644139713,-0.7566434880210966,1,0,0,0,1,1,0,0,1,0
-0.3497643333487178,0.5440121998321898,2.634145328445595,1,0,0,1,0,0,1,0,0,1
-0.33480959674965666,-0.8043033970404823,-0.7566434880210966,0,1,0,0,0,0,1,0,0,1
0.7093423074463848,1.4428892644139713,-0.7566434880210966,0,1,0,1,0,0,1,0,1,0
-0.32040041921107615,-0.35486486474959156,-0.7566434880210966,1,0,0,0,1,1,0,0,0,1
-0.28733954014594126,-0.8043033970404823,0.2121533166836726,1,0,0,0,1,0,0,0,0,0
-0.3268251794409733,-0.8043033970404823,0.2121533166836726,0,1,0,0,0,0,0,0,1,0
0.34675412833803043,0.5440121998321898,0.2121533166836726,0,1,0,0,1,0,0,0,0,1
-0.3335516017396068,0.9934507321230805,3.11854373079798,1,0,0,0,0,1,0,0,1,0
-0.33093291824929916,2.3417663289957527,0.2121533166836726,1,0,0,0,0,0,0,0,0,1
0.44354272400920774,-0.35486486474959156,0.2121533166836726,0,1,0,0,1,1,0,0,0,1
-0.362568925415296,-0.8043033970404823,-0.7566434880210966,1,0,0,0,0,0,0,0,0,1
-0.36374348198080164,-0.8043033970404823,0.2121533166836726,1,0,1,0,0,0,1,0,0,0
0.28779523975477883,1.892327796704862,0.2121533166836726,0,0,0,0,1,1,0,0,0,1
-0.34456547641943047,0.5440121998321898,0.2121533166836726,1,0,0,0,0,1,0,0,1,0
-0.31945692295353884,-0.8043033970404823,0.2121533166836726,0,0,0,1,0,0,1,0,0,1
-0.20840035326531722,-0.8043033970404823,-0.7566434880210966,0,1,1,0,0,0,0,0,0,0
-0.349879863502702,-0.8043033970404823,0.2121533166836726,1,0,1,0,0,0,0,0,1,0
-0.15062885793134725,-0.8043033970404823,0.2121533166836726,0,1,0,0,1,0,0,0,1,0
0.34675412833803043,0.5440121998321898,0.2121533166836726,0,1,0,0,1,0,0,0,0,1
-0.354809150072693,-0.35486486474959156,2.1497469260932105,0,0,0,0,0,0,1,0,0,1
-0.19078200478273227,-0.8043033970404823,-0.7566434880210966,1,0,1,0,0,0,0,0,0,1
0.22321709284857522,-0.35486486474959156,-0.7566434880210966,0,0,0,0,0,1,0,0,0,1
1.0995871217501707,0.09457366754129916,0.2121533166836726,0,0,0,0,1,0,1,0,1,0
-0.33675114517077936,-1.253741929331373,-0.7566434880210966,0,1,0,0,0,0,0,0,0,1
0.08172795509835837,-1.253741929331373,0.2121533166836726,0,0,0,0,1,0,1,0,0,0
-0.3510351650425437,1.4428892644139713,2.634145328445595,1,0,0,0,1,0,0,1,0,0
-0.2379439809758232,-0.8043033970404823,0.2121533166836726,1,0,0,1,0,1,0,0,0,1
-0.2918837262026517,-0.35486486474959156,0.2121533166836726,1,0,0,1,0,0,0,0,1,0
-0.07846102174257287,-0.8043033970404823,-0.7566434880210966,1,0,0,0,0,1,0,0,0,1
-0.1954032109420988,1.4428892644139713,-0.7566434880210966,1,0,0,1,0,0,1,1,0,0
-0.05116702286381415,-0.35486486474959156,-0.7566434880210966,0,1,1,0,0,1,0,0,0,1
-0.36237637515865573,-0.8043033970404823,-0.7566434880210966,1,0,0,0,1,0,0,0,0,1
-0.36613110516314107,0.5440121998321898,3.11854373079798,1,0,0,0,0,1,0,0,0,1
-0.36279356738137636,-0.8043033970404823,-0.7566434880210966,1,0,0,1,0,0,1,0,0,1
-0.3041780600891332,-0.35486486474959156,-0.7566434880210966,1,0,1,0,0,1,0,1,0,0
-0.3595523047279317,-0.8043033970404823,-0.7566434880210966,1,0,0,0,1,0,1,0,0,1
0.5040805246969098,-0.35486486474959156,0.2121533166836726,0,0,0,0,1,1,0,0,0,1
-0.35563711617624616,-0.35486486474959156,-0.7566434880210966,1,0,1,0,0,0,0,0,0,1
-0.3539619289434758,-0.35486486474959156,3.11854373079798,1,0,0,0,0,1,0,0,0,0
-0.08004956135985514,-0.35486486474959156,-0.7566434880210966,0,1,0,0,1,1,0,0,0,1
-0.22146167900741578,1.892327796704862,-0.7566434880210966,1,0,0,0,1,1,0,0,0,1
-0.2971467665508192,1.892327796704862,0.2121533166836726,1,0,1,0,0,1,0,0,0,1
-0.109577143215641,-0.8043033970404823,0.2121533166836726,1,0,1,0,0,0,1,0,0,1
-0.14861349857851242,0.5440121998321898,0.2121533166836726,1,0,0,0,1,0,0,0,0,1
0.1355778435387548,-0.35486486474959156,0.2121533166836726,0,0,0,1,0,1,0,0,1,0
-0.36426978601561844,-1.253741929331373,-0.7566434880210966,1,0,0,1,0,1,0,0,0,1
1.5473130014174938,0.5440121998321898,-0.030045884492519763,0,0,0,0,1,1,0,0,1,0
-0.3637723645192977,-1.253741929331373,-0.7566434880210966,1,0,0,0,1,1,0,0,0,1
-0.35265258719832193,-0.8043033970404823,0.2121533166836726,1,0,1,0,0,0,1,0,0,1
-0.2613580921832804,1.4428892644139713,0.2121533166836726,0,1,0,0,1,1,0,0,0,0
2.845427462023752,0.09457366754129916,0.2121533166836726,0,1,0,0,0,0,0,0,0,1
-0.3014984023508893,-0.8043033970404823,-0.7566434880210966,1,0,0,0,1,1,0,0,1,0
-0.2624427919623539,-0.35486486474959156,-0.7566434880210966,0,1,0,1,0,0,0,0,0,1
-0.25637745887818536,0.9934507321230805,-0.7566434880210966,1,0,0,0,0,0,0,0,0,1
-0.35694003957951204,-0.8043033970404823,0.2121533166836726,1,0,1,0,0,0,0,0,0,1
-0.29122905533007476,0.5440121998321898,0.2121533166836726,1,0,1,0,0,0,0,0,1,0
0.016225566960281473,-0.35486486474959156,-0.7566434880210966,0,1,0,0,1,1,0,0,0,1
0.7543509299360488,-0.8043033970404823,-0.7566434880210966,0,1,0,1,0,0,0,0,1,0
0.2013145011557441,2.3417663289957527,-0.7566434880210966,1,0,1,0,0,1,0,0,1,0
-0.16455986899927103,1.4428892644139713,0.6965517190360571,0,0,0,0,0,0,1,0,0,0
-0.35089396152100744,-1.253741929331373,0.2121533166836726,1,0,0,0,1,1,0,0,0,1
-0.04797389777452961,0.09457366754129916,-0.7566434880210966,0,1,0,0,1,0,0,0,0,1
-0.34071447128662496,-0.35486486474959156,-0.7566434880210966,1,0,0,1,0,1,0,0,0,1
-0.3475692604230187,0.09457366754129916,0.2121533166836726,1,0,1,0,0,0,0,0,0,0
-0.35842909489753016,-1.253741929331373,-0.7566434880210966,1,0,1,0,0,0,1,0,0,1
-0.3079488359483385,-0.8043033970404823,-0.7566434880210966,1,0,1,0,0,1,0,0,0,0
-0.30459204314090976,0.9934507321230805,0.2121533166836726,1,0,1,0,0,0,0,0,1,0
-0.34271699395568384,-1.253741929331373,0.2121533166836726,1,0,0,1,0,1,0,0,0,1
0.3345207686994851,0.09457366754129916,0.2121533166836726,0,1,0,0,1,0,0,0,0,1
-0.31934139279955465,0.09457366754129916,-0.7566434880210966,1,0,1,0,0,0,0,0,0,0
-0.17124457207563254,0.09457366754129916,0.2121533166836726,0,0,0,0,1,0,0,0,0,1
-0.10000258170420345,-0.35486486474959156,-0.272245085668712,1,0,0,0,0,0,1,0,0,1
-0.17520789819147817,-0.8043033970404823,-0.030045884492519763,0,0,0,0,1,0,0,0,0,1
-0.2842972460910249,-0.35486486474959156,0.2121533166836726,0,1,0,1,0,1,0,0,0,1
-0.34803138103895537,-0.8043033970404823,-0.7566434880210966,1,0,0,1,0,1,0,0,1,0
-0.21651955575364876,0.09457366754129916,1.1809501213884417,0,1,1,0,0,0,0,0,0,1
-0.34519126475351136,-0.35486486474959156,-0.7566434880210966,0,0,0,0,0,0,0,0,0,1
-0.03509870394718334,-0.8043033970404823,0.2121533166836726,0,0,0,1,0,1,0,0,0,0
-0.13622609873465483,0.09457366754129916,-0.7566434880210966,0,1,0,0,1,0,0,1,0,0
-0.3119602996283442,-1.253741929331373,-0.7566434880210966,1,0,0,0,1,0,0,0,0,1
-0.3439396880853496,-1.253741929331373,-0.7566434880210966,1,0,0,1,0,0,1,0,0,1
-0.3417093142792664,0.5440121998321898,-0.7566434880210966,1,0,0,0,1,0,0,0,0,1
-0.24134249300552402,1.4428892644139713,-0.7566434880210966,1,0,1,0,0,0,0,0,0,0
-0.04536805096799792,-0.8043033970404823,0.2121533166836726,0,1,0,0,1,0,0,0,1,0
-0.343554587572069,0.5440121998321898,-0.7566434880210966,1,0,0,0,1,0,0,0,0,1
-0.3463947038575131,-0.8043033970404823,-0.7566434880210966,0,1,0,0,1,0,0,0,0,1
-0.36563689283776435,-1.253741929331373,2.1497469260932105,0,0,0,0,0,0,0,0,0,0
-0.34810840114161146,-0.35486486474959156,0.2121533166836726,1,0,1,0,0,0,0,1,0,0
0.5480975133648762,0.09457366754129916,-0.7566434880210966,1,0,0,1,0,0,0,0,0,1
-0.07519729489252025,-0.35486486474959156,3.11854373079798,1,0,0,0,0,0,0,0,0,1
-0.14645051736225337,-1.253741929331373,1.1809501213884417,0,0,1,0,0,0,0,0,1,0
-0.36314657618521684,-0.8043033970404823,3.11854373079798,1,0,0,0,0,0,1,0,0,1
-0.3046754815854539,-0.8043033970404823,-0.7566434880210966,0,1,1,0,0,1,0,0,0,1
-0.2805874444797557,4.588958990450206,0.2121533166836726,0,0,1,0,0,0,1,0,0,1
-0.25668553928880977,1.4428892644139713,2.634145328445595,1,0,1,0,0,0,1,0,0,1
0.02099118581212823,-0.35486486474959156,-0.7566434880210966,0,0,0,0,0,0,0,0,1,0
-0.109577143215641,-0.8043033970404823,0.2121533166836726,0,0,0,0,1,0,0,0,0,1
-0.36409969995558616,-0.8043033970404823,2.634145328445595,1,0,0,1,0,1,0,0,1,0
-0.36401305234009806,-1.253741929331373,0.2121533166836726,1,0,0,1,0,0,0,0,0,1
-0.25493333195338325,-1.253741929331373,-0.7566434880210966,0,0,0,0,1,0,0,0,0,1
-0.3534741349599871,-0.8043033970404823,0.2121533166836726,1,0,0,0,1,1,0,0,0,0
0.5746213112170738,-0.35486486474959156,-0.7566434880210966,0,1,0,0,0,1,0,0,0,1
0.3610991224577308,0.5440121998321898,-0.7566434880210966,1,0,1,0,0,0,0,0,0,1
-0.31266631723602517,0.09457366754129916,-0.7566434880210966,1,0,1,0,0,0,0,0,0,1
-0.3109847116613668,-0.35486486474959156,0.2121533166836726,0,1,1,0,0,0,0,0,0,1
-0.1223881536241072,-0.8043033970404823,0.2121533166836726,0,1,0,0,0,1,0,0,0,0
-0.3587756853594826,-0.35486486474959156,0.2121533166836726,1,0,0,1,0,1,0,0,1,0
-0.359045255718779,-0.8043033970404823,0.2121533166836726,1,0,1,0,0,1,0,0,0,1
-0.36081671807986954,-0.35486486474959156,3.11854373079798,1,0,0,0,0,1,0,0,0,1
-0.309713879967541,-0.35486486474959156,-0.7566434880210966,1,0,0,0,1,0,0,0,0,1
-0.26615901191551117,-0.8043033970404823,0.2121533166836726,0,1,0,0,0,0,1,0,1,0
-0.21802786609733088,-0.8043033970404823,-0.7566434880210966,0,1,0,0,1,0,0,0,0,1
0.08819122537958357,-1.253741929331373,-0.7566434880210966,0,1,0,1,0,0,0,0,1,0
-0.33837177649750166,-0.8043033970404823,-0.7566434880210966,1,0,1,0,0,0,0,0,0,1
-0.1397305134055078,-1.253741929331373,0.2121533166836726,1,0,0,1,0,0,0,0,0,1
0.07066273368343073,1.4428892644139713,0.2121533166836726,1,0,0,0,0,1,0,0,1,0
-0.20901009574467813,-1.253741929331373,-0.7566434880210966,0,1,0,0,1,0,0,0,1,0
-0.21101261841373695,-0.35486486474959156,0.2121533166836726,1,0,0,1,0,1,0,0,0,0
-0.3602519039937247,-0.8043033970404823,0.2121533166836726,1,0,0,0,1,0,1,0,0,1
-0.31589955696210975,-0.35486486474959156,1.665348523740826,0,1,0,1,0,0,0,0,0,0
-0.19055094447476392,1.4428892644139713,0.2121533166836726,1,0,1,0,0,0,0,0,0,1
-0.17513408725976604,-1.253741929331373,0.2121533166836726,0,0,0,0,1,0,0,0,1,0
-0.3434101748795888,-0.35486486474959156,-0.7566434880210966,1,0,0,0,1,1,0,0,0,1
-0.30515685722705455,-0.8043033970404823,-0.7566434880210966,1,0,0,0,0,0,1,0,0,1
-0.29257690712655665,2.3417663289957527,-0.7566434880210966,1,0,0,0,1,1,0,0,0,1
-0.08662515262412045,0.09457366754129916,0.2121533166836726,1,0,0,0,0,1,0,0,1,0
-0.33083022477909096,0.09457366754129916,0.2121533166836726,1,0,1,0,0,1,0,0,0,1
0.2533030704486179,0.5440121998321898,0.2121533166836726,1,0,0,1,0,0,0,0,0,1
-0.36215173319257543,-0.8043033970404823,0.2121533166836726,1,0,1,0,0,0,0,0,0,1
-0.35063080950359904,-1.253741929331373,-0.7566434880210966,1,0,1,0,0,1,0,0,0,0
-0.3406759612352969,-0.35486486474959156,0.2121533166836726,1,0,1,0,0,1,0,0,0,1
-0.34832020642391576,-0.35486486474959156,-0.7566434880210966,1,0,0,1,0,1,0,0,0,0
-0.18917741931072998,-0.8043033970404823,-0.7566434880210966,1,0,0,0,1,0,0,0,0,1
-0.35301201434405044,0.09457366754129916,0.2121533166836726,1,0,0,0,0,1,0,0,0,1
-0.3549631902780052,-0.35486486474959156,-0.7566434880210966,1,0,0,0,1,0,0,0,0,1
-0.3210422533998771,-0.8043033970404823,-0.7566434880210966,0,0,1,0,0,0,0,0,1,0
-0.29183237946754764,-0.8043033970404823,0.2121533166836726,0,1,1,0,0,0,1,0,0,1
-0.3495236455279175,0.5440121998321898,2.634145328445595,1,0,0,0,1,0,1,0,0,1
-0.26018032644683076,-0.35486486474959156,-0.7566434880210966,1,0,0,0,1,0,0,0,1,0
0.16954370881009898,0.09457366754129916,0.2121533166836726,1,0,0,0,0,0,0,0,0,1
0.49995994920480796,0.9934507321230805,-0.7566434880210966,1,0,0,0,1,0,0,0,1,0
0.11683307605482425,-0.35486486474959156,-0.7566434880210966,0,0,0,0,0,0,0,0,1,0
0.7800563891975253,-0.8043033970404823,-0.7566434880210966,0,1,1,0,0,1,0,0,0,0
-0.366785776035718,-0.8043033970404823,3.11854373079798,1,0,0,0,0,0,0,0,0,1
-0.2919350729377558,-0.8043033970404823,0.2121533166836726,0,1,0,1,0,1,0,0,1,0
-0.3311639785572674,-0.35486486474959156,0.2121533166836726,1,0,0,1,0,0,0,0,0,1
-0.3303552674793783,0.09457366754129916,1.1809501213884417,0,1,1,0,0,1,0,0,0,1
-0.2419746996814929,2.3417663289957527,0.2121533166836726,1,0,1,0,0,0,0,0,0,1
-0.34485430180439086,-0.35486486474959156,-0.7566434880210966,1,0,1,0,0,0,1,0,0,1
-0.35252422036056175,-0.8043033970404823,-0.7566434880210966,0,0,0,1,0,1,0,0,1,0
-0.27899569569152943,-0.8043033970404823,0.2121533166836726,1,0,1,0,0,0,0,1,0,0
-0.30007032128080735,0.5440121998321898,-0.7566434880210966,0,0,1,0,0,0,0,0,1,0
-0.09356017103411428,0.5440121998321898,-0.7566434880210966,1,0,0,0,0,1,0,0,0,1
-0.3276210538350864,0.9934507321230805,-0.7566434880210966,1,0,0,0,1,0,0,0,0,1
-0.3509196348885595,-0.8043033970404823,-0.7566434880210966,1,0,0,1,0,0,0,0,1,0
0.1525030110974348,0.5440121998321898,-0.7566434880210966,1,0,1,0,0,0,0,0,0,1
0.0006771337365794131,-0.35486486474959156,0.2121533166836726,0,0,0,0,1,1,0,0,1,0
2.0318897910348217,2.3417663289957527,-0.7566434880210966,0,1,0,0,1,1,0,0,0,1
-0.3608038813960935,-1.253741929331373,-0.7566434880210966,1,0,0,0,1,0,1,0,1,0
-0.21176998275652203,-0.8043033970404823,-0.7566434880210966,1,0,0,1,0,0,0,0,0,1
3.2485667251805475,0.5440121998321898,-0.272245085668712,0,0,1,0,0,0,0,0,0,1
-0.35483482344024503,-1.253741929331373,0.2121533166836726,1,0,0,0,0,0,1,0,1,0
-0.3479302921542192,-1.253741929331373,2.634145328445595,1,0,1,0,0,0,0,0,0,1
-0.2841175325181607,-1.253741929331373,0.2121533166836726,0,1,0,0,1,1,0,0,1,0
0.9532874367548911,0.5440121998321898,0.2121533166836726,0,1,0,0,0,0,0,0,1,0
-0.3573379767765686,-0.8043033970404823,-0.7566434880210966,1,0,1,0,0,0,1,0,0,1
-0.3592955710524114,-0.35486486474959156,-0.7566434880210966,1,0,0,0,0,0,0,0,0,1
-0.34912249915991694,-1.253741929331373,-0.7566434880210966,1,0,1,0,0,0,0,0,0,1
-0.15717556665711657,-0.35486486474959156,0.2121533166836726,1,0,0,0,1,1,0,0,0,1
-0.3521904665823853,-0.8043033970404823,0.2121533166836726,1,0,0,1,0,0,0,0,0,1
0.3589746512927998,-0.35486486474959156,0.2121533166836726,0,1,0,0,0,1,0,0,1,0
-0.311793422739256,-1.253741929331373,0.2121533166836726,0,0,0,0,1,0,0,0,0,1
-0.28543971094709053,-0.8043033970404823,0.2121533166836726,1,0,1,0,0,1,0,0,0,1
-0.24563315455765805,0.09457366754129916,2.634145328445595,1,0,0,0,1,0,1,0,0,0
-0.24052415441480288,0.5440121998321898,0.2121533166836726,0,1,0,1,0,1,0,0,0,1
-0.21479623095671832,-0.8043033970404823,2.634145328445595,0,1,0,0,1,1,0,0,0,0
-0.27259981800012834,-0.35486486474959156,-0.7566434880210966,0,1,1,0,0,0,0,0,0,1
0.11569382036970258,-0.8043033970404823,-0.7566434880210966,0,0,0,1,0,0,0,0,0,1
-0.25718616995607446,0.09457366754129916,2.634145328445595,0,0,0,0,1,0,0,0,0,1
-0.3443087427439101,-0.8043033970404823,-0.7566434880210966,1,0,0,0,0,0,1,0,1,0
-0.24752014707273276,-0.8043033970404823,3.11854373079798,1,0,0,0,0,0,0,0,0,1
-0.2502238735930566,-1.253741929331373,1.665348523740826,0,0,0,0,1,1,0,0,0,1
1.7586128392981135,0.5440121998321898,-0.7566434880210966,1,0,0,0,1,0,0,0,0,1
-0.156058775168603,0.9934507321230805,-0.7566434880210966,0,1,1,0,0,0,0,0,1,0
-0.3347454133307765,2.3417663289957527,0.2121533166836726,1,0,0,0,1,0,0,0,0,0
-0.336478365640539,0.09457366754129916,0.2121533166836726,1,0,0,0,0,1,0,0,0,1
0.051157392685771054,-0.8043033970404823,-0.7566434880210966,1,0,0,0,1,0,0,0,0,1
-0.34815974787671555,-1.253741929331373,-0.7566434880210966,1,0,0,0,1,0,0,0,1,0
-0.27332188146252934,-0.35486486474959156,-0.7566434880210966,1,0,1,0,0,0,0,0,1,0
0.3299765826427747,-0.35486486474959156,0.2121533166836726,1,0,0,0,0,0,0,0,0,1
0.3733966655151563,-0.8043033970404823,-0.272245085668712,0,0,1,0,0,1,0,0,0,0
-0.33450472550997623,-1.253741929331373,-0.7566434880210966,1,0,0,0,1,0,0,0,0,1
-0.3602519039937247,-1.253741929331373,0.2121533166836726,1,0,1,0,0,0,0,0,0,1
-0.3497643333487178,-0.8043033970404823,-0.7566434880210966,1,0,0,1,0,1,0,0,0,0
-0.06044794523387531,-0.35486486474959156,-0.272245085668712,0,0,1,0,0,1,0,0,1,0
0.21103187077418986,-0.8043033970404823,0.2121533166836726,0,1,0,0,1,1,0,0,0,1
0.07281929655780178,0.09457366754129916,-0.7566434880210966,1,0,1,0,0,0,0,0,1,0
1.1715495709985289,-0.8043033970404823,0.2121533166836726,0,1,0,0,0,0,1,1,0,0
-0.14136077224506213,0.5440121998321898,0.2121533166836726,1,0,0,0,1,0,0,0,0,1
-0.33827550136918155,0.09457366754129916,0.2121533166836726,0,1,1,0,0,0,0,0,0,1
-0.31388580219474693,1.892327796704862,-0.7566434880210966,1,0,0,0,1,0,0,0,0,1
-0.28027294572724326,-0.8043033970404823,1.1809501213884417,0,1,1,0,0,0,0,0,0,1
-0.3486732152277563,-0.8043033970404823,-0.7566434880210966,1,0,0,0,0,0,0,0,1,0
-0.36135585879846227,-0.8043033970404823,0.2121533166836726,0,0,1,0,0,0,0,0,0,1
-0.2905358744061698,-0.35486486474959156,3.11854373079798,1,0,0,0,0,1,0,0,0,1
-0.2800483037611629,-0.8043033970404823,0.2121533166836726,1,0,0,0,0,1,0,0,0,0
-0.3407914913892811,-0.35486486474959156,0.2121533166836726,1,0,0,0,0,0,1,0,0,1
-0.2799969570260588,0.09457366754129916,0.2121533166836726,1,0,0,0,1,0,0,0,1,0
-0.2861104276743875,0.5440121998321898,-0.7566434880210966,1,0,0,1,0,0,0,0,0,1
-0.11870402538038999,0.9934507321230805,-0.7566434880210966,1,0,0,0,0,1,0,0,0,1
-0.25858536848766045,-0.8043033970404823,0.2121533166836726,0,0,1,0,0,1,0,0,0,0
-0.0702968908610253,0.9934507321230805,0.2121533166836726,1,0,0,0,0,0,0,0,0,0
-0.19078200478273227,-0.8043033970404823,-0.7566434880210966,1,0,1,0,0,0,0,0,1,0
-0.33033280328277026,-1.253741929331373,-0.7566434880210966,0,0,0,0,1,0,1,0,0,1
-0.14198335140819898,-0.8043033970404823,0.6965517190360571,0,0,0,0,0,1,0,0,0,0
-0.22223188003397684,0.5440121998321898,0.2121533166836726,1,0,0,1,0,0,0,0,0,0
-0.35881419541081067,-0.35486486474959156,-0.7566434880210966,0,0,0,0,0,0,0,0,0,1
-0.3291935475976487,0.5440121998321898,-0.7566434880210966,0,0,0,0,1,0,0,0,0,1
4.444849377977125,0.5440121998321898,-0.7566434880210966,0,1,0,1,0,1,0,0,1,0
-0.3245723414382821,-0.8043033970404823,-0.7566434880210966,0,0,0,1,0,0,1,0,0,1
-0.2962225253189459,-0.8043033970404823,0.2121533166836726,1,0,0,0,0,1,0,0,0,1
-0.347774647363435,0.09457366754129916,-0.7566434880210966,1,0,0,0,1,1,0,0,0,0
0.32687010516897824,-0.8043033970404823,0.2121533166836726,0,0,0,0,1,0,0,0,0,0
-0.3127465465096253,0.5440121998321898,-0.7566434880210966,0,1,0,1,0,0,0,0,0,0
-0.3595843964373718,-0.8043033970404823,-0.7566434880210966,1,0,0,0,1,0,0,0,0,1
0.21846591526597645,-0.35486486474959156,0.6965517190360571,0,0,1,0,0,0,0,0,1,0
-0.1960963918660038,-0.8043033970404823,0.2121533166836726,1,0,0,0,1,0,1,0,1,0
-0.3473574551407144,-0.8043033970404823,-0.7566434880210966,1,0,0,0,1,0,0,0,0,1
0.15004799532527135,-0.35486486474959156,-0.7566434880210966,0,1,0,1,0,0,0,0,0,0
0.8417527005960129,0.5440121998321898,-0.7566434880210966,0,0,0,0,0,0,0,0,0,1
0.16132823119344733,-0.8043033970404823,-0.7566434880210966,1,0,0,0,1,0,0,0,1,0
0.0200476895545909,-0.35486486474959156,0.2121533166836726,0,0,0,0,1,0,0,0,0,0
-0.34803138103895537,-0.8043033970404823,-0.7566434880210966,1,0,0,0,1,1,0,0,0,1
-0.297021608884003,0.5440121998321898,-0.7566434880210966,0,1,0,0,1,0,0,0,0,1
0.7876942160442562,0.09457366754129916,-0.7566434880210966,1,0,0,0,1,0,0,0,1,0
-0.1719281254867055,1.4428892644139713,-0.7566434880210966,1,0,1,0,0,0,0,0,0,1
-0.3475307503716907,-0.35486486474959156,0.2121533166836726,1,0,0,0,1,0,0,0,1,0
-0.3242835160533217,0.09457366754129916,-0.7566434880210966,1,0,0,0,1,0,0,0,0,0
-0.33519469726293716,-0.8043033970404823,-0.7566434880210966,1,0,0,0,1,0,0,0,0,1
-0.3521904665823853,-0.8043033970404823,0.2121533166836726,1,0,0,0,0,1,0,0,0,1
-0.3238984155400411,0.09457366754129916,0.2121533166836726,0,0,1,0,0,0,1,0,1,0
-0.32622506447444444,2.3417663289957527,-0.7566434880210966,1,0,0,1,0,1,0,0,0,1
-0.014277602862481795,-1.253741929331373,0.2121533166836726,0,0,0,0,1,0,0,0,0,1
-0.3519337329068649,1.4428892644139713,0.2121533166836726,1,0,1,0,0,0,1,0,1,0
0.07644565972452692,0.09457366754129916,1.665348523740826,0,0,0,0,1,0,0,0,0,1
1.4417713919965442,-0.35486486474959156,-0.7566434880210966,0,0,0,0,1,1,0,0,0,1
-0.3143350861269075,-0.8043033970404823,-0.7566434880210966,1,0,0,1,0,1,0,0,0,0
3.7438156127721625,1.892327796704862,-0.272245085668712,0,0,1,0,0,0,0,0,0,1
-0.28705713310286884,1.4428892644139713,-0.7566434880210966,1,0,0,1,0,1,0,0,0,1
-0.2713963788961266,-0.35486486474959156,-0.7566434880210966,0,0,1,0,0,1,0,0,0,1
-0.268845087995643,-0.35486486474959156,-0.7566434880210966,0,1,0,0,0,1,0,0,0,1
-0.35133682711128006,0.5440121998321898,-0.7566434880210966,1,0,0,0,1,0,0,0,0,0
-0.3217931994007741,1.892327796704862,3.11854373079798,1,0,0,0,0,0,0,0,1,0
-0.3565806124337835,-0.35486486474959156,0.2121533166836726,1,0,0,1,0,0,0,0,1,0
-0.3369597412821396,-0.8043033970404823,-0.7566434880210966,1,0,0,0,0,0,1,0,0,1
2.5193789032838336,0.5440121998321898,1.1809501213884417,0,1,1,0,0,0,0,0,0,0
-0.0800976989240152,0.9934507321230805,-0.7566434880210966,0,1,0,1,0,0,0,0,0,0
-0.3516416983509605,-0.35486486474959156,-0.7566434880210966,1,0,1,0,0,0,0,0,0,1
-0.34963596651095763,-0.8043033970404823,-0.7566434880210966,1,0,0,0,1,0,1,0,0,1
-0.3618308160981749,-0.8043033970404823,-0.7566434880210966,1,0,1,0,0,0,0,0,0,1
-0.19866051945026345,1.4428892644139713,-0.7566434880210966,1,0,0,0,0,1,0,0,0,1
-0.3178908475328646,-0.8043033970404823,0.2121533166836726,1,0,0,0,0,0,0,0,0,1
-0.30826975304273896,-0.35486486474959156,-0.7566434880210966,0,0,0,0,1,0,1,0,1,0
-0.3567827902032558,2.3417663289957527,2.634145328445595,1,0,0,1,0,0,0,0,0,1
-0.3586088084703944,-0.8043033970404823,0.2121533166836726,1,0,0,0,1,0,1,0,0,1
-0.3672382691388226,-1.253741929331373,-0.7566434880210966,0,1,0,0,1,0,1,0,0,0
-0.3540004389948038,-0.35486486474959156,-0.7566434880210966,0,0,0,0,1,0,0,0,1,0
0.022679209728674616,1.4428892644139713,0.2121533166836726,1,0,0,0,1,0,0,0,0,1
-0.20840035326531722,-0.8043033970404823,-0.7566434880210966,0,1,0,0,0,0,0,0,0,1
-0.2613837655508325,0.09457366754129916,-0.7566434880210966,1,0,1,0,0,1,0,0,0,1
-0.33362862184226294,-0.35486486474959156,0.2121533166836726,1,0,0,0,1,0,0,0,0,1
-0.3113698121746474,0.09457366754129916,0.2121533166836726,1,0,0,0,1,0,0,0,1,0
-0.2093759412322946,-0.8043033970404823,0.6965517190360571,0,0,0,0,0,1,0,0,0,1
-0.3596132789758678,-0.35486486474959156,2.634145328445595,1,0,1,0,0,0,1,0,0,1
-0.3457977980619282,-0.35486486474959156,0.2121533166836726,1,0,0,0,1,0,0,1,0,0
0.5649777525303402,-0.8043033970404823,-0.7566434880210966,0,0,0,0,0,0,0,0,0,1
1.94172492419207,0.09457366754129916,0.2121533166836726,0,1,0,0,0,0,0,0,0,1
-0.14450575977018656,0.5440121998321898,0.2121533166836726,0,1,0,0,1,0,0,0,0,1
-0.35809534111935365,0.09457366754129916,2.1497469260932105,0,0,0,0,0,0,0,1,0,0
0.24725699239011328,0.9934507321230805,0.2121533166836726,0,1,0,0,0,0,0,0,0,1
-0.34315344120406843,0.09457366754129916,0.2121533166836726,1,0,0,0,0,1,0,0,0,1
-0.3555793510992541,0.09457366754129916,0.2121533166836726,1,0,1,0,0,0,0,0,1,0
-0.3411509185350096,-0.8043033970404823,0.2121533166836726,1,0,1,0,0,0,0,0,1,0
-0.30749955201617785,0.9934507321230805,-0.7566434880210966,1,0,0,0,0,0,0,0,0,1
-0.35308582527576254,0.5440121998321898,2.634145328445595,1,0,0,1,0,1,0,0,0,0
-0.16945706385982198,1.4428892644139713,-0.7566434880210966,0,1,0,0,0,1,0,0,1,0
-0.30839811988049914,1.4428892644139713,-0.7566434880210966,1,0,1,0,0,0,1,0,0,1
-0.3595523047279317,-0.8043033970404823,-0.7566434880210966,1,0,0,0,1,0,0,0,0,1
-0.28627088622158775,-0.35486486474959156,-0.7566434880210966,1,0,0,0,1,0,1,0,0,1
0.25739797257316765,1.892327796704862,0.2121533166836726,0,0,0,1,0,1,0,0,0,1
-0.30207605312081015,0.09457366754129916,0.2121533166836726,0,1,0,0,1,0,1,1,0,0
0.05471957243361606,0.5440121998321898,0.2121533166836726,0,1,0,0,1,1,0,0,0,1
-0.2996370832033667,4.588958990450206,-0.7566434880210966,0,0,0,0,1,0,0,0,0,1
-0.2196966349882133,-0.35486486474959156,-0.7566434880210966,1,0,0,0,1,0,0,0,1,0
-0.31627663454803034,0.5440121998321898,-0.7566434880210966,1,0,0,0,1,0,1,0,0,1
-0.3634257740573452,-0.35486486474959156,2.634145328445595,1,0,0,0,1,0,0,1,0,0
-0.20657112582723464,1.892327796704862,-0.7566434880210966,0,0,0,0,1,1,0,0,0,1
-0.3251179004987628,0.9934507321230805,-0.7566434880210966,1,0,0,0,0,0,0,0,0,1
-0.16365006903664575,-0.35486486474959156,0.6965517190360571,0,0,0,0,0,0,0,0,0,0
-0.282227330832142,-0.35486486474959156,-0.7566434880210966,1,0,0,0,1,1,0,0,0,1
-0.36395528726310594,-0.35486486474959156,3.11854373079798,1,0,0,0,0,0,0,0,0,1
-0.3289528597768483,1.4428892644139713,-0.7566434880210966,1,0,0,0,0,1,0,0,0,1
-0.253335164823269,-0.35486486474959156,0.2121533166836726,0,1,0,0,1,0,0,0,0,0
-0.34995688360535815,-0.8043033970404823,-0.7566434880210966,1,0,0,0,1,0,1,0,0,1
0.38207105457680063,-0.35486486474959156,-0.7566434880210966,0,1,0,1,0,0,0,0,0,1
-0.3657331679660845,-0.8043033970404823,3.11854373079798,1,0,0,0,0,0,0,0,1,0
-0.29185805283509964,-0.8043033970404823,0.2121533166836726,0,0,0,0,1,1,0,0,0,1
-0.32230987592275884,-1.253741929331373,-0.7566434880210966,0,1,0,1,0,1,0,0,1,0
-0.3277750940403986,-0.8043033970404823,0.2121533166836726,1,0,1,0,0,1,0,0,0,0
0.015471411788440402,0.5440121998321898,-0.7566434880210966,1,0,0,1,0,0,0,0,0,1
1.2018056346586037,2.3417663289957527,0.2121533166836726,0,1,0,1,0,1,0,0,0,1
-0.3609482940885737,-1.253741929331373,-0.7566434880210966,1,0,0,0,0,1,0,0,0,1
-0.038818133071284636,-0.8043033970404823,-0.030045884492519763,0,0,0,0,1,0,0,0,0,1
-0.3354771043060096,-0.8043033970404823,0.2121533166836726,0,1,0,0,0,1,0,0,1,0
-0.358352074794874,0.09457366754129916,2.634145328445595,1,0,1,0,0,1,0,0,0,1
-0.35373086863550746,-0.8043033970404823,0.2121533166836726,1,0,0,0,1,1,0,0,0,0
7.082547206128069,0.09457366754129916,-0.7566434880210966,0,1,1,0,0,1,0,1,0,0
-0.3530376877116025,-0.35486486474959156,-0.7566434880210966,1,0,1,0,0,0,0,0,1,0
0.4334498813903135,-1.253741929331373,-0.7566434880210966,0,1,1,0,0,1,0,0,0,1
-0.34909040745047687,0.5440121998321898,-0.7566434880210966,1,0,1,0,0,1,0,0,0,1
-0.3438722954955255,-0.35486486474959156,0.2121533166836726,1,0,0,0,1,0,1,0,0,1
-0.329418189563729,-0.8043033970404823,-0.7566434880210966,1,0,1,0,0,0,1,0,0,1
-0.35224823165937735,-0.35486486474959156,2.634145328445595,1,0,1,0,0,0,1,0,0,1
-0.36512342548672366,-0.8043033970404823,3.11854373079798,1,0,0,0,0,0,1,1,0,0
-0.20965192993347906,0.5440121998321898,-0.7566434880210966,1,0,0,0,1,0,0,0,0,0
-0.24571017466031417,-0.35486486474959156,2.1497469260932105,0,0,0,0,0,0,0,0,0,1
-0.22364391524933885,-0.35486486474959156,0.2121533166836726,1,0,0,0,1,0,1,0,0,0
-0.31569898377810945,1.4428892644139713,-0.7566434880210966,0,0,0,1,0,0,0,0,0,1
-0.33134369213013165,0.09457366754129916,0.2121533166836726,1,0,1,0,0,0,0,0,0,1
-0.35681167274175185,1.892327796704862,2.634145328445595,1,0,1,0,0,0,1,0,0,1
-0.3224382427605191,1.4428892644139713,-0.7566434880210966,1,0,1,0,0,0,1,0,0,1
-0.30763433719582606,1.4428892644139713,0.2121533166836726,1,0,0,0,1,0,0,0,1,0
0.4013485444374359,-0.8043033970404823,0.2121533166836726,0,1,0,0,1,0,0,0,0,0
0.523258530258281,0.5440121998321898,0.2121533166836726,0,1,0,0,1,0,1,0,0,1
-0.3524118993775216,-0.35486486474959156,-0.7566434880210966,1,0,0,0,1,0,0,0,0,0
-0.34781957575665107,0.09457366754129916,2.634145328445595,1,0,0,1,0,1,0,0,0,1
-0.3281601945536792,0.9934507321230805,0.2121533166836726,1,0,0,0,0,0,0,0,0,1
0.04697905211667715,0.09457366754129916,0.2121533166836726,1,0,0,1,0,0,0,0,1,0
-0.3384423782582698,-0.35486486474959156,0.2121533166836726,1,0,0,1,0,0,1,0,0,1
-0.33033280328277026,-1.253741929331373,-0.7566434880210966,1,0,1,0,0,1,0,0,0,0
-0.36484743678553927,-0.8043033970404823,-0.7566434880210966,1,0,0,0,1,0,1,0,0,1
-0.3496488031947337,-0.35486486474959156,0.2121533166836726,1,0,0,0,1,0,1,0,1,0
-0.18558314785344487,0.5440121998321898,-0.7566434880210966,1,0,0,0,1,0,0,0,0,1
-0.3185711917729936,2.7912048612866434,2.634145328445595,1,0,0,0,1,0,0,0,0,1
0.9329412929699021,1.892327796704862,-0.7566434880210966,1,0,0,0,1,0,0,0,0,1
-0.34803138103895537,-0.8043033970404823,-0.7566434880210966,1,0,0,1,0,0,0,1,0,0
-0.29450240969295943,0.09457366754129916,-0.7566434880210966,0,1,0,0,1,1,0,0,0,0
-0.35554084104792605,-0.8043033970404823,-0.7566434880210966,1,0,0,0,1,0,1,0,0,1
-0.32547411847354735,0.9934507321230805,2.634145328445595,1,0,0,1,0,1,0,0,0,1
-0.2438616921965676,-0.8043033970404823,-0.7566434880210966,1,0,0,0,1,1,0,0,0,1
-0.3193799028508827,2.3417663289957527,0.2121533166836726,1,0,0,0,0,1,0,0,1,0
-0.20068229714498628,1.4428892644139713,-0.7566434880210966,1,0,1,0,0,1,0,1,0,0
-0.35542531089394186,0.9934507321230805,0.2121533166836726,0,0,1,0,0,1,0,0,0,1
-0.25591533826224866,0.09457366754129916,0.2121533166836726,1,0,1,0,0,0,0,0,0,1
-0.3213310787848375,0.5440121998321898,0.2121533166836726,1,0,0,0,1,1,0,0,0,1
-0.36215173319257543,-0.8043033970404823,-0.7566434880210966,0,0,0,0,1,0,0,0,0,1
-0.3438722954955255,-0.35486486474959156,0.2121533166836726,1,0,0,0,0,0,0,0,1,0
-0.3633102439033611,-0.8043033970404823,2.634145328445595,1,0,1,0,0,0,0,0,0,1
0.49760120856096457,-0.35486486474959156,-0.7566434880210966,0,1,1,0,0,0,0,0,0,1
-0.2648753435379094,-1.253741929331373,0.2121533166836726,1,0,0,1,0,0,1,0,0,1
-0.3438722954955255,-0.35486486474959156,0.2121533166836726,1,0,0,0,0,1,0,0,0,1
-0.08810458042930658,0.5440121998321898,-0.7566434880210966,1,0,1,0,0,1,0,0,0,1
-0.2846695099205295,-0.8043033970404823,3.11854373079798,1,0,0,0,0,1,0,0,0,1
0.39893524788754453,-0.8043033970404823,0.2121533166836726,0,0,0,0,1,1,0,0,0,0
-0.35481877758552505,-0.35486486474959156,-0.7566434880210966,0,0,0,0,1,0,1,0,0,0
-0.36195918293593515,-1.253741929331373,-0.7566434880210966,1,0,0,0,1,0,0,0,0,1
-0.332986787653462,0.09457366754129916,0.2121533166836726,0,0,1,0,0,0,1,0,0,1
-0.34270415727190784,-0.8043033970404823,-0.7566434880210966,1,0,1,0,0,0,0,0,1,0
-0.34803138103895537,-0.8043033970404823,-0.7566434880210966,1,0,0,1,0,1,0,0,0,1
-0.3465679990884893,-0.35486486474959156,0.2121533166836726,1,0,1,0,0,1,0,0,0,1
-0.3072299816568815,4.588958990450206,2.634145328445595,1,0,0,0,1,1,0,0,0,0
-0.20495049450051236,1.4428892644139713,-0.7566434880210966,0,1,0,0,1,1,0,0,0,0
0.015737772976792776,-0.8043033970404823,-0.030045884492519763,0,0,0,0,1,0,0,0,0,0
-0.05308289791738485,-0.35486486474959156,0.2121533166836726,0,1,0,0,0,0,1,0,0,0
-0.20708459317827538,-0.8043033970404823,0.2121533166836726,0,1,0,0,1,1,0,0,0,1
0.5938763368811012,0.5440121998321898,1.1809501213884417,0,1,1,0,0,0,0,0,0,1
-0.3457977980619282,-0.35486486474959156,0.2121533166836726,1,0,1,0,0,0,0,0,0,1
-0.32800615434836694,0.9934507321230805,-0.7566434880210966,1,0,0,0,1,0,0,0,0,1
1.569255707747125,1.892327796704862,-0.7566434880210966,0,0,0,1,0,0,0,0,1,0
-0.3240781291129054,1.4428892644139713,0.2121533166836726,1,0,0,0,1,0,0,0,0,1
0.7184082153631979,0.5440121998321898,1.1809501213884417,0,1,1,0,0,1,0,0,0,1
-0.29382848379471843,-0.35486486474959156,-0.7566434880210966,1,0,0,1,0,0,0,0,0,1
0.07392325136253934,-0.35486486474959156,0.2121533166836726,1,0,0,0,0,0,0,0,0,1
-0.3583007280597699,-0.8043033970404823,-0.7566434880210966,1,0,1,0,0,0,0,0,1,0
-0.3393537828063671,0.09457366754129916,0.2121533166836726,1,0,0,0,1,1,0,0,0,1
-0.3574663436143287,-0.35486486474959156,0.2121533166836726,1,0,0,0,1,0,0,0,0,0
-0.3184428249352334,0.5440121998321898,-0.7566434880210966,0,0,1,0,0,1,0,0,0,1
-0.36143287890111836,-0.8043033970404823,0.2121533166836726,1,0,0,1,0,0,1,0,0,1
0.6836208023301884,0.5440121998321898,-0.7566434880210966,0,1,0,0,0,1,0,0,0,1
-0.34528753988183153,-0.35486486474959156,-0.7566434880210966,1,0,0,0,0,0,0,0,0,1
0.06212633897237864,0.09457366754129916,0.2121533166836726,1,0,0,0,0,0,0,0,0,1
0.28961804885097336,-0.35486486474959156,0.2121533166836726,0,0,0,1,0,0,0,0,0,1
0.7373872523260407,0.09457366754129916,0.2121533166836726,0,1,0,0,1,0,1,0,0,1
-0.07681471704829856,-0.8043033970404823,0.6965517190360571,0,0,1,0,0,0,0,0,1,0
-0.33204970973781267,-0.35486486474959156,-0.7566434880210966,1,0,0,0,1,0,0,0,0,1
-0.1942735827698092,-0.8043033970404823,0.2121533166836726,0,1,0,1,0,0,0,0,1,0
0.21350935074296143,-0.8043033970404823,-0.7566434880210966,1,0,0,0,1,0,0,0,0,1
0.5291313130858093,2.3417663289957527,-0.7566434880210966,1,0,0,0,1,1,0,0,0,0
2.0784676981161034,0.9934507321230805,3.11854373079798,1,0,0,0,0,0,0,0,0,0
-0.28930355276367203,1.4428892644139713,-0.7566434880210966,1,0,0,0,1,0,0,0,0,0
0.05471957243361606,0.09457366754129916,-0.7566434880210966,0,1,0,0,0,0,0,0,1,0
-0.26632588880459945,0.09457366754129916,-0.7566434880210966,0,1,1,0,0,0,1,0,0,1
-0.35990531353177224,-0.8043033970404823,-0.7566434880210966,1,0,0,1,0,0,0,0,1,0
-0.042800714212794286,-0.8043033970404823,0.2121533166836726,0,1,0,0,1,0,1,0,0,0
-0.31516947057234873,2.7912048612866434,0.2121533166836726,1,0,0,0,1,1,0,0,1,0
-0.19245077367361463,-0.8043033970404823,-0.7566434880210966,1,0,0,0,0,0,1,0,0,1
-0.3449987144968711,0.5440121998321898,1.1809501213884417,0,1,1,0,0,0,1,0,0,1
0.11490757348842154,-0.35486486474959156,1.665348523740826,0,0,1,0,0,0,0,0,1,0
-0.3335901117909349,-0.8043033970404823,-0.7566434880210966,1,0,0,1,0,0,0,0,0,1
-0.2894961030203123,-0.35486486474959156,-0.7566434880210966,1,0,0,0,0,0,0,0,0,1
-0.36162542915775864,0.9934507321230805,3.11854373079798,1,0,0,0,0,0,0,0,0,1
0.9856294615285689,0.9934507321230805,0.6965517190360571,0,0,0,0,0,0,1,0,1,0
-0.3115238523799596,1.892327796704862,0.2121533166836726,1,0,0,0,0,0,0,0,0,1
-0.3127561740224573,-0.35486486474959156,0.2121533166836726,1,0,0,1,0,0,0,0,0,0
-0.16092387831971386,-0.8043033970404823,0.2121533166836726,1,0,0,0,0,0,0,0,0,1
0.023924368054948398,0.09457366754129916,0.2121533166836726,0,1,0,0,0,1,0,0,1,0
-0.347774647363435,0.09457366754129916,-0.7566434880210966,1,0,0,0,1,0,1,0,0,1
0.13991985182599298,-0.35486486474959156,0.6965517190360571,0,0,0,0,0,0,0,0,0,1
-0.26780531660978557,-0.35486486474959156,0.6965517190360571,0,0,0,0,0,1,0,0,0,1
-0.33520753394671315,-0.35486486474959156,0.2121533166836726,1,0,0,0,1,1,0,0,1,0
-0.03250569382442768,0.09457366754129916,-0.7566434880210966,1,0,1,0,0,0,1,0,0,1
0.49028429880863406,-0.35486486474959156,-0.7566434880210966,1,0,0,0,0,1,0,0,0,1
-0.35968067156569195,0.5440121998321898,-0.7566434880210966,1,0,0,0,1,0,0,1,0,0
-0.30624797534801607,-0.35486486474959156,-0.7566434880210966,0,1,0,0,1,1,0,0,0,1
-0.3445398030518784,0.09457366754129916,0.2121533166836726,0,0,0,0,1,1,0,0,1,0
0.3497707490253947,0.09457366754129916,-0.7566434880210966,0,0,0,0,0,0,0,0,0,1
-0.22037056088645426,0.9934507321230805,-0.7566434880210966,1,0,0,0,0,1,0,1,0,0
-0.11724064342992391,-1.253741929331373,0.2121533166836726,0,1,0,0,1,0,1,0,0,1
-0.15137980393224434,-1.253741929331373,1.1809501213884417,0,1,1,0,0,0,0,0,1,0
-0.14033383754298065,0.5440121998321898,-0.7566434880210966,0,0,0,1,0,0,0,0,0,1
-0.13433910621958017,-0.35486486474959156,0.2121533166836726,0,0,0,1,0,1,0,0,0,1
-0.3448061642402308,-1.253741929331373,-0.7566434880210966,1,0,0,0,1,0,1,0,0,1
0.1163741646098316,-0.8043033970404823,0.2121533166836726,0,1,0,0,1,1,0,0,0,1
0.3448414624554037,0.09457366754129916,0.2121533166836726,0,1,0,0,1,0,0,0,0,1
-0.346362612148073,0.09457366754129916,2.1497469260932105,0,0,0,0,0,0,0,0,0,0
-0.23207761649018285,-0.35486486474959156,0.2121533166836726,1,0,0,1,0,0,0,1,0,0
-0.35747918029810477,-0.8043033970404823,0.2121533166836726,1,0,0,0,0,0,0,0,0,1
0.5707414235457723,-0.35486486474959156,0.2121533166836726,0,0,0,0,1,0,0,0,0,1
-0.30980373675397316,-0.8043033970404823,0.2121533166836726,0,1,1,0,0,0,1,0,0,1
-0.3530376877116025,-0.35486486474959156,-0.7566434880210966,1,0,0,0,0,1,0,0,0,1
-0.3130514177493058,-1.253741929331373,-0.7566434880210966,1,0,0,0,0,0,0,0,1,0
-0.33108695845461134,0.5440121998321898,0.2121533166836726,1,0,0,0,0,1,0,0,0,1
1.2748784570535876,1.4428892644139713,-0.7566434880210966,0,0,0,0,0,0,0,0,0,1
-0.3574855986399928,-0.35486486474959156,2.1497469260932105,0,0,0,0,0,1,0,0,0,1
-0.3047075732948939,-0.8043033970404823,-0.7566434880210966,1,0,0,1,0,0,0,0,0,1
-0.31035571415634194,0.09457366754129916,-0.7566434880210966,1,0,0,0,0,0,1,0,0,1
0.007368255154828887,-0.35486486474959156,-0.7566434880210966,0,1,0,1,0,0,0,0,0,1
-0.2503281716487368,-1.253741929331373,-0.7566434880210966,1,0,1,0,0,0,1,0,0,1
-0.35656777575000753,-1.253741929331373,-0.7566434880210966,1,0,0,0,0,0,0,0,0,1
-0.3368955578632596,0.5440121998321898,-0.7566434880210966,1,0,0,0,1,0,0,0,0,1
0.5492528149047178,-0.35486486474959156,0.2121533166836726,0,0,0,0,1,0,0,0,0,1
-0.3411958469282257,-0.35486486474959156,-0.7566434880210966,1,0,0,0,0,0,0,0,0,1
0.4996390321104074,0.09457366754129916,-0.7566434880210966,1,0,0,0,1,1,0,0,0,1
0.7325606592262579,-0.8043033970404823,0.2121533166836726,0,1,0,0,1,0,0,0,0,1
0.016016970848921182,1.892327796704862,-0.7566434880210966,0,0,1,0,0,1,0,0,0,1
-0.3015946774792095,-0.8043033970404823,-0.7566434880210966,0,1,0,0,0,1,0,0,1,0
-0.12364614863415697,0.5440121998321898,-0.7566434880210966,1,0,0,0,0,0,1,0,0,0
-0.31496408363193246,-0.8043033970404823,0.2121533166836726,1,0,0,0,1,1,0,1,0,0
-0.287869053351702,0.9934507321230805,2.634145328445595,1,0,0,1,0,0,1,0,0,1
0.0874595344043505,-0.8043033970404823,1.1809501213884417,0,0,1,0,0,1,0,0,0,1
-0.3283142347589914,-0.35486486474959156,0.2121533166836726,0,0,0,1,0,0,0,0,1,0
-0.36619368399654917,-1.253741929331373,2.634145328445595,1,0,1,0,0,0,0,0,0,0
-0.3563880621771432,-0.35486486474959156,0.2121533166836726,1,0,1,0,0,1,0,0,0,1
-0.13799756109574537,2.3417663289957527,0.2121533166836726,1,0,0,1,0,0,0,0,0,1
-0.35501453701310925,1.892327796704862,3.11854373079798,1,0,0,0,0,0,1,0,1,0
-0.18914532760128994,-0.8043033970404823,-0.7566434880210966,0,1,0,1,0,1,0,0,0,1
-0.3521904665823853,-0.8043033970404823,0.2121533166836726,1,0,1,0,0,0,0,0,1,0
-0.3367992827349394,-0.8043033970404823,-0.7566434880210966,1,0,1,0,0,0,0,0,0,1
3.225341955058787,1.892327796704862,0.2121533166836726,0,1,0,1,0,1,0,0,0,1
-0.35491505271384516,-0.35486486474959156,-0.7566434880210966,1,0,1,0,0,1,0,0,1,0
0.14961475724783077,-0.8043033970404823,-0.7566434880210966,1,0,0,0,1,0,1,0,0,1
0.21190476527095914,0.09457366754129916,-0.7566434880210966,1,0,1,0,0,0,0,0,0,0
0.15102037412130473,-0.35486486474959156,0.2121533166836726,0,1,0,1,0,1,0,0,0,0
-0.28262847720014256,0.09457366754129916,-0.7566434880210966,1,0,0,0,0,0,1,0,0,0
-0.33575951134908194,-0.8043033970404823,0.2121533166836726,1,0,0,1,0,1,0,0,0,1
-0.2730138010519049,0.9934507321230805,0.2121533166836726,1,0,1,0,0,1,0,0,0,1
-0.3575048536656568,-0.35486486474959156,0.2121533166836726,1,0,0,0,0,0,1,0,1,0
-0.1223881536241072,-0.8043033970404823,0.2121533166836726,1,0,0,0,0,0,0,0,0,1
-0.3381856445827494,1.4428892644139713,0.2121533166836726,1,0,1,0,0,0,1,0,1,0
-0.12243950035921129,-0.35486486474959156,0.2121533166836726,1,0,0,0,1,1,0,0,0,1
0.1813277845164837,-0.35486486474959156,0.2121533166836726,1,0,0,0,0,0,1,0,0,1
0.0633843339824284,1.4428892644139713,-0.7566434880210966,1,0,0,0,1,0,1,0,0,1
-0.163818550511206,-0.8043033970404823,-0.272245085668712,0,0,1,0,0,1,0,0,0,1
-0.3453677691554316,-0.8043033970404823,-0.7566434880210966,1,0,1,0,0,0,0,0,0,1
-0.35604147171519074,-0.8043033970404823,0.2121533166836726,1,0,0,0,1,1,0,0,0,0
-0.26110135850776006,0.09457366754129916,0.2121533166836726,1,0,0,1,0,0,0,1,0,0
-0.3476559080385069,-0.8043033970404823,2.634145328445595,1,0,1,0,0,0,0,0,0,1
0.12969864236933845,1.4428892644139713,0.2121533166836726,1,0,0,1,0,0,0,1,0,0
-0.36576525967552453,-0.35486486474959156,3.11854373079798,1,0,0,0,0,0,0,0,0,1
-0.2244943455495001,0.5440121998321898,-0.7566434880210966,0,1,1,0,0,0,0,0,0,1
0.7958455102420278,0.09457366754129916,-0.7566434880210966,1,0,0,0,1,1,0,0,1,0
-0.3347454133307765,-0.35486486474959156,-0.7566434880210966,1,0,0,0,0,0,1,0,1,0
-0.342845360793444,-0.8043033970404823,2.1497469260932105,0,0,0,0,0,0,0,0,0,1
-0.3085104408635393,-0.35486486474959156,-0.7566434880210966,1,0,0,0,0,0,1,0,0,1
-0.3234619682916565,-0.8043033970404823,0.2121533166836726,0,0,0,1,0,0,0,0,1,0
-0.18633730302528595,-0.35486486474959156,-0.7566434880210966,0,1,0,1,0,0,0,0,0,1
-0.34631447458391296,-1.253741929331373,-0.7566434880210966,1,0,0,0,1,0,0,0,0,1
-0.34047378346582463,-0.35486486474959156,-0.7566434880210966,0,0,1,0,0,0,0,0,1,0
0.32255697942023615,-0.8043033970404823,-0.7566434880210966,0,1,1,0,0,1,0,0,0,1
-0.12101462846007326,-0.35486486474959156,-0.7566434880210966,1,0,0,1,0,0,1,1,0,0
-0.3025125003691948,1.4428892644139713,0.2121533166836726,1,0,1,0,0,0,0,0,0,1
0.11933622939114781,-0.35486486474959156,-0.7566434880210966,1,0,0,0,1,0,0,0,0,1
-0.33654254905941905,-0.8043033970404823,-0.7566434880210966,1,0,0,1,0,1,0,0,0,1
1.6849912486717056,0.09457366754129916,0.2121533166836726,0,1,0,0,1,0,1,0,0,1
-0.36166393920908674,-0.35486486474959156,0.2121533166836726,1,0,0,0,1,0,0,0,0,1
-0.046330802251199274,1.4428892644139713,0.2121533166836726,1,0,0,1,0,1,0,0,0,1
-0.19818877132149476,1.4428892644139713,0.2121533166836726,1,0,1,0,0,0,0,0,0,1
-0.3123325634578487,-1.253741929331373,0.2121533166836726,1,0,0,0,1,0,0,0,0,1
-0.25336083819082106,0.5440121998321898,0.2121533166836726,0,1,0,0,1,1,0,0,0,0
-0.3550931617012374,-1.253741929331373,2.634145328445595,1,0,0,0,1,0,0,0,0,1
-0.3316004258056521,0.5440121998321898,0.2121533166836726,1,0,0,0,1,1,0,0,0,1
0.3285998483077967,-0.35486486474959156,-0.272245085668712,0,0,1,0,0,0,1,0,0,1
-0.3496488031947337,-0.35486486474959156,0.2121533166836726,1,0,0,0,1,0,1,0,0,1
-0.3168382394632311,0.5440121998321898,-0.7566434880210966,1,0,0,1,0,0,0,0,0,1
0.02357456842205192,0.5440121998321898,-0.7566434880210966,1,0,0,1,0,1,0,0,0,1
-0.3387408311560622,0.5440121998321898,-0.7566434880210966,1,0,1,0,0,0,0,0,1,0
-0.3600497262242524,-1.253741929331373,-0.7566434880210966,0,0,0,0,0,0,0,0,0,1
0.5090996680533327,0.09457366754129916,0.2121533166836726,0,0,1,0,0,1,0,0,0,1
-0.3340137223555435,0.09457366754129916,0.2121533166836726,1,0,1,0,0,0,0,0,1,0
-0.3110617317640229,-0.8043033970404823,-0.7566434880210966,0,1,1,0,0,1,0,0,0,1
-0.1603590642335691,0.09457366754129916,-0.7566434880210966,1,0,0,0,1,0,0,0,1,0
-0.35027780069975856,-0.8043033970404823,-0.7566434880210966,1,0,0,0,1,0,0,0,1,0
-0.33883710628438235,-0.35486486474959156,-0.7566434880210966,1,0,0,0,0,0,0,1,0,0
-0.3197650033641633,0.9934507321230805,0.2121533166836726,1,0,0,0,1,0,1,0,0,1
-0.30157863162448945,-0.35486486474959156,-0.7566434880210966,1,0,0,1,0,1,0,0,0,1
-0.321010161690437,0.5440121998321898,0.2121533166836726,1,0,0,0,1,1,0,0,0,1
-0.04902650584416311,0.09457366754129916,0.6965517190360571,0,0,0,0,0,0,0,0,0,1
1.2339133899533694,0.5440121998321898,1.1809501213884417,0,1,0,0,0,0,0,0,0,1
-0.21767485729349043,0.9934507321230805,-0.7566434880210966,1,0,0,0,0,0,0,0,1,0
-0.3304451242658104,0.5440121998321898,0.2121533166836726,1,0,1,0,0,1,0,0,0,1
-0.2149791537005266,-0.35486486474959156,0.2121533166836726,0,1,1,0,0,1,0,0,0,1
-0.35596445161253465,-0.35486486474959156,0.2121533166836726,1,0,1,0,0,1,0,0,0,1
-0.3410032966715854,-0.8043033970404823,-0.7566434880210966,1,0,0,1,0,0,0,1,0,0
-0.3641863475710743,-0.35486486474959156,3.11854373079798,1,0,0,0,0,0,0,0,0,0
-0.17823093722073044,-0.35486486474959156,1.1809501213884417,0,1,1,0,0,1,0,0,0,1
1.3728223542646065,1.4428892644139713,-0.7566434880210966,1,0,0,0,1,1,0,0,0,1
-0.19562785290817913,0.9934507321230805,-0.7566434880210966,1,0,0,0,1,0,1,0,0,1
-0.3174158902331519,0.09457366754129916,-0.7566434880210966,1,0,0,0,1,1,0,0,0,1
-0.2192024226628366,0.09457366754129916,0.2121533166836726,1,0,0,1,0,0,1,0,0,1
-0.27537575086669225,0.09457366754129916,-0.7566434880210966,1,0,0,0,1,0,0,0,0,0
0.2523659925329686,0.09457366754129916,0.2121533166836726,1,0,1,0,0,1,0,1,0,0
-0.31509245046969264,1.4428892644139713,0.2121533166836726,1,0,0,0,0,0,0,0,1,0
-0.29552934439504086,-0.8043033970404823,-0.7566434880210966,1,0,0,1,0,0,0,0,0,1
-0.31334024313426617,-1.253741929331373,-0.7566434880210966,1,0,0,0,1,0,1,0,0,1
-0.06103522351662816,-0.35486486474959156,-0.7566434880210966,0,0,0,1,0,0,0,0,0,0
-0.20723863338358758,0.9934507321230805,0.2121533166836726,1,0,0,0,0,0,0,0,0,1
-0.15509602388540164,2.3417663289957527,-0.7566434880210966,1,0,0,0,0,0,0,0,0,1
-0.10208051989044638,-1.253741929331373,-0.7566434880210966,0,1,0,0,1,0,0,0,0,1
-0.3608680648149736,0.09457366754129916,-0.7566434880210966,1,0,0,0,1,0,0,0,0,1
-0.3088153121032197,-0.8043033970404823,-0.7566434880210966,0,0,0,0,1,1,0,0,1,0
-0.2196966349882133,-0.35486486474959156,-0.7566434880210966,1,0,0,0,1,0,0,0,0,1
-0.30801943770910656,0.09457366754129916,2.634145328445595,1,0,1,0,0,1,0,0,0,1
-0.20050579274306604,0.5440121998321898,-0.7566434880210966,1,0,0,0,0,0,1,0,0,1
-0.35450106966206857,-0.8043033970404823,0.2121533166836726,1,0,1,0,0,0,1,0,0,1
-0.36050863766924507,-1.253741929331373,0.2121533166836726,1,0,0,0,0,0,0,0,0,0
-0.340040545388384,-0.35486486474959156,-0.7566434880210966,1,0,1,0,0,1,0,0,0,1
-0.33270438061038965,-0.35486486474959156,0.2121533166836726,1,0,0,1,0,1,0,0,0,1
-0.321716179298118,-0.8043033970404823,-0.7566434880210966,1,0,0,1,0,0,0,0,1,0
-0.2683925948925384,1.892327796704862,0.2121533166836726,0,1,0,0,0,0,0,0,0,0
-0.3443729261627902,0.5440121998321898,0.2121533166836726,1,0,0,0,1,0,0,0,0,1
-0.17675792775743235,0.9934507321230805,-0.7566434880210966,0,1,1,0,0,0,0,0,1,0
-0.22637812889363074,-0.35486486474959156,0.2121533166836726,0,1,0,0,0,0,0,0,0,1
-0.1282192172293635,0.5440121998321898,-0.7566434880210966,0,1,0,0,0,0,0,0,0,1
1.0431827332383468,-0.8043033970404823,0.2121533166836726,0,1,1,0,0,0,0,0,0,1
0.06724175745712188,-0.8043033970404823,-0.272245085668712,0,0,1,0,0,0,0,0,0,1
-0.34991837355403005,-0.35486486474959156,0.2121533166836726,1,0,0,0,1,1,0,0,1,0
-0.33089440819797106,-0.35486486474959156,0.2121533166836726,1,0,0,0,0,0,0,0,0,1
-0.2893420628150001,-0.35486486474959156,0.2121533166836726,1,0,1,0,0,0,0,0,0,1
-0.272359130179328,2.3417663289957527,-0.7566434880210966,1,0,0,0,1,0,1,0,0,1
0.011613988313746935,-0.35486486474959156,0.2121533166836726,1,0,0,0,1,0,0,0,0,1
0.16540387829233313,-0.35486486474959156,-0.7566434880210966,0,0,0,0,0,0,0,0,1,0
-0.3549631902780052,-0.35486486474959156,-0.7566434880210966,1,0,0,0,1,0,0,0,0,1
-0.34803138103895537,-0.8043033970404823,-0.7566434880210966,1,0,0,0,0,0,0,0,1,0
-0.27518320061005197,0.5440121998321898,2.1497469260932105,0,0,0,0,0,1,0,0,0,1
-0.34674771266135357,-0.8043033970404823,0.2121533166836726,1,0,0,0,1,0,0,0,0,1
-0.3199832269883556,-0.8043033970404823,-0.7566434880210966,1,0,1,0,0,0,1,0,0,0
-0.20150063573570745,-0.35486486474959156,-0.7566434880210966,1,0,0,0,1,0,0,0,0,1
-0.3586088084703944,-0.8043033970404823,0.2121533166836726,1,0,0,0,0,0,1,0,0,1
-0.2431075370247265,0.5440121998321898,-0.7566434880210966,1,0,0,0,0,0,1,0,0,1
-0.2930775377938214,1.4428892644139713,0.2121533166836726,1,0,0,0,1,0,0,0,0,1
-0.3004457942812559,1.4428892644139713,3.11854373079798,1,0,0,0,0,1,0,0,0,0
-0.3133081514248261,-0.8043033970404823,-0.7566434880210966,1,0,0,1,0,0,0,0,0,1
-0.11214447997084469,0.09457366754129916,0.2121533166836726,0,1,0,0,1,1,0,0,0,0
-0.23204231560979882,-0.8043033970404823,0.6965517190360571,0,0,0,0,0,0,0,0,1,0
-0.3569849679727281,-0.8043033970404823,-0.7566434880210966,1,0,0,0,1,0,0,0,0,1
-0.3037769137211326,-0.8043033970404823,-0.7566434880210966,1,0,0,0,1,1,0,0,0,1
-0.36094508491762967,-0.8043033970404823,0.2121533166836726,1,0,1,0,0,1,0,0,0,1
-0.35534829079128577,-0.8043033970404823,-0.7566434880210966,1,0,1,0,0,0,1,0,1,0
-0.32344913160788047,-0.8043033970404823,-0.7566434880210966,0,0,0,0,1,1,0,0,1,0
-0.3643082960669465,-0.8043033970404823,0.2121533166836726,1,0,0,1,0,1,0,0,0,1
-0.3100989804808216,-0.35486486474959156,-0.7566434880210966,0,0,0,0,1,0,0,0,0,1
-0.3528066274036341,0.09457366754129916,0.2121533166836726,1,0,0,0,1,1,0,0,0,1
-0.26042101426763103,-0.35486486474959156,0.2121533166836726,1,0,0,0,0,0,0,0,0,1
-0.1282192172293635,0.5440121998321898,-0.7566434880210966,0,1,0,0,1,1,0,0,0,1
0.917986556370841,-0.8043033970404823,-0.7566434880210966,0,0,0,0,0,1,0,0,0,1
-0.36168961257663873,-0.8043033970404823,0.2121533166836726,1,0,0,1,0,1,0,0,0,1
-0.2680267494049219,2.3417663289957527,-0.7566434880210966,1,0,1,0,0,1,0,0,0,1
-0.34803138103895537,-0.8043033970404823,-0.7566434880210966,1,0,0,1,0,1,0,0,0,0
0.4012458509672278,-0.8043033970404823,0.2121533166836726,0,1,0,0,1,0,0,0,1,0
0.48594229052139587,0.9934507321230805,0.2121533166836726,0,0,0,0,1,0,0,0,0,1
0.11569382036970258,-0.8043033970404823,-0.7566434880210966,0,0,0,1,0,0,0,0,1,0
0.29701197870595986,-0.8043033970404823,-0.7566434880210966,1,0,1,0,0,0,1,0,0,1
-0.356182675236727,-1.253741929331373,0.2121533166836726,1,0,0,0,1,0,0,0,0,0
-0.30613244519403193,-0.35486486474959156,0.2121533166836726,1,0,0,0,1,0,0,0,0,1
-0.3465551624047133,0.5440121998321898,0.2121533166836726,1,0,0,0,1,0,0,0,0,1
0.5948198331386384,-0.35486486474959156,0.6965517190360571,0,0,0,0,0,0,0,0,0,1
-0.3460031850023445,-0.8043033970404823,2.1497469260932105,0,0,0,0,0,0,1,0,1,0
1.075155703353464,2.3417663289957527,-0.7566434880210966,0,1,1,0,0,1,0,0,0,0
-0.34032937077334446,-0.8043033970404823,-0.7566434880210966,1,0,0,0,1,1,0,0,0,1
-0.3044187479099335,0.9934507321230805,-0.7566434880210966,1,0,0,0,1,0,0,0,0,1
-0.34071447128662496,-0.8043033970404823,0.2121533166836726,0,1,0,0,1,0,1,0,0,0
-0.32792913424571085,-0.8043033970404823,0.2121533166836726,0,1,0,0,0,0,0,0,0,1
-0.3311639785572674,-0.35486486474959156,0.2121533166836726,0,1,0,1,0,0,0,1,0,0
-0.32073738216019665,-0.35486486474959156,-0.7566434880210966,0,1,0,1,0,0,0,0,0,1
-0.03629251553835303,3.240643393577534,-0.7566434880210966,1,0,0,0,0,0,0,0,0,1
-0.33931527275503903,-1.253741929331373,0.2121533166836726,0,1,0,0,0,0,0,0,0,1
-0.22637812889363074,-0.35486486474959156,0.2121533166836726,0,1,0,0,1,0,0,0,0,1
-0.18112240024127854,-0.8043033970404823,-0.7566434880210966,0,1,1,0,0,0,0,0,0,1
-0.3112542820206632,-0.35486486474959156,-0.7566434880210966,0,1,1,0,0,1,0,0,0,1
2.843328664226373,1.4428892644139713,-0.7566434880210966,0,0,0,0,0,0,1,0,1,0
-0.3438722954955255,-0.35486486474959156,0.2121533166836726,1,0,1,0,0,0,0,0,0,0
0.18428022178496795,-0.8043033970404823,0.2121533166836726,0,1,0,0,1,0,0,0,0,0
0.13819010868717455,-1.253741929331373,-0.7566434880210966,1,0,1,0,0,0,0,0,0,0
-0.3443729261627902,0.09457366754129916,-0.7566434880210966,1,0,0,0,0,0,1,0,0,1
0.40132608024082794,-0.35486486474959156,-0.7566434880210966,0,1,1,0,0,0,0,0,1,0
-0.35626290451032705,-0.35486486474959156,-0.7566434880210966,1,0,1,0,0,0,1,0,0,1
-0.02714637834794007,-0.35486486474959156,-0.7566434880210966,0,0,0,0,0,1,0,0,1,0
0.189251227577231,1.4428892644139713,0.6965517190360571,0,0,1,0,0,1,0,0,0,1
-0.34803138103895537,-0.8043033970404823,-0.7566434880210966,1,0,1,0,0,0,0,0,0,1
-0.27784039415168776,-0.8043033970404823,0.2121533166836726,1,0,0,0,0,0,0,0,0,1
-0.3016588608980896,1.4428892644139713,-0.7566434880210966,1,0,0,0,1,0,0,0,0,1
-0.34645246893450515,-0.35486486474959156,0.2121533166836726,1,0,0,0,1,1,0,0,1,0
1.462759369970334,0.5440121998321898,2.634145328445595,1,0,1,0,0,0,1,0,0,0
-0.30644052560465634,0.9934507321230805,-0.7566434880210966,1,0,0,0,1,0,0,0,0,1
-0.35483482344024503,0.5440121998321898,0.2121533166836726,1,0,0,0,1,1,0,0,0,0
-0.3414846723131861,0.09457366754129916,-0.7566434880210966,1,0,1,0,0,0,0,0,0,1
-0.3323192800971091,-0.35486486474959156,0.2121533166836726,0,0,0,0,1,0,0,0,0,1
-0.3037448220116925,-0.8043033970404823,-0.7566434880210966,0,0,0,0,0,0,1,0,0,1
0.39327106117137645,0.5440121998321898,-0.7566434880210966,0,1,0,0,1,0,0,0,0,0
-0.3587275477953225,-1.253741929331373,2.634145328445595,1,0,1,0,0,0,0,0,0,1
-0.1120931332357406,1.892327796704862,-0.7566434880210966,0,1,0,0,0,1,0,0,0,1
-0.3457977980619282,-0.35486486474959156,0.2121533166836726,1,0,0,0,0,0,0,1,0,0
-0.3518823861717608,-0.8043033970404823,-0.7566434880210966,1,0,0,0,1,1,0,0,0,1
-0.3438722954955255,-0.35486486474959156,0.2121533166836726,1,0,0,0,1,1,0,0,0,1
-0.35489579768818114,-1.253741929331373,3.11854373079798,1,0,0,0,0,0,1,0,1,0
-0.3463947038575131,-0.8043033970404823,-0.7566434880210966,0,1,1,0,0,0,0,0,0,1
-0.35034198411863865,0.09457366754129916,0.2121533166836726,1,0,1,0,0,0,0,0,1,0
-0.21616012860792025,1.4428892644139713,0.2121533166836726,1,0,0,0,1,0,0,0,0,1
-0.3385579084122539,2.3417663289957527,0.2121533166836726,1,0,0,0,0,0,0,0,0,1
0.16954370881009898,0.09457366754129916,0.2121533166836726,1,0,0,0,0,1,0,0,0,1
-0.28929071607989604,-0.8043033970404823,0.2121533166836726,1,0,1,0,0,0,1,0,0,1
1.221638311092552,0.9934507321230805,-0.7566434880210966,1,0,1,0,0,0,0,0,0,1
-0.3641799292291863,-1.253741929331373,3.11854373079798,1,0,0,0,0,0,0,0,0,1
-0.3511603227093598,-0.35486486474959156,-0.7566434880210966,1,0,1,0,0,0,1,0,0,1
0.1587223843869157,-0.35486486474959156,0.2121533166836726,0,1,0,0,0,1,0,0,1,0
-0.3510640475810397,-0.35486486474959156,-0.7566434880210966,1,0,1,0,0,0,0,0,0,1
-0.03191199719978683,-0.35486486474959156,-0.7566434880210966,0,1,0,1,0,0,0,0,0,1
-0.33483527011720865,-0.8043033970404823,2.1497469260932105,0,0,0,0,0,1,0,0,0,0
-0.3587179202824905,-0.8043033970404823,-0.7566434880210966,1,0,0,0,1,1,0,0,1,0
-0.27120382863948633,-0.35486486474959156,-0.7566434880210966,0,0,0,0,0,1,0,0,0,1
0.09329380718055083,0.09457366754129916,0.2121533166836726,0,1,1,0,0,0,0,0,0,1
-0.34995688360535815,0.09457366754129916,-0.7566434880210966,1,0,0,0,1,1,0,0,0,1
-0.3387247853013422,-0.8043033970404823,-0.7566434880210966,1,0,0,0,0,0,1,0,0,1
-0.1330297644744263,-0.35486486474959156,0.2121533166836726,0,1,0,0,1,0,1,1,0,0
-0.16998657706558273,0.5440121998321898,0.2121533166836726,1,0,1,0,0,1,0,1,0,0
0.4321309121323276,0.09457366754129916,0.2121533166836726,0,1,0,1,0,0,1,0,0,1
-0.2668521928394162,0.9934507321230805,2.1497469260932105,0,0,0,0,0,0,0,0,0,1
-0.11992351033911171,0.5440121998321898,0.2121533166836726,1,0,0,0,1,0,0,0,1,0
-0.3492123559463491,-0.8043033970404823,0.2121533166836726,1,0,0,0,0,1,0,0,0,0
-0.30628648539934417,-0.35486486474959156,2.1497469260932105,0,0,0,0,0,0,0,0,0,1
-0.3468760794991137,-0.8043033970404823,-0.7566434880210966,1,0,0,0,1,1,0,0,1,0
1.8290766057156218,0.9934507321230805,2.634145328445595,1,0,1,0,0,0,0,0,0,0
-0.33033601245371425,-0.8043033970404823,1.1809501213884417,0,1,1,0,0,1,0,0,0,1
-0.10041175099956402,3.6900819258684248,-0.7566434880210966,0,1,0,0,0,0,0,0,1,0
0.4718476117353279,0.5440121998321898,0.2121533166836726,0,0,0,1,0,1,0,0,0,1
0.40892218786528667,0.9934507321230805,0.2121533166836726,0,0,0,0,1,0,0,0,0,1
0.8522306437281877,0.5440121998321898,3.11854373079798,1,0,0,0,0,1,0,0,0,1
-0.2933952457172779,-0.35486486474959156,-0.7566434880210966,1,0,1,0,0,1,0,0,0,0
-0.20037742590530586,-0.8043033970404823,-0.7566434880210966,0,1,1,0,0,0,1,0,1,0
-0.21101261841373695,-0.35486486474959156,0.2121533166836726,1,0,0,0,1,0,0,1,0,0
-0.011992673150350588,-0.8043033970404823,0.2121533166836726,0,1,0,0,0,0,1,0,1,0
-0.34762060715812276,0.09457366754129916,0.2121533166836726,1,0,0,0,0,0,0,0,0,1
-0.3509838183074396,0.5440121998321898,0.2121533166836726,1,0,1,0,0,0,0,0,0,0
-0.3637723645192977,-1.253741929331373,-0.7566434880210966,1,0,1,0,0,1,0,0,0,1
-0.30531410660331076,2.3417663289957527,3.11854373079798,1,0,0,0,0,0,0,0,0,1
-0.2372828917613582,-0.8043033970404823,-0.7566434880210966,1,0,0,0,1,0,0,0,0,1
-0.3664584405994295,-0.35486486474959156,3.11854373079798,1,0,0,0,0,0,0,0,0,1
-0.34895562227082866,-0.35486486474959156,3.11854373079798,1,0,0,0,0,0,0,0,0,1
-0.05399109329453815,1.4428892644139713,-0.7566434880210966,1,0,1,0,0,1,0,0,0,1
-0.04539372433554994,0.09457366754129916,0.2121533166836726,0,1,0,0,1,0,0,0,1,0
0.2073124416500886,-0.35486486474959156,0.6965517190360571,0,0,0,0,0,0,0,0,0,1
1.5374207319825999,2.3417663289957527,2.634145328445595,0,1,1,0,0,1,0,0,0,1
-0.12505818384951903,0.09457366754129916,-0.7566434880210966,1,0,0,0,0,1,0,0,0,1
-0.3612660020120302,-0.8043033970404823,2.1497469260932105,0,0,0,0,0,0,0,0,1,0
-0.25591533826224866,-0.8043033970404823,0.2121533166836726,1,0,0,0,0,0,1,0,1,0
-0.28837931153179874,-0.35486486474959156,0.2121533166836726,1,0,0,0,0,0,0,0,0,1
-0.3221012798113986,0.09457366754129916,-0.7566434880210966,0,0,0,1,0,1,0,0,0,0
-0.3438722954955255,-0.35486486474959156,0.2121533166836726,1,0,0,0,0,0,0,1,0,0
-0.04797389777452961,0.09457366754129916,-0.7566434880210966,0,1,0,0,0,0,0,0,0,1
-0.16199574141501139,-0.8043033970404823,-0.7566434880210966,0,0,0,0,1,0,0,0,0,0
-0.1464954457554694,0.09457366754129916,-0.7566434880210966,1,0,0,0,0,1,0,0,0,1
-0.15384444721723986,-0.8043033970404823,-0.7566434880210966,0,1,1,0,0,0,0,0,0,0
0.016225566960281473,-0.35486486474959156,-0.7566434880210966,0,1,1,0,0,0,0,0,0,0
-0.3501365971782224,-0.8043033970404823,0.2121533166836726,1,0,0,0,1,0,0,0,1,0
0.9552354035179018,2.3417663289957527,0.6965517190360571,0,0,0,0,0,1,0,0,0,0
-0.028911422367142565,1.892327796704862,-0.7566434880210966,0,0,0,0,1,0,1,0,0,0
-0.35833281976921,-0.35486486474959156,-0.7566434880210966,1,0,0,0,0,1,0,0,0,1
-0.325214175627083,-1.253741929331373,-0.7566434880210966,1,0,1,0,0,0,0,0,0,1
-0.13788203094176119,2.3417663289957527,0.2121533166836726,0,1,0,1,0,0,0,0,0,1
-0.33423194597973577,1.4428892644139713,-0.7566434880210966,1,0,0,0,0,0,1,0,0,0
-0.28929071607989604,-0.8043033970404823,0.2121533166836726,1,0,1,0,0,0,1,0,0,1
-0.3459518382672404,-0.35486486474959156,0.2121533166836726,1,0,0,0,1,0,0,0,0,1
-0.349892700186478,0.09457366754129916,-0.7566434880210966,1,0,0,0,1,0,0,0,1,0
-0.3330638077561181,1.4428892644139713,2.1497469260932105,0,0,0,0,0,1,0,0,0,0
-0.3651426805123877,-0.8043033970404823,3.11854373079798,1,0,0,0,0,0,0,0,0,1
-0.3142388109985874,-0.35486486474959156,-0.7566434880210966,1,0,0,0,0,1,0,0,0,0
-0.3277750940403986,-0.8043033970404823,0.2121533166836726,1,0,0,0,1,1,0,0,1,0
0.21259794619486408,-0.35486486474959156,0.2121533166836726,0,0,0,0,1,1,0,1,0,0
0.21243427847671986,0.9934507321230805,0.6965517190360571,0,0,0,0,0,0,0,0,0,1
-0.3609194115500777,-0.8043033970404823,0.2121533166836726,0,0,0,1,0,1,0,0,0,1
-0.3123967468767288,0.09457366754129916,0.2121533166836726,0,1,0,1,0,0,0,0,0,1
-0.32723595332180583,0.5440121998321898,0.2121533166836726,1,0,1,0,0,0,0,0,0,1
-0.2225271237608253,-0.35486486474959156,0.2121533166836726,0,1,0,0,1,1,0,0,0,0
4.444849377977125,0.5440121998321898,-0.7566434880210966,0,1,0,0,1,0,1,0,0,1
0.1355778435387548,-0.35486486474959156,0.2121533166836726,0,0,0,1,0,0,0,0,0,0
-0.36409007244275415,-1.253741929331373,0.2121533166836726,1,0,0,1,0,0,1,0,0,1
-0.36450405549453074,-0.35486486474959156,3.11854373079798,1,0,0,0,0,0,0,0,0,1
-0.3319855263189326,1.4428892644139713,-0.7566434880210966,1,0,0,1,0,1,0,0,1,0
0.16232788794250483,1.4428892644139713,1.423149322564634,0,0,0,1,0,0,0,0,0,1
-0.3483908081846839,0.09457366754129916,0.2121533166836726,1,0,0,0,0,0,0,0,0,1
-0.329418189563729,-0.8043033970404823,-0.7566434880210966,1,0,0,0,0,0,1,0,0,1
-0.35083940561495935,-1.253741929331373,-0.7566434880210966,1,0,1,0,0,0,0,0,0,0
0.8666237754120482,0.5440121998321898,-0.7566434880210966,0,1,0,0,0,0,0,0,0,1
-0.34591332821591236,1.4428892644139713,-0.7566434880210966,1,0,0,0,1,1,0,0,0,1
-0.36745970193395894,-1.253741929331373,2.634145328445595,1,0,1,0,0,0,0,1,0,0
-0.15618714200636316,0.09457366754129916,-0.7566434880210966,0,1,0,0,0,0,0,0,0,1
-0.27259981800012834,-0.35486486474959156,-0.7566434880210966,0,1,1,0,0,0,1,0,0,0
-0.3583007280597699,-0.8043033970404823,-0.7566434880210966,1,0,0,0,0,0,1,0,0,1
-0.29966917491280676,0.5440121998321898,-0.7566434880210966,1,0,0,0,1,0,0,0,0,1
-0.3475179136879146,-0.8043033970404823,-0.7566434880210966,0,0,0,1,0,0,1,0,0,1
-0.34556673775395985,-0.35486486474959156,0.2121533166836726,1,0,0,1,0,0,0,0,0,1
-0.34052192102998474,-0.35486486474959156,-0.7566434880210966,1,0,0,0,1,0,0,0,1,0
-0.3154101583931491,-1.253741929331373,-0.7566434880210966,1,0,0,0,1,0,0,0,1,0
-0.31067663125074235,-1.253741929331373,-0.7566434880210966,0,1,0,0,1,0,0,0,0,1
-0.3074161135716338,0.09457366754129916,0.2121533166836726,0,1,0,0,0,0,1,0,0,1
0.0006771337365794131,-0.35486486474959156,0.2121533166836726,0,0,0,0,1,0,0,0,0,1
0.31170356328761273,0.9934507321230805,0.6965517190360571,0,0,0,0,0,0,0,0,0,0
0.03223932997086418,0.5440121998321898,-0.7566434880210966,0,1,0,1,0,0,0,0,0,1
-0.3390007740025266,-0.8043033970404823,2.634145328445595,1,0,1,0,0,0,0,0,1,0
-0.26327717640779513,3.240643393577534,-0.7566434880210966,1,0,1,0,0,1,0,0,0,1
-0.25117860194889796,0.9934507321230805,-0.7566434880210966,0,0,0,0,1,0,1,0,0,1
-0.2882252713264865,1.4428892644139713,1.1809501213884417,0,1,1,0,0,0,0,0,0,1
0.16502519612094063,-1.253741929331373,0.2121533166836726,1,0,1,0,0,1,0,0,0,0
-0.29662046251600244,-0.35486486474959156,-0.7566434880210966,0,1,0,0,1,1,0,0,0,1
-0.3631273211595528,-0.35486486474959156,0.2121533166836726,1,0,0,0,0,1,0,0,0,1
-0.34822393129559565,-0.35486486474959156,-0.7566434880210966,1,0,0,0,1,0,0,0,0,1
-0.3285196216994077,0.5440121998321898,0.2121533166836726,1,0,0,0,1,0,0,0,1,0
-0.3212283853146294,0.09457366754129916,0.2121533166836726,1,0,0,0,0,1,0,0,0,0
-0.28704108724814886,-0.35486486474959156,-0.7566434880210966,0,1,0,0,0,0,0,0,0,1
-0.35782256158911324,0.9934507321230805,2.634145328445595,1,0,1,0,0,0,0,0,0,1
2.2786589907740518,0.5440121998321898,-0.7566434880210966,0,1,0,0,1,1,0,0,0,1
-0.35773591397362514,-0.35486486474959156,0.2121533166836726,1,0,1,0,0,0,0,0,0,0
-0.31322792215122597,-0.35486486474959156,-0.7566434880210966,1,0,1,0,0,0,0,0,0,0
-0.33670942594850733,2.3417663289957527,0.2121533166836726,1,0,0,1,0,0,0,0,0,0
-0.08001586506494306,-0.35486486474959156,2.634145328445595,0,1,0,0,1,0,0,0,0,0
-0.36627230868467725,-0.8043033970404823,3.11854373079798,1,0,0,0,0,0,0,0,0,1
-0.19720034667074138,-0.8043033970404823,-0.7566434880210966,1,0,0,0,1,0,0,0,0,1
-0.35842909489753016,-1.253741929331373,-0.7566434880210966,1,0,0,0,0,1,0,0,0,0
-0.30885382215454776,1.892327796704862,0.2121533166836726,1,0,1,0,0,0,0,1,0,0
-0.2193596720390928,2.3417663289957527,-0.7566434880210966,1,0,1,0,0,0,0,1,0,0
-0.3624341402356478,-1.253741929331373,0.2121533166836726,1,0,1,0,0,0,0,0,0,1
-0.3659578099321648,-0.35486486474959156,3.11854373079798,1,0,0,0,0,0,0,0,0,1
-0.1195705015352712,0.9934507321230805,-0.7566434880210966,0,1,0,0,0,0,0,0,1,0
-0.2918837262026517,-0.35486486474959156,0.2121533166836726,1,0,0,0,0,0,0,0,0,0
-0.29029839575631344,-1.253741929331373,-0.7566434880210966,1,0,0,0,1,0,0,1,0,0
-0.313949985613627,0.5440121998321898,-0.7566434880210966,1,0,0,1,0,0,0,0,0,0
-0.25858536848766045,-0.8043033970404823,0.2121533166836726,0,0,0,0,1,0,1,0,0,1
-0.34485430180439086,-0.35486486474959156,-0.7566434880210966,1,0,1,0,0,0,0,0,0,1
-0.3500852504431183,-0.8043033970404823,-0.7566434880210966,1,0,0,0,1,1,0,0,0,1
0.08700383213030187,2.7912048612866434,0.2121533166836726,1,0,1,0,0,0,1,0,0,1
0.0008311739418916375,-0.35486486474959156,0.2121533166836726,0,1,0,0,1,1,0,0,0,0
-0.3641895567420183,-1.253741929331373,3.11854373079798,1,0,0,0,0,0,0,0,0,0
-0.32595228494420403,0.5440121998321898,0.2121533166836726,1,0,0,0,0,0,0,0,0,1
0.5358513170425547,0.09457366754129916,0.2121533166836726,1,0,1,0,0,0,1,0,0,1
-0.2308645498733491,-1.253741929331373,-0.7566434880210966,0,0,0,1,0,0,0,0,0,1
-0.36273259313344025,-1.253741929331373,3.11854373079798,1,0,0,0,0,0,0,1,0,0
0.03519176723934837,-0.35486486474959156,-0.7566434880210966,1,0,0,1,0,0,1,0,0,1
-0.34991837355403005,-0.35486486474959156,0.2121533166836726,1,0,0,0,0,0,1,0,0,1
1.1662236308998588,1.4428892644139713,0.7934313995065341,0,0,0,0,0,0,0,0,0,1
-0.329418189563729,-0.8043033970404823,-0.7566434880210966,1,0,0,0,1,0,0,0,0,1
0.35254347272101466,-0.8043033970404823,0.2121533166836726,0,0,1,0,0,0,0,0,0,1
-0.13057795787320683,-0.8043033970404823,0.2121533166836726,0,1,0,0,0,0,0,0,0,1
-0.23195566799431067,-0.8043033970404823,-0.7566434880210966,0,0,1,0,0,0,1,1,0,0
-0.3436412351875571,-0.35486486474959156,0.2121533166836726,1,0,0,0,1,1,0,0,0,1
-0.24052415441480288,-0.8043033970404823,-0.7566434880210966,1,0,1,0,0,1,0,0,0,1
-0.30509267380817445,0.5440121998321898,0.2121533166836726,1,0,0,1,0,1,0,0,0,1
-0.35596445161253465,-0.35486486474959156,0.2121533166836726,1,0,0,0,0,0,0,0,0,1
-0.3064084338952163,0.5440121998321898,-0.7566434880210966,1,0,0,0,0,0,0,0,0,0
-0.3474152202177065,-0.8043033970404823,0.2121533166836726,1,0,0,0,0,0,0,0,0,1
-0.3089436789409799,-0.35486486474959156,-0.7566434880210966,1,0,0,0,1,0,0,0,0,1
-0.09548246442957302,-0.35486486474959156,0.2121533166836726,0,0,0,1,0,1,0,0,0,1
-0.3569849679727281,-0.8043033970404823,-0.7566434880210966,1,0,0,0,1,0,0,1,0,0
-0.35842909489753016,-1.253741929331373,-0.7566434880210966,1,0,1,0,0,0,0,0,0,1
-0.3624341402356478,-1.253741929331373,0.2121533166836726,1,0,0,0,0,0,0,0,1,0
-0.20477399009859212,0.09457366754129916,0.2121533166836726,0,1,0,0,1,0,0,0,0,1
-0.10174355694132593,0.5440121998321898,-0.7566434880210966,1,0,1,0,0,0,1,0,0,1
-0.3600465170533084,0.9934507321230805,0.2121533166836726,1,0,0,0,0,0,0,0,0,0
0.6523442223099201,-0.35486486474959156,0.2121533166836726,1,0,0,0,1,0,0,0,0,1
-0.10573897476661157,0.5440121998321898,0.2121533166836726,1,0,0,0,0,0,1,0,0,0
-0.05333321325101722,-0.8043033970404823,-0.7566434880210966,1,0,0,1,0,0,0,0,0,0
-0.23537664422061952,0.09457366754129916,0.2121533166836726,1,0,0,0,1,0,0,0,0,1
-0.329418189563729,-0.8043033970404823,-0.7566434880210966,1,0,0,1,0,0,0,0,1,0
-0.31388580219474693,1.892327796704862,-0.7566434880210966,1,0,0,0,1,0,0,0,0,1
-0.32541314422561124,-0.8043033970404823,0.2121533166836726,1,0,0,0,0,1,0,0,0,1
0.2680652567910388,0.09457366754129916,-0.7566434880210966,0,0,1,0,0,0,0,0,0,1
-0.1621241082527716,-0.35486486474959156,-0.7566434880210966,0,0,1,0,0,0,1,0,0,1
0.17992698139942573,-0.35486486474959156,2.634145328445595,0,1,1,0,0,1,0,1,0,0
-0.35557293275736607,-0.8043033970404823,-0.7566434880210966,1,0,1,0,0,0,0,0,0,1
-0.30671330513489675,1.4428892644139713,-0.7566434880210966,1,0,0,1,0,0,0,0,0,0
0.02270167392528266,-0.8043033970404823,0.6965517190360571,0,0,1,0,0,0,0,0,0,1
-0.32723595332180583,0.09457366754129916,-0.7566434880210966,1,0,0,0,1,0,0,0,0,1
-0.29577324138678524,-0.35486486474959156,0.2121533166836726,1,0,0,1,0,0,0,0,1,0
-0.2868003994273485,0.09457366754129916,-0.7566434880210966,1,0,1,0,0,1,0,0,0,1
-0.15304215448123873,0.09457366754129916,-0.7566434880210966,1,0,0,0,1,1,0,0,0,1
-0.3551172304833174,0.09457366754129916,0.2121533166836726,0,0,0,0,1,0,1,0,0,1
0.1336908510236801,-0.8043033970404823,1.1809501213884417,0,0,1,0,0,1,0,0,1,0
-0.34210083313443496,-0.35486486474959156,0.2121533166836726,1,0,1,0,0,0,1,0,0,1
-0.35364743019096334,-0.8043033970404823,-0.7566434880210966,0,0,0,0,1,0,0,0,0,0
0.0200476895545909,-0.35486486474959156,0.2121533166836726,0,0,0,1,0,0,0,0,0,1
0.30968178559288984,-0.35486486474959156,0.2121533166836726,1,0,1,0,0,0,0,0,0,0
-0.26870067530316283,0.9934507321230805,0.2121533166836726,0,1,0,0,0,1,0,0,1,0
-0.2790213690590814,-1.253741929331373,0.2121533166836726,0,0,0,1,0,1,0,1,0,0
0.11636132792605552,-0.35486486474959156,0.2121533166836726,0,1,0,0,1,0,0,0,0,1
-0.30338539486596405,-1.253741929331373,0.2121533166836726,0,0,0,0,1,0,1,0,0,1
-0.36374348198080164,-0.8043033970404823,3.11854373079798,1,0,0,0,0,0,0,0,0,1
-0.3406374511839689,-0.8043033970404823,0.2121533166836726,1,0,0,0,1,0,0,0,0,1
-0.3212027119470773,1.4428892644139713,-0.7566434880210966,1,0,0,0,0,1,0,0,0,1
-0.3367671910254994,-0.8043033970404823,-0.7566434880210966,0,1,1,0,0,0,0,0,0,1
0.08036726661810051,1.4428892644139713,0.2121533166836726,0,1,0,0,0,0,0,0,0,1
-0.2796118565127783,0.09457366754129916,-0.7566434880210966,1,0,1,0,0,0,0,0,0,1
-0.29569622128412915,-0.35486486474959156,0.2121533166836726,1,0,1,0,0,0,0,1,0,0
-0.31306746360402576,0.5440121998321898,-0.7566434880210966,0,1,0,1,0,1,0,0,0,0
-0.013956685768081359,0.09457366754129916,-0.7566434880210966,1,0,0,0,0,0,0,1,0,0
-0.21663187673668893,0.5440121998321898,-0.7566434880210966,1,0,1,0,0,0,0,0,0,0
0.4306739485237495,1.4428892644139713,-0.7566434880210966,0,0,0,0,0,0,0,1,0,0
-0.34803138103895537,-0.8043033970404823,-0.7566434880210966,1,0,1,0,0,1,0,0,1,0
-0.3424089135450594,1.4428892644139713,0.2121533166836726,1,0,0,0,0,1,0,0,0,1
-0.3610734517553899,-1.253741929331373,0.2121533166836726,1,0,0,0,0,0,0,0,1,0
0.3638076627344707,-0.8043033970404823,2.634145328445595,1,0,1,0,0,0,0,0,0,1
1.2357265715367318,-0.8043033970404823,-0.7566434880210966,0,1,0,0,0,0,1,0,1,0
-0.30987754768568526,-1.253741929331373,1.1809501213884417,0,1,1,0,0,1,0,0,0,1
0.0585577408826455,-0.35486486474959156,0.2121533166836726,0,0,0,0,1,1,0,0,0,1
-0.3174158902331519,-0.35486486474959156,-0.7566434880210966,0,0,0,0,1,0,0,0,0,1
-0.35599012498008664,-0.8043033970404823,-0.7566434880210966,1,0,0,0,1,1,0,0,0,1
-0.2685466350978506,-0.8043033970404823,0.2121533166836726,1,0,0,0,1,0,0,0,0,0
0.1141213266071404,-1.253741929331373,-0.7566434880210966,0,0,0,1,0,0,0,0,1,0
-0.2549493778081033,0.5440121998321898,3.11854373079798,1,0,0,0,0,0,1,1,0,0
-0.3345913731254643,1.4428892644139713,0.2121533166836726,1,0,0,0,1,1,0,0,1,0
-0.3325503404050774,-0.35486486474959156,2.1497469260932105,0,0,0,0,0,1,0,0,0,1
0.2729431966259257,0.5440121998321898,0.2121533166836726,0,1,0,0,1,0,0,0,1,0
-0.3434101748795888,-0.8043033970404823,0.2121533166836726,1,0,0,0,0,1,0,0,0,1
-0.35886554214591476,-0.8043033970404823,0.2121533166836726,1,0,1,0,0,0,0,0,0,1
-0.3331568737134943,-1.253741929331373,-0.7566434880210966,0,0,1,0,0,0,0,0,0,1
-0.3144313612552277,0.5440121998321898,-0.7566434880210966,1,0,0,0,0,0,0,0,1,0
-0.044764726830525056,-0.8043033970404823,-0.7566434880210966,0,0,0,0,0,1,0,0,0,1
0.7950496358479147,0.09457366754129916,0.2121533166836726,0,0,0,0,1,0,0,0,0,1
-0.3535479458916992,-1.253741929331373,2.634145328445595,1,0,1,0,0,1,0,0,0,1
-0.007320120255879949,-0.8043033970404823,0.2121533166836726,0,0,0,1,0,0,0,0,1,0
0.8249655273879251,-0.8043033970404823,1.1809501213884417,0,1,1,0,0,0,1,0,1,0
1.4894757180791718,0.09457366754129916,-0.7566434880210966,1,0,0,0,1,1,0,0,0,1
0.12041130165738927,0.5440121998321898,-0.7566434880210966,1,0,0,0,1,0,0,0,0,1
-0.32482907511380243,-0.35486486474959156,-0.7566434880210966,0,0,1,0,0,1,0,0,0,1
-0.3587756853594826,-0.35486486474959156,0.2121533166836726,1,0,0,1,0,0,0,0,0,1
-0.30262803052317894,0.9934507321230805,2.634145328445595,1,0,1,0,0,0,0,0,1,0
1.4379685244278988,-0.35486486474959156,-0.7566434880210966,1,0,0,1,0,1,0,0,1,0
-0.20852872010307744,0.5440121998321898,-0.7566434880210966,1,0,1,0,0,0,1,0,0,1
-0.18269489400384079,1.892327796704862,-0.7566434880210966,0,1,0,0,1,1,0,0,0,1
-0.32646575229524477,0.5440121998321898,-0.7566434880210966,1,0,0,0,1,0,1,1,0,0
2.4871748728607477,0.5440121998321898,-0.7566434880210966,0,0,1,0,0,1,0,1,0,0
-0.14508341054010743,-0.35486486474959156,0.2121533166836726,1,0,1,0,0,0,0,0,1,0
4.130302487900519,0.5440121998321898,0.2121533166836726,0,0,0,0,1,0,0,0,0,0
-0.02714637834794007,-0.35486486474959156,-0.7566434880210966,0,0,0,0,0,0,1,0,0,1
0.04527177317446669,-0.35486486474959156,0.2121533166836726,0,0,0,1,0,0,1,0,0,1
-0.3582686363503299,-0.8043033970404823,-0.7566434880210966,1,0,0,0,1,0,1,0,0,1
-0.31035571415634194,0.09457366754129916,-0.7566434880210966,1,0,0,0,1,0,0,0,0,1
0.36103493903885076,1.4428892644139713,-0.7566434880210966,1,0,0,0,1,0,0,0,0,1
-0.3047075732948939,0.5440121998321898,0.2121533166836726,0,1,0,0,1,1,0,0,1,0
-0.2573081184519466,0.5440121998321898,-0.7566434880210966,1,0,0,1,0,0,1,1,0,0
-0.2042091760124473,-1.253741929331373,0.2121533166836726,0,0,0,1,0,0,0,0,0,1
-0.05307006123360886,-0.8043033970404823,0.2121533166836726,0,0,0,1,0,0,0,0,0,1
-0.1634655417073655,-0.8043033970404823,0.2121533166836726,0,1,1,0,0,0,0,0,0,0
-0.3151052871534687,-0.8043033970404823,-0.7566434880210966,1,0,0,0,0,0,0,0,0,1
0.03958191309074663,-1.253741929331373,1.1809501213884417,0,0,1,0,0,1,0,0,0,1
-0.28696727631643676,1.4428892644139713,0.2121533166836726,1,0,0,0,1,0,0,0,0,1
-0.2798044067694186,-1.253741929331373,-0.7566434880210966,1,0,1,0,0,1,0,0,0,1
-0.31006047042949353,1.892327796704862,2.634145328445595,1,0,0,0,1,1,0,0,0,1
-0.35090679820478343,-0.8043033970404823,0.2121533166836726,1,0,0,0,0,0,0,0,0,1
-0.027371020314020368,-0.8043033970404823,-0.7566434880210966,0,1,1,0,0,0,0,0,0,1
0.8921848219810444,0.9934507321230805,-0.7566434880210966,0,0,1,0,0,1,0,0,1,0
-0.33955916974678335,-0.35486486474959156,3.11854373079798,1,0,0,0,0,0,0,0,1,0
-0.28086985152282806,-0.35486486474959156,0.2121533166836726,1,0,1,0,0,1,0,0,0,1
-0.3650913337772836,-0.8043033970404823,2.1497469260932105,0,0,0,0,0,0,0,0,0,1
-0.17419059100222872,-0.8043033970404823,-0.7566434880210966,0,0,0,0,0,0,0,0,0,1
-0.36374348198080164,-0.35486486474959156,2.634145328445595,1,0,1,0,0,0,0,0,0,1
-0.2109741083624089,-0.35486486474959156,0.2121533166836726,1,0,1,0,0,1,0,0,0,1
-0.31289095920210547,1.4428892644139713,-0.7566434880210966,1,0,1,0,0,0,0,0,0,1
-0.2857895105799871,-1.253741929331373,-0.7566434880210966,0,0,0,0,1,0,0,0,0,0
-0.28859753515599107,-0.8043033970404823,-0.7566434880210966,0,1,0,0,1,0,0,0,1,0
-0.35134324545316803,-0.8043033970404823,0.2121533166836726,1,0,1,0,0,0,1,0,0,1
0.011613988313746935,-0.35486486474959156,0.2121533166836726,1,0,0,0,0,1,0,0,0,0
3.481536489860558,1.892327796704862,-0.7566434880210966,0,1,1,0,0,0,1,0,0,0
-0.33195343460949256,-1.253741929331373,-0.7566434880210966,1,0,0,0,1,1,0,0,0,0
-0.24058833783368289,0.09457366754129916,-0.7566434880210966,1,0,1,0,0,0,0,0,0,1
-0.03234523527722746,-0.8043033970404823,-0.7566434880210966,1,0,0,0,1,1,0,0,0,0
-0.3444692012911103,-0.35486486474959156,-0.7566434880210966,1,0,0,1,0,0,1,0,0,0
-0.3131797845870659,0.9934507321230805,-0.7566434880210966,1,0,0,0,1,1,0,0,0,1
-0.13458942155321255,-0.8043033970404823,1.665348523740826,0,0,0,0,1,0,0,0,1,0
-0.234298362783434,1.892327796704862,0.2121533166836726,1,0,0,0,0,0,0,0,0,0
-0.03250569382442768,0.5440121998321898,0.2121533166836726,1,0,0,0,1,0,0,1,0,0
-0.3022814400612264,1.892327796704862,0.2121533166836726,1,0,1,0,0,0,0,0,0,1
0.609938237455844,0.09457366754129916,0.6965517190360571,0,0,0,0,0,0,0,0,0,1
-0.29077977139791417,-0.8043033970404823,0.2121533166836726,1,0,0,0,1,1,0,0,0,1
-0.3649565485976354,-1.253741929331373,2.634145328445595,1,0,1,0,0,0,0,0,0,1
-0.26741700692556103,0.5440121998321898,-0.7566434880210966,0,0,1,0,0,0,1,0,0,0
-0.1796750641455325,-1.253741929331373,-0.272245085668712,0,0,1,0,0,0,0,0,0,0
-0.26131958213195233,0.5440121998321898,-0.7566434880210966,0,0,0,0,0,0,0,0,0,0
-0.3429031258704361,1.4428892644139713,2.1497469260932105,0,0,0,0,0,1,0,0,0,1
-0.23420208765511386,2.7912048612866434,-0.7566434880210966,1,0,0,0,0,0,0,0,0,0
-0.3016749067528096,0.5440121998321898,-0.7566434880210966,0,0,0,0,0,0,0,0,0,0
0.3791635457015325,1.4428892644139713,1.1809501213884417,0,1,1,0,0,1,0,0,0,1
-0.33878896872022224,0.5440121998321898,0.2121533166836726,1,0,0,0,1,0,0,0,0,1
-0.3070181763745772,-0.35486486474959156,2.634145328445595,1,0,0,1,0,0,0,0,0,1
-0.347774647363435,0.09457366754129916,-0.7566434880210966,1,0,0,1,0,1,0,0,1,0
-0.35842909489753016,-1.253741929331373,-0.7566434880210966,1,0,0,0,1,0,0,0,0,1
-0.3500852504431183,-0.8043033970404823,0.2121533166836726,1,0,0,0,1,0,0,0,0,0
-0.35413522417445203,-0.35486486474959156,3.11854373079798,1,0,0,0,0,1,0,0,0,1
0.09580979720065037,-0.8043033970404823,0.2121533166836726,0,0,0,1,0,1,0,0,0,1
-0.32906518075988844,0.9934507321230805,-0.7566434880210966,1,0,0,1,0,1,0,0,0,1
-0.34567745415152806,-0.35486486474959156,2.634145328445595,1,0,1,0,0,0,0,0,0,0
-0.18295162767936113,1.892327796704862,-0.7566434880210966,1,0,0,0,0,1,0,0,0,1
0.1965970198680574,-0.8043033970404823,-0.7566434880210966,1,0,0,0,1,0,0,0,1,0
-0.3443087427439101,-0.8043033970404823,-0.7566434880210966,1,0,0,0,1,0,0,0,0,1
-0.29276945738319693,0.5440121998321898,-0.7566434880210966,0,0,0,0,0,0,1,0,0,1
-0.356182675236727,0.5440121998321898,2.1497469260932105,0,0,0,0,0,0,0,1,0,0
1.7452017139231188,0.9934507321230805,-0.272245085668712,0,0,1,0,0,0,0,0,0,1
-0.22443016213061998,-1.253741929331373,-0.7566434880210966,0,0,0,0,0,0,0,0,0,1
-0.26492989944395745,0.5440121998321898,-0.7566434880210966,1,0,0,0,0,0,0,0,0,1
-0.13338598244921082,-0.35486486474959156,-0.7566434880210966,1,0,0,1,0,1,0,0,0,0
1.1473941413030064,1.4428892644139713,-0.7566434880210966,0,1,0,0,0,0,0,0,0,1
-0.34701728302064994,-0.8043033970404823,2.1497469260932105,0,0,0,0,0,0,0,0,0,1
-0.35173797347928065,-0.35486486474959156,-0.7566434880210966,1,0,1,0,0,0,0,0,0,0
-0.3512405519829599,0.09457366754129916,-0.7566434880210966,1,0,0,1,0,1,0,0,0,1
-0.34252444369904356,-0.8043033970404823,3.11854373079798,1,0,0,0,0,0,0,0,0,0
-0.26274445403109037,0.09457366754129916,2.1497469260932105,0,0,0,0,0,0,0,0,0,1
-0.1698068634927185,0.09457366754129916,0.2121533166836726,1,0,0,0,0,0,0,0,0,1
0.06755625620963428,0.09457366754129916,-0.7566434880210966,0,1,0,1,0,0,0,0,0,1
0.9764255592611639,-0.8043033970404823,-0.7566434880210966,1,0,0,0,0,0,1,0,0,1
-0.054905707013579476,0.09457366754129916,-0.7566434880210966,1,0,1,0,0,0,1,0,0,1
0.349937625914483,1.4428892644139713,0.2121533166836726,0,1,0,0,1,0,0,1,0,0
-0.3654379242392361,-0.8043033970404823,3.11854373079798,1,0,0,0,0,0,0,0,0,1
-0.29361667851241413,1.4428892644139713,0.2121533166836726,0,0,0,0,1,0,1,0,0,1
-0.19499243706126623,0.9934507321230805,0.2121533166836726,1,0,1,0,0,0,0,0,0,0
1.248561650727278,-0.35486486474959156,0.6965517190360571,0,1,0,0,0,0,1,0,1,0
-0.24434306783816828,2.3417663289957527,-0.7566434880210966,1,0,1,0,0,1,0,0,0,0
-0.28564509788750686,1.892327796704862,-0.7566434880210966,1,0,1,0,0,0,0,1,0,0
-0.2891880226096879,0.09457366754129916,0.2121533166836726,1,0,0,0,0,1,0,0,0,0
0.02878947120605932,0.09457366754129916,-0.7566434880210966,0,1,1,0,0,0,0,0,0,0
-0.27383534881357013,0.09457366754129916,-0.7566434880210966,1,0,1,0,0,0,0,0,0,0
-0.2431813479564386,-0.8043033970404823,0.2121533166836726,1,0,0,0,0,1,0,0,0,0
0.349937625914483,1.4428892644139713,0.2121533166836726,0,1,0,1,0,0,0,1,0,0
-0.34584914479703227,0.5440121998321898,0.2121533166836726,1,0,0,1,0,0,0,1,0,0
-0.3561955119205029,-0.35486486474959156,0.2121533166836726,1,0,0,1,0,1,0,0,1,0
0.0739617614138674,-0.35486486474959156,0.2121533166836726,0,0,1,0,0,0,1,0,1,0
-0.3205737144420524,-0.35486486474959156,0.2121533166836726,1,0,1,0,0,0,0,0,1,0
-0.3490101781768768,-1.253741929331373,-0.7566434880210966,0,0,0,0,1,0,0,0,0,1
-0.18608377852070956,-0.8043033970404823,0.2121533166836726,0,0,0,0,1,0,1,1,0,0
-0.1859522025120054,-0.35486486474959156,-0.7566434880210966,0,1,1,0,0,0,1,0,0,0
0.08029666485733235,0.5440121998321898,-0.7566434880210966,1,0,1,0,0,1,0,0,0,1
-0.23452300474951435,0.5440121998321898,-0.7566434880210966,1,0,0,0,0,0,0,0,0,1
0.7430546482131528,-0.35486486474959156,-0.7566434880210966,0,0,0,0,0,0,1,0,0,1
-0.34017533056803223,0.09457366754129916,0.2121533166836726,1,0,0,1,0,0,1,0,0,1
-0.25293722762621246,0.09457366754129916,0.2121533166836726,1,0,0,1,0,0,0,0,0,1
-0.08972521175602886,0.9934507321230805,-0.7566434880210966,0,1,0,1,0,0,0,0,1,0
-0.347774647363435,0.5440121998321898,0.2121533166836726,1,0,0,0,0,0,0,0,0,1
0.493708484205887,1.4428892644139713,0.2121533166836726,0,1,0,0,0,0,0,0,1,0
-0.23250122705479148,0.9934507321230805,0.2121533166836726,1,0,0,1,0,0,0,0,0,1
-0.35316284537841863,-0.8043033970404823,2.634145328445595,1,0,0,0,1,1,0,0,0,1
-0.3533200947546749,-0.8043033970404823,0.2121533166836726,1,0,0,0,0,0,1,0,0,1
-0.2960428117460816,2.3417663289957527,0.2121533166836726,1,0,0,0,0,1,0,0,1,0
2.5220457243383008,0.9934507321230805,0.2121533166836726,1,0,0,1,0,0,0,0,0,1
-0.3376336671803806,-0.35486486474959156,-0.7566434880210966,1,0,0,0,1,0,0,0,0,1
-0.31362906851922656,0.5440121998321898,-0.7566434880210966,1,0,1,0,0,0,0,0,0,1
-0.3635027941600013,-0.35486486474959156,3.11854373079798,1,0,0,0,0,1,0,0,0,1
-0.353403533199219,0.9934507321230805,2.634145328445595,1,0,0,0,1,0,0,0,1,0
1.3820455115576753,0.09457366754129916,0.2121533166836726,0,1,0,0,1,0,0,0,0,1
0.4012137592577877,0.5440121998321898,-0.7566434880210966,0,0,0,0,0,0,1,0,0,1
-0.22364391524933885,-0.35486486474959156,0.2121533166836726,1,0,0,0,1,1,0,0,0,1
1.0754284828837044,0.09457366754129916,-0.7566434880210966,1,0,0,1,0,0,0,0,0,1
-0.32264042052999137,-0.8043033970404823,0.2121533166836726,0,1,0,0,1,1,0,0,1,0
-0.040127474816438496,0.5440121998321898,-0.7566434880210966,0,0,0,0,1,0,0,0,0,1
-0.30909771914629214,-0.35486486474959156,0.2121533166836726,1,0,0,0,0,1,0,0,0,1
0.36908995810830214,0.09457366754129916,-0.7566434880210966,1,0,1,0,0,0,0,0,0,1
-0.1865972458717503,-0.8043033970404823,0.2121533166836726,1,0,0,1,0,1,0,0,0,1
1.8905899943703006,2.7912048612866434,-0.7566434880210966,0,0,0,0,0,0,1,0,0,1
-0.3537501236611715,-0.35486486474959156,2.634145328445595,1,0,1,0,0,1,0,0,0,1
-0.23411864921056974,-0.35486486474959156,2.1497469260932105,0,0,0,0,0,0,1,0,0,1
1.9028811190858386,0.9934507321230805,0.2121533166836726,0,1,0,0,0,0,1,0,1,0
-0.1865972458717503,-0.8043033970404823,0.2121533166836726,0,0,0,0,1,0,0,0,0,1
0.016209521105561463,0.5440121998321898,0.2121533166836726,0,1,0,0,0,0,0,0,1,0
-0.07459076158410337,-0.8043033970404823,0.6965517190360571,0,0,1,0,0,0,0,0,0,0
-0.1603590642335691,0.09457366754129916,-0.7566434880210966,0,0,0,0,1,0,0,0,0,0
-0.3217482710075581,-0.35486486474959156,-0.7566434880210966,1,0,1,0,0,0,0,0,1,0
-0.07905792753815774,-0.8043033970404823,2.634145328445595,0,0,0,0,1,0,0,0,0,1
0.4254141173465261,-0.35486486474959156,1.1809501213884417,0,1,1,0,0,0,0,0,0,1
-0.35030989240919863,-1.253741929331373,-0.7566434880210966,1,0,1,0,0,0,1,0,0,1
-0.32139526220371756,0.09457366754129916,-0.7566434880210966,0,1,0,1,0,0,0,0,0,1
-0.2823075601057421,0.5440121998321898,0.2121533166836726,1,0,0,0,0,1,0,0,0,1
0.7653904779834245,1.4428892644139713,-0.7566434880210966,1,0,1,0,0,1,0,0,0,1
-0.33393670225288735,-0.35486486474959156,0.2121533166836726,1,0,1,0,0,0,0,0,0,1
-0.06257562556975031,-0.8043033970404823,-0.7566434880210966,1,0,0,0,0,0,0,0,1,0
-0.3561505835272869,-0.8043033970404823,-0.7566434880210966,1,0,0,0,0,0,0,1,0,0
-0.35656135740811945,0.09457366754129916,2.634145328445595,1,0,0,1,0,0,0,0,0,1
-0.3505088610077269,0.09457366754129916,3.11854373079798,1,0,0,0,0,0,1,0,0,1
0.9549080680816134,-0.35486486474959156,-0.7566434880210966,0,1,1,0,0,1,0,0,1,0
-0.2593331053176135,-0.35486486474959156,1.1809501213884417,0,1,1,0,0,0,1,0,0,1
-0.2727057206412805,-0.8043033970404823,0.2121533166836726,1,0,0,0,0,0,1,0,1,0
-0.3207052904507566,-1.253741929331373,-0.7566434880210966,0,1,0,0,1,0,0,0,0,0
1.3073713128616338,-0.35486486474959156,-0.7566434880210966,0,0,0,0,1,0,0,0,0,1
-0.30804511107665866,-0.8043033970404823,-0.7566434880210966,1,0,1,0,0,0,1,0,0,1
-0.3637723645192977,-1.253741929331373,-0.7566434880210966,1,0,0,0,1,1,0,0,1,0
0.06912874997219653,-0.35486486474959156,-0.7566434880210966,0,0,0,0,0,0,0,0,0,1
-0.3441418658548218,-1.253741929331373,0.2121533166836726,0,0,0,1,0,0,0,0,0,1
-0.29184521615132364,-0.35486486474959156,0.2121533166836726,0,1,0,0,0,1,0,0,0,0
-0.3094731921467406,-1.253741929331373,-0.7566434880210966,0,1,0,1,0,1,0,0,0,1
0.33686988183049643,0.09457366754129916,-0.7566434880210966,0,1,0,0,1,0,0,0,0,1
-0.26369436863051576,0.5440121998321898,-0.272245085668712,1,0,0,0,0,1,0,0,0,1
-0.0005038411708142465,1.4428892644139713,0.2121533166836726,1,0,0,1,0,0,0,0,1,0
-0.3433588281444847,-1.253741929331373,0.2121533166836726,1,0,0,0,1,0,1,0,0,0
-0.21768769397726642,1.4428892644139713,3.11854373079798,1,0,0,0,0,1,0,0,1,0
-0.3624341402356478,-1.253741929331373,0.2121533166836726,1,0,0,0,1,0,0,0,0,0
-0.3438722954955255,-0.35486486474959156,0.2121533166836726,1,0,1,0,0,0,0,0,0,1
-0.10898023742005619,-0.35486486474959156,-0.7566434880210966,1,0,0,0,1,0,0,0,0,0
-0.292833640802077,0.09457366754129916,0.2121533166836726,1,0,1,0,0,0,1,0,0,0
-0.22514580725113303,1.4428892644139713,0.2121533166836726,0,1,0,0,1,0,0,0,0,1
-0.18224561007168014,-0.35486486474959156,-0.7566434880210966,1,0,0,0,1,1,0,0,1,0
0.1766680683057891,0.5440121998321898,0.2121533166836726,0,1,0,0,1,0,0,0,0,1
-0.057761869153743484,-0.8043033970404823,-0.7566434880210966,1,0,1,0,0,0,0,0,0,0
-0.1362421445893749,0.5440121998321898,-0.7566434880210966,0,1,0,1,0,1,0,0,0,0
-0.3501365971782224,-0.8043033970404823,0.2121533166836726,1,0,1,0,0,1,0,0,0,1
-0.13345337503903493,0.9934507321230805,0.2121533166836726,1,0,1,0,0,0,0,0,0,0
-0.30644052560465634,0.9934507321230805,-0.7566434880210966,1,0,0,0,1,0,1,0,0,1
-0.22889090974278636,-0.35486486474959156,1.665348523740826,0,0,1,0,0,0,0,0,0,0
-0.3561184918178469,-0.8043033970404823,0.2121533166836726,0,1,0,0,1,0,1,1,0,0
0.16851677410801755,0.09457366754129916,0.2121533166836726,1,0,1,0,0,0,1,0,0,1
0.5090996680533327,0.09457366754129916,0.2121533166836726,0,0,1,0,0,0,1,0,0,1
-0.20685995121219508,1.4428892644139713,-0.7566434880210966,1,0,1,0,0,0,0,0,0,1
-0.3168382394632311,0.5440121998321898,-0.7566434880210966,1,0,0,0,1,0,0,0,0,1
-0.10431089369652957,-0.35486486474959156,-0.7566434880210966,0,1,1,0,0,0,0,0,0,0
-0.3376336671803806,-0.35486486474959156,-0.7566434880210966,1,0,0,0,1,0,0,0,0,1
0.5746213112170738,-0.35486486474959156,-0.7566434880210966,0,1,0,1,0,1,0,0,1,0
-0.30836602817105907,-0.8043033970404823,-0.7566434880210966,1,0,0,0,0,1,0,0,1,0
2.718652373051796,1.892327796704862,0.2121533166836726,1,0,1,0,0,0,0,0,0,0
-0.3657909330430766,-1.253741929331373,2.1497469260932105,0,0,0,0,0,1,0,0,0,1
1.0318800331735627,-0.35486486474959156,-0.7566434880210966,0,0,0,1,0,1,0,0,0,0
1.419117854302816,0.09457366754129916,0.2121533166836726,0,0,0,0,1,1,0,0,0,1
1.717118258992135,-0.8043033970404823,1.665348523740826,0,1,0,1,0,0,0,0,0,1
-0.3304451242658104,0.09457366754129916,-0.7566434880210966,1,0,1,0,0,0,0,0,1,0
2.0380032616831505,0.5440121998321898,1.1809501213884417,0,1,1,0,0,0,1,0,0,1
0.15709212554736132,1.892327796704862,-0.7566434880210966,0,0,0,0,1,0,1,0,1,0
-0.3419082828777947,-0.35486486474959156,0.2121533166836726,0,1,0,0,1,1,0,0,0,1
-0.04536805096799792,-0.8043033970404823,0.2121533166836726,0,1,0,0,1,0,0,0,0,1
-0.2588806122145089,-0.35486486474959156,-0.7566434880210966,1,0,1,0,0,1,0,0,0,1
-0.07050227780144161,0.09457366754129916,0.2121533166836726,1,0,0,0,1,0,0,0,0,0
-0.3303552674793783,-0.35486486474959156,0.2121533166836726,1,0,1,0,0,0,0,0,1,0
0.7984288928519514,0.5440121998321898,1.665348523740826,0,0,0,0,1,1,0,0,0,1
-0.17698256972351267,-0.8043033970404823,-0.7566434880210966,1,0,0,1,0,0,1,0,0,1
0.03165205168811137,-0.8043033970404823,0.2121533166836726,0,1,0,1,0,1,0,0,0,0
-0.05307006123360886,-0.8043033970404823,0.2121533166836726,0,0,0,0,1,1,0,0,0,0
0.39737879997970227,3.240643393577534,-0.7566434880210966,1,0,0,1,0,0,1,0,1,0
0.15102037412130473,-0.35486486474959156,0.2121533166836726,0,1,0,0,0,0,0,0,0,0
-0.3580439943842496,0.5440121998321898,0.2121533166836726,1,0,0,0,1,0,0,0,0,0
-0.33955916974678335,0.9934507321230805,0.2121533166836726,1,0,1,0,0,0,0,0,0,1
-0.3065945658099686,-0.35486486474959156,0.2121533166836726,0,0,1,0,0,1,0,0,1,0
-0.15802278778633377,0.9934507321230805,2.1497469260932105,0,0,0,0,0,0,0,1,0,0
-0.3208497031432368,0.5440121998321898,-0.7566434880210966,1,0,0,1,0,1,0,0,0,0
-0.36040594419903693,-0.8043033970404823,0.2121533166836726,1,0,0,0,0,0,1,0,0,1
-0.3631080661338888,-0.8043033970404823,2.634145328445595,1,0,0,1,0,0,0,0,0,1
-0.21956184980856508,-0.35486486474959156,0.2121533166836726,1,0,0,1,0,0,0,0,0,1
-0.35762680216152903,-1.253741929331373,-0.7566434880210966,0,0,0,0,1,0,1,0,0,1
-0.19951094975042463,0.09457366754129916,-0.7566434880210966,1,0,0,0,1,1,0,0,0,1
-0.3034559966267321,-0.35486486474959156,-0.7566434880210966,1,0,1,0,0,0,0,0,1,0
-0.34803138103895537,2.3417663289957527,0.2121533166836726,1,0,1,0,0,0,0,0,0,1
0.9565607911177757,0.5440121998321898,-0.7566434880210966,1,0,0,1,0,0,0,0,0,0
0.39486601913054675,1.4428892644139713,0.2121533166836726,0,1,0,0,1,0,1,1,0,0
0.016113245977241324,-0.8043033970404823,-0.7566434880210966,0,1,0,0,0,0,0,0,0,0
-0.3317608843528523,-0.8043033970404823,-0.7566434880210966,1,0,1,0,0,1,0,0,0,1
-0.18408125585165075,1.892327796704862,0.2121533166836726,0,1,0,0,0,0,0,0,0,0
-0.2610082925503839,-1.253741929331373,2.634145328445595,1,0,0,1,0,1,0,0,0,1
-0.3634033098607372,-1.253741929331373,-0.7566434880210966,1,0,1,0,0,0,0,0,0,1
0.28652119889000904,-0.8043033970404823,0.6965517190360571,0,0,0,0,0,0,0,0,0,1
0.0975716320489089,-0.8043033970404823,-0.030045884492519763,0,0,0,0,1,1,0,0,0,1
-0.26359167516030757,-0.8043033970404823,0.2121533166836726,1,0,0,0,0,0,1,0,1,0
0.26167900661246973,-0.35486486474959156,-0.7566434880210966,0,0,0,0,0,1,0,0,0,1
-0.23888747723336048,-1.253741929331373,-0.7566434880210966,1,0,0,0,1,0,0,0,0,1
-0.27063901455334155,-1.253741929331373,0.2121533166836726,0,1,0,0,1,0,1,0,0,1
-0.3613301854309102,-1.253741929331373,0.2121533166836726,1,0,1,0,0,1,0,0,0,1
-0.28564509788750686,1.892327796704862,-0.7566434880210966,1,0,1,0,0,1,0,0,0,1
-0.35935333612940346,-0.8043033970404823,0.2121533166836726,1,0,1,0,0,0,0,0,0,1
-0.31250585868882497,-0.35486486474959156,-0.7566434880210966,1,0,0,0,1,0,0,0,0,1
0.01624803115688952,-0.8043033970404823,0.2121533166836726,0,1,0,0,1,0,0,0,0,1
-0.14424902609466622,0.5440121998321898,0.2121533166836726,0,1,1,0,0,0,1,0,0,0
-0.3438722954955255,-0.35486486474959156,0.2121533166836726,1,0,0,0,0,0,0,0,1,0
1.7743859144878964,0.09457366754129916,0.2121533166836726,0,0,0,0,1,0,0,0,0,1
-0.3592474334882513,0.5440121998321898,2.634145328445595,1,0,1,0,0,1,0,0,0,1
-0.2861104276743875,0.5440121998321898,-0.7566434880210966,1,0,1,0,0,0,0,0,0,1
-0.35415447920011606,-0.35486486474959156,0.2121533166836726,1,0,1,0,0,1,0,0,1,0
-0.3438722954955255,-0.35486486474959156,0.2121533166836726,1,0,0,0,1,0,0,0,0,1
-0.27256772629068826,1.4428892644139713,-0.7566434880210966,0,0,0,0,1,0,0,0,0,1
0.24990134924797308,1.892327796704862,-0.7566434880210966,1,0,0,0,1,1,0,0,0,1
0.45426135496218306,0.09457366754129916,-0.7566434880210966,0,0,1,0,0,1,0,0,0,1
0.3962395442945807,-0.8043033970404823,-0.7566434880210966,0,0,0,0,0,1,0,0,0,1
1.652838564983724,1.4428892644139713,-0.7566434880210966,0,1,1,0,0,1,0,0,0,1
-0.07245345373539634,0.9934507321230805,0.2121533166836726,1,0,0,1,0,1,0,0,1,0
-0.3508105230764633,1.4428892644139713,3.11854373079798,1,0,0,0,0,1,0,0,0,1
-0.026831879595427627,1.4428892644139713,0.2121533166836726,1,0,1,0,0,1,0,0,0,1
-0.356920784553848,-0.8043033970404823,-0.7566434880210966,1,0,0,0,1,0,0,0,0,1
-0.3045150230382537,0.9934507321230805,-0.7566434880210966,1,0,1,0,0,0,1,0,1,0
-0.34633693878052096,-0.35486486474959156,0.2121533166836726,1,0,0,1,0,1,0,0,0,1
-0.2443751595476083,-0.8043033970404823,-0.7566434880210966,1,0,0,1,0,0,0,0,0,1
-0.3409391132527053,-0.8043033970404823,-0.7566434880210966,1,0,0,0,0,1,0,0,1,0
-0.2431075370247265,0.5440121998321898,-0.7566434880210966,1,0,0,0,1,0,0,0,0,1
-0.2778692766901838,-1.253741929331373,0.6965517190360571,0,0,0,0,0,0,0,0,1,0
0.5891107180292543,-0.35486486474959156,-0.7566434880210966,0,1,1,0,0,1,0,0,0,1
0.6530694949432652,1.4428892644139713,-0.7566434880210966,1,0,1,0,0,1,0,0,0,1
-0.3384038682069417,-0.8043033970404823,-0.7566434880210966,0,0,1,0,0,0,0,0,0,1
-0.0762274387655457,-0.35486486474959156,0.2121533166836726,0,0,1,0,0,0,0,0,1,0
2.808075921406483,3.240643393577534,-0.7566434880210966,0,1,1,0,0,1,0,0,0,1
-0.1533502348918631,-0.8043033970404823,0.2121533166836726,1,0,1,0,0,0,0,0,0,1
-0.34040639087600055,-0.35486486474959156,0.2121533166836726,1,0,0,0,1,0,0,0,0,0
2.034306296755657,-0.8043033970404823,-0.030045884492519763,0,0,0,0,1,0,1,0,0,0
-0.33015629888085,0.5440121998321898,-0.7566434880210966,0,0,0,1,0,0,0,0,0,1
0.4975049334326443,-0.35486486474959156,1.1809501213884417,0,1,1,0,0,1,0,0,1,0
-0.3573379767765686,-0.8043033970404823,-0.7566434880210966,1,0,0,1,0,1,0,0,1,0
1.4169805464541092,-0.35486486474959156,-0.7566434880210966,1,0,0,0,1,0,1,1,0,0
0.917357558865816,-0.8043033970404823,0.2121533166836726,0,0,0,0,1,1,0,0,0,1
-0.10399318577307311,-0.35486486474959156,0.2121533166836726,0,0,0,1,0,0,0,1,0,0
-0.18945019884097036,1.4428892644139713,-0.7566434880210966,0,1,0,0,0,0,0,0,1,0
0.3109526172867157,-0.8043033970404823,0.2121533166836726,0,0,0,1,0,0,0,0,0,1
0.4398200857141625,0.09457366754129916,-0.7566434880210966,0,1,0,1,0,0,0,0,0,1
3.482114140630479,0.5440121998321898,0.2121533166836726,0,1,0,0,0,1,0,0,0,1
-0.21767485729349043,0.5440121998321898,-0.7566434880210966,0,0,0,0,1,0,0,0,1,0
1.248505490235758,1.4428892644139713,0.2121533166836726,0,1,0,0,1,0,0,0,0,1
-0.36397454228877,-0.35486486474959156,0.2121533166836726,1,0,0,0,1,0,0,0,0,1
-0.32229383006803886,-0.8043033970404823,-0.7566434880210966,0,1,0,1,0,0,0,1,0,0
-0.35669614258776766,-0.35486486474959156,0.2121533166836726,1,0,1,0,0,0,1,0,0,1
-0.2921436690491161,-0.35486486474959156,-0.7566434880210966,0,1,0,1,0,0,0,0,1,0
-0.2518525278471389,0.5440121998321898,-0.7566434880210966,0,0,0,0,1,1,0,0,0,1
-0.33033280328277026,-1.253741929331373,-0.7566434880210966,0,0,0,1,0,0,0,0,0,1
-0.35679241771608783,-0.8043033970404823,-0.7566434880210966,1,0,0,0,0,0,0,0,1,0
0.46154617300507333,0.9934507321230805,-0.7566434880210966,0,0,0,1,0,0,0,0,0,1
-0.16920995769713365,0.09457366754129916,0.6965517190360571,0,0,0,0,0,0,0,0,0,1
-0.3368634661538195,0.5440121998321898,0.2121533166836726,1,0,0,0,1,0,0,0,0,1
-0.3569849679727281,-1.253741929331373,-0.7566434880210966,0,0,1,0,0,0,0,0,1,0
-0.31067663125074235,0.5440121998321898,0.2121533166836726,1,0,0,1,0,1,0,0,0,1
-0.2631167178605949,0.9934507321230805,-0.7566434880210966,1,0,0,0,1,0,0,0,0,1
1.3681048729769196,1.892327796704862,-0.7566434880210966,1,0,1,0,0,1,0,0,0,1
-0.3538335621057156,-1.253741929331373,0.2121533166836726,1,0,1,0,0,0,0,0,0,1
-0.33809578779631727,-0.35486486474959156,0.2121533166836726,1,0,0,0,1,0,1,0,0,1
-0.2893420628150001,-0.35486486474959156,0.2121533166836726,1,0,0,0,1,1,0,0,0,0
-0.2841688792532648,-0.8043033970404823,-0.7566434880210966,1,0,0,0,1,0,1,0,0,1
-0.3021017264883622,-0.8043033970404823,0.2121533166836726,1,0,1,0,0,0,0,0,0,1
-0.2443109761287282,0.09457366754129916,-0.7566434880210966,0,0,0,0,1,0,0,0,0,1
0.04018202805727548,0.5440121998321898,-0.7566434880210966,1,0,1,0,0,1,0,0,0,1
-0.32117062023763726,0.5440121998321898,-0.7566434880210966,1,0,1,0,0,0,0,0,1,0
-0.2443751595476083,-0.8043033970404823,-0.7566434880210966,1,0,0,0,0,0,1,0,0,1
-0.3552712706886296,-0.8043033970404823,0.2121533166836726,1,0,0,0,0,1,0,0,0,1
0.2620400383436703,-0.35486486474959156,1.665348523740826,0,0,0,0,1,0,0,0,0,0
-0.3016588608980896,1.4428892644139713,-0.7566434880210966,1,0,1,0,0,0,0,0,0,1
-0.35626290451032705,-0.35486486474959156,-0.7566434880210966,1,0,1,0,0,0,0,0,1,0
-0.3569849679727281,-0.8043033970404823,-0.7566434880210966,1,0,0,0,1,0,0,0,0,1
-0.3665675524115257,-0.8043033970404823,3.11854373079798,1,0,0,0,0,0,1,1,0,0
-0.27537575086669225,0.5440121998321898,0.2121533166836726,1,0,0,1,0,1,0,0,1,0
-0.13497452206649305,-0.35486486474959156,-0.7566434880210966,0,0,0,1,0,0,0,0,1,0
-0.35034198411863865,0.5440121998321898,0.2121533166836726,1,0,0,0,0,0,0,0,0,0
-0.29671673764432255,-0.35486486474959156,-0.7566434880210966,1,0,1,0,0,0,0,1,0,0
-0.037592229770674876,-0.35486486474959156,-0.7566434880210966,1,0,1,0,0,0,0,0,0,0
0.7093583533011051,-0.35486486474959156,-0.7566434880210966,1,0,1,0,0,0,0,0,0,1
-0.3431791145716205,-0.8043033970404823,0.2121533166836726,0,1,0,1,0,1,0,0,0,1
-0.36042199005375697,-0.8043033970404823,2.634145328445595,1,0,0,1,0,1,0,0,0,1
-0.20612184189507401,0.5440121998321898,-0.7566434880210966,0,0,1,0,0,0,0,0,1,0
-0.3289528597768483,0.5440121998321898,-0.7566434880210966,0,0,0,0,1,0,0,0,1,0
0.4253948623208621,-0.35486486474959156,-0.7566434880210966,0,1,0,1,0,1,0,0,1,0
-0.3168382394632311,0.5440121998321898,-0.7566434880210966,1,0,0,0,1,0,1,0,1,0
-0.30771135729848215,0.09457366754129916,2.634145328445595,1,0,0,1,0,1,0,0,0,1
-0.34604169505367255,-0.8043033970404823,-0.7566434880210966,1,0,0,1,0,0,0,1,0,0
-0.15575390392892258,1.4428892644139713,-0.7566434880210966,1,0,1,0,0,1,0,0,0,0
0.5859015470852498,0.5440121998321898,-0.7566434880210966,0,1,0,0,1,1,0,0,0,1
-0.16673889607025014,1.4428892644139713,0.2121533166836726,0,1,0,0,1,0,0,0,0,0
-0.18359346186816206,-0.35486486474959156,-0.7566434880210966,1,0,0,0,1,0,0,0,0,0
-0.06926674698799984,-0.35486486474959156,-0.7566434880210966,1,0,0,1,0,1,0,0,0,1
-0.17634073553471177,0.09457366754129916,-0.7566434880210966,0,1,0,0,1,0,0,1,0,0
-0.2602926474298709,0.5440121998321898,0.2121533166836726,1,0,0,1,0,0,0,0,0,0
-0.2596508132410699,1.4428892644139713,-0.7566434880210966,0,1,1,0,0,0,0,0,0,0
-0.07013322314288105,-0.35486486474959156,-0.7566434880210966,1,0,0,0,1,1,0,0,0,1
-0.3569849679727281,-0.8043033970404823,-0.7566434880210966,1,0,0,1,0,0,0,0,1,0
-0.3371330365131159,-0.35486486474959156,0.2121533166836726,1,0,0,0,1,0,0,0,0,0
-0.253335164823269,-0.35486486474959156,0.2121533166836726,0,1,1,0,0,0,0,0,1,0
-0.31750574701958406,-0.8043033970404823,0.2121533166836726,0,1,0,0,1,1,0,0,0,1
0.3924366767259353,3.240643393577534,-0.7566434880210966,0,0,0,0,1,0,0,0,0,1
-0.3530376877116025,-0.35486486474959156,-0.7566434880210966,1,0,1,0,0,0,0,0,0,0
-0.34270415727190784,-0.8043033970404823,-0.7566434880210966,1,0,0,0,0,0,0,1,0,0
2.7260655579324466,1.4428892644139713,-0.7566434880210966,0,1,0,0,0,0,1,0,0,1
-0.3328038649096538,0.5440121998321898,-0.7566434880210966,1,0,1,0,0,0,1,0,1,0
0.06158719825378585,1.4428892644139713,0.2121533166836726,1,0,0,1,0,0,0,0,0,1
-0.25899614236849305,0.09457366754129916,0.2121533166836726,1,0,0,0,1,0,1,0,0,0
0.5865112895646106,0.9934507321230805,-0.7566434880210966,0,0,0,0,1,0,0,0,0,1
-0.30150161152183336,1.4428892644139713,1.1809501213884417,0,1,1,0,0,0,1,0,0,1
-0.3240877566257374,-0.35486486474959156,2.634145328445595,1,0,0,1,0,0,1,0,1,0
-0.31322792215122597,-0.35486486474959156,-0.7566434880210966,1,0,0,0,1,1,0,0,0,1
1.7692769143450409,-0.8043033970404823,0.2121533166836726,1,0,0,0,1,0,0,0,0,1
-0.11003926383157768,-0.8043033970404823,0.2121533166836726,0,0,0,0,1,1,0,0,0,0
-0.08004956135985514,-0.35486486474959156,-0.7566434880210966,0,1,1,0,0,0,0,0,0,1
-0.34995688360535815,-0.8043033970404823,-0.7566434880210966,1,0,1,0,0,0,1,0,0,1
-0.1671304149254187,0.9934507321230805,-0.7566434880210966,0,1,0,0,0,0,0,0,0,1
-0.20053788445250612,0.9934507321230805,-0.7566434880210966,0,1,0,0,0,0,0,0,1,0
-0.25498146951754336,-0.35486486474959156,-0.7566434880210966,1,0,0,0,0,0,0,0,1,0
-0.36592250905178075,-1.253741929331373,-0.7566434880210966,1,0,0,0,0,0,0,1,0,0
-0.35842909489753016,-1.253741929331373,-0.7566434880210966,1,0,1,0,0,0,0,0,0,0
-0.285067447117586,2.3417663289957527,-0.7566434880210966,1,0,1,0,0,1,0,0,0,1
-0.3539876023110278,-0.8043033970404823,0.2121533166836726,1,0,1,0,0,0,0,0,0,1
0.9075888425122662,1.4428892644139713,-0.7566434880210966,1,0,0,0,1,1,0,0,0,0
-0.19488974359105807,-0.8043033970404823,-0.7566434880210966,0,0,1,0,0,0,1,0,0,1
-0.003045504558465858,-0.8043033970404823,-0.7566434880210966,0,0,1,0,0,0,0,0,0,1
-0.32425142434388166,0.9934507321230805,-0.7566434880210966,1,0,0,0,0,1,0,0,0,1
1.27541759777218,0.9934507321230805,0.6965517190360571,0,0,0,0,0,1,0,0,0,0
-0.10573897476661157,0.09457366754129916,-0.7566434880210966,0,1,1,0,0,0,1,0,1,0
-0.3417093142792664,-0.8043033970404823,-0.7566434880210966,1,0,0,0,1,1,0,0,0,1
-0.3454126975486476,-0.35486486474959156,0.2121533166836726,1,0,1,0,0,0,0,0,0,0
-0.316042365069118,0.09457366754129916,0.2121533166836726,1,0,0,0,1,0,0,0,0,1
0.6419818093317294,0.5440121998321898,-0.7566434880210966,0,1,1,0,0,0,1,0,0,1
-0.3046754815854539,-0.8043033970404823,-0.7566434880210966,0,0,1,0,0,1,0,0,0,1
0.8824225239693826,-0.8043033970404823,1.1809501213884417,0,1,1,0,0,0,0,0,0,1
2.2517629290923495,0.09457366754129916,2.634145328445595,1,0,0,1,0,0,1,0,0,1
0.41990718000661426,0.5440121998321898,-0.7566434880210966,1,0,0,1,0,0,0,0,1,0
-0.11371376456246289,-1.253741929331373,-0.7566434880210966,0,1,1,0,0,1,0,0,0,1
0.2502222663423735,0.5440121998321898,0.2121533166836726,0,1,0,0,1,0,0,0,1,0
-0.1987728404333036,1.4428892644139713,-0.7566434880210966,1,0,0,1,0,0,1,0,0,0
-0.3516416983509605,-0.35486486474959156,-0.7566434880210966,1,0,1,0,0,0,0,0,0,1
-0.20844849082947733,0.5440121998321898,-0.7566434880210966,0,0,0,0,0,1,0,0,0,1
0.24367555761660425,0.5440121998321898,0.2121533166836726,1,0,0,0,0,0,0,0,0,0
-0.2796375298803303,0.9934507321230805,0.2121533166836726,1,0,0,0,0,0,0,0,0,1
-0.11211880660329263,-0.8043033970404823,0.2121533166836726,0,1,0,0,0,0,0,1,0,0
-0.293507566700318,-1.253741929331373,-0.7566434880210966,0,0,0,0,0,1,0,0,0,0
0.20401020474870793,-0.35486486474959156,-0.7566434880210966,0,1,1,0,0,0,0,0,0,1
-0.1763086438252717,-0.8043033970404823,-0.7566434880210966,0,1,0,0,1,0,0,0,1,0
-0.21663187673668893,0.5440121998321898,-0.7566434880210966,1,0,1,0,0,1,0,0,0,1
-0.3415649015867862,-1.253741929331373,-0.7566434880210966,1,0,0,0,1,0,1,0,0,1
-0.35265258719832193,0.09457366754129916,0.2121533166836726,1,0,0,1,0,1,0,0,1,0
1.0707270474507378,-0.35486486474959156,-0.7566434880210966,0,0,1,0,0,0,1,0,0,1
-0.17948572305983623,-0.8043033970404823,-0.7566434880210966,0,1,0,0,1,0,0,1,0,0
-0.3549631902780052,-0.35486486474959156,-0.7566434880210966,1,0,1,0,0,0,0,0,0,1
-0.23204231560979882,-0.8043033970404823,0.6965517190360571,0,0,0,0,0,0,0,0,1,0
-0.3571454265199283,0.09457366754129916,-0.7566434880210966,1,0,0,0,1,0,0,0,0,1
-0.2993546761602943,-0.8043033970404823,0.2121533166836726,0,0,1,0,0,0,0,0,0,1
-0.2052553657401928,0.9934507321230805,-0.7566434880210966,1,0,0,1,0,0,0,0,0,1
-0.3122170333038646,-0.35486486474959156,-0.7566434880210966,0,0,1,0,0,0,1,0,1,0
-0.011992673150350588,-0.8043033970404823,0.2121533166836726,0,1,0,0,0,0,0,0,0,1
-0.3636279518268175,2.3417663289957527,3.11854373079798,1,0,0,0,0,1,0,0,0,0
-0.20965192993347906,0.5440121998321898,-0.7566434880210966,1,0,0,0,1,1,0,0,0,1
-0.3015946774792095,-0.8043033970404823,-0.7566434880210966,0,1,1,0,0,0,0,0,1,0
-0.3438722954955255,-0.35486486474959156,0.2121533166836726,1,0,0,0,1,0,0,0,0,1
-0.04052862118443906,-0.8043033970404823,-0.7566434880210966,0,0,0,0,1,0,0,0,0,1
-0.2479052475860133,0.5440121998321898,0.2121533166836726,0,0,0,0,1,0,1,0,0,1
-0.01969468341596149,-0.8043033970404823,0.2121533166836726,0,1,0,0,1,0,0,0,0,1
-0.34957178309207754,0.09457366754129916,0.2121533166836726,1,0,0,1,0,0,1,0,0,1
-0.36571230835494845,-1.253741929331373,2.634145328445595,1,0,1,0,0,1,0,0,1,0
-0.3197906767317153,0.5440121998321898,3.11854373079798,1,0,0,0,0,0,1,0,0,1
-0.2585596951201084,-0.8043033970404823,0.2121533166836726,0,1,0,0,1,1,0,0,1,0
-0.3530376877116025,-0.35486486474959156,-0.7566434880210966,1,0,1,0,0,1,0,0,0,1
-0.11241405033014104,0.09457366754129916,-0.7566434880210966,0,1,0,1,0,1,0,0,0,1
-0.2780714544596561,-0.8043033970404823,-0.7566434880210966,1,0,0,0,1,0,1,0,0,1
-0.3410995717999055,0.9934507321230805,-0.7566434880210966,1,0,1,0,0,0,1,0,0,1
-0.3411509185350096,-0.8043033970404823,0.2121533166836726,1,0,0,0,1,1,0,0,1,0
0.2883953547213076,-0.35486486474959156,1.1809501213884417,0,0,1,0,0,0,0,0,0,0
-0.3446296598383105,-0.8043033970404823,3.11854373079798,1,0,0,0,0,0,0,0,0,0
-0.264592936494837,0.5440121998321898,2.1497469260932105,0,0,0,0,0,0,0,0,0,1
0.6033594370206345,0.9934507321230805,-0.7566434880210966,0,0,1,0,0,0,1,0,0,1
-0.3168382394632311,0.5440121998321898,-0.7566434880210966,1,0,0,1,0,1,0,0,0,1
-0.3414846723131861,-0.35486486474959156,-0.7566434880210966,1,0,1,0,0,0,1,0,0,0
-0.09595421255834172,-0.35486486474959156,0.6965517190360571,0,0,1,0,0,0,0,0,0,1
-0.3546165998160527,-0.35486486474959156,0.2121533166836726,1,0,1,0,0,0,0,0,1,0
-0.32792913424571085,-0.8043033970404823,0.2121533166836726,0,1,1,0,0,0,0,0,0,1
-0.2678341991482816,-0.35486486474959156,-0.7566434880210966,1,0,0,1,0,0,0,0,0,1
-0.35140101053016015,-0.35486486474959156,-0.7566434880210966,1,0,0,0,1,0,0,0,0,1
-0.36526462900825984,-1.253741929331373,-0.7566434880210966,1,0,1,0,0,1,0,0,0,0
-0.32861589682772785,-0.8043033970404823,-0.7566434880210966,1,0,0,1,0,0,0,0,0,1
-0.3030548502587315,-1.253741929331373,-0.7566434880210966,1,0,0,1,0,0,0,0,0,1
-0.27848864668237666,-0.8043033970404823,-0.7566434880210966,1,0,0,1,0,1,0,0,0,1
-0.32757291627092633,-0.35486486474959156,-0.7566434880210966,0,0,0,1,0,0,0,0,0,1
-0.3217803627169981,-0.8043033970404823,2.1497469260932105,0,0,0,0,0,0,0,0,0,1
-0.3546165998160527,0.9934507321230805,2.634145328445595,1,0,1,0,0,0,0,0,0,1
-0.31279468407378536,0.09457366754129916,-0.7566434880210966,0,0,0,0,1,0,1,0,1,0
-0.23664105757255732,0.9934507321230805,-0.7566434880210966,0,0,0,1,0,0,0,0,0,1
-0.27120382863948633,-0.35486486474959156,-0.7566434880210966,0,0,0,0,1,0,1,0,0,1
-0.3546743648930448,-0.35486486474959156,-0.7566434880210966,1,0,0,0,1,0,1,0,0,1
0.6315757516287002,1.4428892644139713,0.7934313995065341,0,0,0,0,0,1,0,0,0,1
-0.2661846852830632,-0.8043033970404823,0.2121533166836726,0,0,0,1,0,0,0,1,0,0
-0.23315910709831236,0.5440121998321898,-0.7566434880210966,1,0,0,0,0,0,1,0,0,0
0.14458919554951963,0.09457366754129916,0.2121533166836726,0,1,0,0,0,0,0,0,1,0
-0.16356823517757363,0.5440121998321898,0.2121533166836726,1,0,0,0,0,1,0,0,1,0
-0.2915499724244752,1.4428892644139713,-0.7566434880210966,1,0,1,0,0,1,0,0,0,0
-0.3401047288072641,0.5440121998321898,-0.7566434880210966,1,0,0,0,1,1,0,1,0,0
-0.17008606136484689,-0.8043033970404823,-0.272245085668712,1,0,0,0,0,1,0,1,0,0
4.573296445010907,1.4428892644139713,-0.7566434880210966,0,1,0,1,0,0,0,0,0,1
0.2729431966259257,0.09457366754129916,-0.7566434880210966,0,1,0,0,1,0,1,0,0,1
0.32431560509755064,-0.35486486474959156,0.2121533166836726,0,1,0,0,0,0,0,0,0,1
0.019418692049566016,-0.8043033970404823,-0.7566434880210966,0,0,0,1,0,0,0,0,0,0
-0.2888414321477354,-0.35486486474959156,0.2121533166836726,1,0,1,0,0,1,0,0,0,0
-0.07563695131184887,1.892327796704862,-0.7566434880210966,1,0,0,0,1,0,0,0,0,1
0.06426685599202968,0.5440121998321898,-0.272245085668712,1,0,0,0,0,0,0,0,0,1
0.4051289478094732,0.09457366754129916,2.634145328445595,0,1,1,0,0,1,0,0,0,1
0.3093111263488573,1.4428892644139713,0.6965517190360571,0,0,1,0,0,1,0,0,0,0
-0.34007263709782404,0.5440121998321898,0.2121533166836726,0,0,1,0,0,0,0,0,1,0
-0.3646388406741789,-1.253741929331373,-0.7566434880210966,1,0,0,0,0,1,0,0,0,1
1.0217807722127803,-0.35486486474959156,-0.272245085668712,0,0,1,0,0,1,0,0,0,1
-0.3465230706952732,0.5440121998321898,-0.7566434880210966,1,0,0,0,1,0,1,0,0,1
-0.11546276272694538,0.5440121998321898,-0.7566434880210966,1,0,0,1,0,0,0,0,1,0
0.11883880789482709,0.5440121998321898,0.2121533166836726,0,0,1,0,0,0,0,0,1,0
-0.17823093722073044,-0.35486486474959156,1.1809501213884417,0,1,1,0,0,0,0,0,0,1
-0.34325613467427657,0.09457366754129916,0.2121533166836726,1,0,0,0,1,0,1,0,0,0
-0.33524604399804125,0.09457366754129916,0.2121533166836726,1,0,0,0,1,1,0,0,1,0
0.24647652201653136,0.09457366754129916,0.7934313995065341,0,0,0,0,0,0,1,0,0,0
0.24726982907388928,0.5440121998321898,0.2121533166836726,0,1,0,0,1,0,0,0,1,0
1.5563548405522267,0.09457366754129916,-0.7566434880210966,0,1,0,0,0,0,1,0,0,1
0.5071420737774901,4.588958990450206,1.1809501213884417,0,1,1,0,0,0,0,0,0,1
-0.35478347670514093,0.09457366754129916,2.1497469260932105,0,0,0,0,0,0,0,0,1,0
-0.05360599278125763,0.5440121998321898,-0.7566434880210966,0,0,0,0,1,1,0,0,0,0
-0.30448934967070157,0.09457366754129916,0.2121533166836726,1,0,0,0,0,1,0,0,1,0
-0.16912010091070154,-0.8043033970404823,-0.7566434880210966,1,0,0,0,1,0,1,0,0,1
-0.01782373675560684,-0.8043033970404823,1.665348523740826,0,0,0,0,1,0,0,0,0,0
-0.3369116037179796,2.3417663289957527,-0.7566434880210966,1,0,0,1,0,0,0,0,0,1
-0.30339823154974005,-0.35486486474959156,0.2121533166836726,0,1,1,0,0,0,0,0,0,1
-0.3575048536656568,-0.35486486474959156,0.2121533166836726,1,0,0,0,0,0,0,0,1,0
-0.32861589682772785,-0.8043033970404823,-0.7566434880210966,1,0,1,0,0,0,0,0,0,0
-0.32723595332180583,0.09457366754129916,-0.7566434880210966,1,0,0,1,0,0,0,0,0,1
-0.12200305311082664,3.240643393577534,0.2121533166836726,0,1,0,0,0,0,0,0,0,1
-0.17250256708568232,-0.35486486474959156,0.2121533166836726,0,0,0,1,0,0,1,0,0,1
-0.2779270417671759,0.5440121998321898,-0.7566434880210966,1,0,0,0,1,0,1,0,0,1
-0.23596713167431635,-0.8043033970404823,1.1809501213884417,0,1,1,0,0,0,0,0,1,0
1.0161358405222762,1.4428892644139713,0.2121533166836726,0,0,0,0,1,1,0,0,0,1
-0.11938436962051896,0.09457366754129916,0.2121533166836726,0,0,0,1,0,0,0,0,1,0
-0.336478365640539,1.4428892644139713,-0.7566434880210966,1,0,0,0,1,0,1,0,0,1
-0.27332188146252934,-0.35486486474959156,-0.7566434880210966,1,0,0,0,1,0,0,0,0,1
-0.21183416617540213,-0.8043033970404823,-0.7566434880210966,1,0,1,0,0,0,0,0,0,1
0.4296309679669481,2.3417663289957527,-0.7566434880210966,1,0,1,0,0,1,0,0,0,1
0.08023248143845231,4.588958990450206,-0.7566434880210966,0,1,1,0,0,0,0,0,1,0
-0.340040545388384,-0.35486486474959156,-0.7566434880210966,1,0,1,0,0,0,0,0,1,0
-0.347774647363435,0.09457366754129916,-0.7566434880210966,1,0,1,0,0,0,0,0,1,0
-0.3636857169038096,-0.8043033970404823,2.634145328445595,1,0,0,1,0,0,0,0,0,1
-0.2988668821768056,0.09457366754129916,-0.7566434880210966,0,1,1,0,0,1,0,0,0,0
-0.33999240782422396,-0.35486486474959156,-0.7566434880210966,1,0,1,0,0,1,0,0,0,1
-0.3620490397223673,-0.35486486474959156,0.2121533166836726,0,0,0,0,1,0,0,0,0,1
-0.2511144185300178,1.4428892644139713,-0.7566434880210966,1,0,0,1,0,0,0,0,0,1
-0.030772741514665202,-0.8043033970404823,-0.7566434880210966,0,0,1,0,0,1,0,0,1,0
-0.33634999880277877,-1.253741929331373,-0.7566434880210966,0,0,0,1,0,1,0,0,0,1
-0.3492637026814531,-0.35486486474959156,0.2121533166836726,1,0,0,1,0,0,0,0,1,0
-0.2832189646538394,-0.35486486474959156,0.2121533166836726,0,0,0,1,0,1,0,0,0,1
-0.017127346660757856,-0.8043033970404823,0.2121533166836726,0,1,0,1,0,0,1,0,0,1
0.14451217544686354,1.892327796704862,-0.7566434880210966,0,1,1,0,0,1,0,0,0,1
-0.3079488359483385,-0.8043033970404823,-0.7566434880210966,1,0,0,0,1,0,1,0,0,1
-0.0840931167493009,0.5440121998321898,1.665348523740826,0,0,1,0,0,0,0,0,0,0
-0.31693451459155125,2.7912048612866434,2.634145328445595,1,0,0,0,1,0,0,0,0,0
0.17696331203263754,1.4428892644139713,0.2121533166836726,0,0,0,0,1,0,0,0,0,1
-0.33984799513174374,1.4428892644139713,-0.7566434880210966,1,0,0,0,1,1,0,0,1,0
-0.32319239793236015,2.3417663289957527,0.2121533166836726,1,0,0,0,0,0,1,0,0,1
-0.32723595332180583,0.5440121998321898,0.2121533166836726,1,0,0,1,0,0,0,0,0,1
-0.3314078755490118,-0.8043033970404823,-0.7566434880210966,1,0,0,0,1,0,0,1,0,0
-0.3463947038575131,-0.8043033970404823,-0.7566434880210966,0,1,0,0,1,0,1,0,0,1
-0.3304451242658104,0.5440121998321898,0.2121533166836726,1,0,1,0,0,0,0,0,1,0
-0.11055273118261841,-0.8043033970404823,-0.7566434880210966,1,0,0,0,1,0,0,0,0,1
1.7901188750408785,0.5440121998321898,2.634145328445595,1,0,0,1,0,1,0,0,0,1
-0.23011039470150807,1.4428892644139713,-0.7566434880210966,0,0,0,1,0,1,0,0,1,0
-0.35270393393342603,-0.8043033970404823,0.2121533166836726,1,0,0,0,1,0,0,0,0,1
-0.31108740513157496,-0.8043033970404823,0.2121533166836726,0,1,0,0,1,0,1,0,0,0
-0.3263694771669246,2.3417663289957527,-0.7566434880210966,1,0,0,0,1,0,0,0,0,1
0.13991985182599298,-0.35486486474959156,0.6965517190360571,0,0,1,0,0,1,0,0,0,0
-0.204003789072031,-0.35486486474959156,0.2121533166836726,1,0,0,0,1,0,0,0,0,1
-0.11214447997084469,0.09457366754129916,0.2121533166836726,0,1,0,0,1,0,0,0,0,1
-0.33455286307413623,-0.8043033970404823,-0.7566434880210966,1,0,0,0,1,0,0,0,0,1
-0.26384840883582794,0.09457366754129916,2.1497469260932105,0,0,0,0,0,0,0,0,0,1
-0.3550915571157654,-0.8043033970404823,-0.7566434880210966,1,0,0,0,1,0,0,0,1,0
0.3371779622411209,-1.253741929331373,0.2121533166836726,0,1,0,0,1,1,0,0,1,0
0.7620208484922196,0.5440121998321898,0.2121533166836726,1,0,0,1,0,0,0,0,0,1
-0.3168382394632311,0.5440121998321898,-0.7566434880210966,1,0,0,0,0,0,0,0,0,1
2.937813075159755,1.4428892644139713,0.2121533166836726,1,0,0,0,1,0,0,0,0,1
-0.0319601347639469,0.9934507321230805,-0.7566434880210966,0,1,0,0,1,1,0,0,0,1
-0.2696762632701402,0.09457366754129916,0.2121533166836726,1,0,0,0,0,1,0,0,1,0
0.08274205311666381,3.240643393577534,0.2121533166836726,1,0,0,0,0,0,0,1,0,0
-0.061388232320468666,0.09457366754129916,-0.7566434880210966,1,0,0,1,0,0,1,1,0,0
-0.31102322171269486,-0.35486486474959156,0.2121533166836726,1,0,0,0,1,1,0,0,0,1
-0.3380701144287652,0.09457366754129916,0.2121533166836726,1,0,0,0,1,1,0,0,0,1
-0.35491505271384516,-1.253741929331373,-0.7566434880210966,1,0,0,0,1,0,0,0,0,1
0.2013786845746242,0.09457366754129916,-0.7566434880210966,0,0,0,0,1,0,0,0,1,0
0.9751739825930021,-0.35486486474959156,0.2121533166836726,0,1,0,0,1,0,0,0,0,1
0.4398200857141625,0.09457366754129916,-0.7566434880210966,0,1,0,1,0,0,1,0,1,0
0.4141852282134541,-0.8043033970404823,0.2121533166836726,1,0,0,0,1,0,0,0,1,0
-0.3537565420030595,-0.8043033970404823,0.2121533166836726,1,0,0,1,0,1,0,0,0,0
-0.2443109761287282,0.5440121998321898,0.2121533166836726,0,0,1,0,0,0,0,0,0,1
-0.3047075732948939,0.09457366754129916,-0.7566434880210966,1,0,1,0,0,1,0,0,0,0
-0.35582966643288644,0.5440121998321898,2.634145328445595,1,0,0,1,0,1,0,0,0,1
-0.3592474334882513,0.5440121998321898,2.634145328445595,1,0,0,1,0,0,0,0,0,1
-0.28220486663553396,4.588958990450206,0.2121533166836726,1,0,0,0,1,0,0,0,0,1
-0.33944363959279916,0.09457366754129916,2.634145328445595,1,0,1,0,0,0,1,0,0,1
-0.28225621337063805,-0.35486486474959156,0.2121533166836726,1,0,0,0,0,0,0,0,1,0
-0.3168382394632311,0.5440121998321898,-0.7566434880210966,1,0,0,0,1,0,1,0,0,1
-0.3486988885953083,1.4428892644139713,2.1497469260932105,0,0,0,0,0,1,0,0,0,1
0.016209521105561463,0.09457366754129916,-0.7566434880210966,0,1,0,0,1,1,0,0,0,1
0.038359218961080896,-0.8043033970404823,-0.272245085668712,0,0,1,0,0,1,0,0,1,0
1.0687919173715028,1.4428892644139713,0.2121533166836726,0,1,1,0,0,1,0,0,0,1
0.4530258241487413,0.5440121998321898,0.6965517190360571,0,0,0,0,0,0,0,0,0,1
-0.10175960279604594,-0.35486486474959156,-0.7566434880210966,1,0,1,0,0,0,0,0,0,1
-0.340040545388384,-0.35486486474959156,-0.7566434880210966,1,0,1,0,0,0,0,0,0,0
-0.31595250828268584,-0.35486486474959156,0.2121533166836726,0,0,0,1,0,0,0,0,0,1
0.17987723924979365,-0.8043033970404823,-0.7566434880210966,0,0,1,0,0,0,1,0,0,1
2.0172559715301603,0.5440121998321898,0.2121533166836726,0,0,0,0,1,0,0,0,0,1
1.7584684266056336,0.9934507321230805,0.2121533166836726,0,0,0,0,1,0,1,0,0,1
-0.3602519039937247,-0.8043033970404823,0.2121533166836726,1,0,0,0,0,0,0,0,0,1
0.02357456842205192,0.5440121998321898,-0.7566434880210966,1,0,0,0,1,0,1,0,0,1
0.21354144245240145,-0.35486486474959156,-0.7566434880210966,1,0,0,0,0,0,0,0,0,1
-0.36395528726310594,-0.8043033970404823,2.634145328445595,1,0,1,0,0,1,0,0,0,1
-0.15172639439419683,0.5440121998321898,-0.7566434880210966,0,0,1,0,0,0,0,0,1,0
-0.34081074641494513,0.9934507321230805,3.11854373079798,1,0,0,0,0,0,0,0,0,0
0.07514594549220507,-0.35486486474959156,-0.7566434880210966,0,0,0,0,1,0,0,0,0,1
-0.03093320006186542,-0.8043033970404823,-0.7566434880210966,0,0,0,0,1,1,0,0,0,1
-0.27643156810726977,-0.35486486474959156,2.634145328445595,1,0,0,1,0,1,0,0,0,1
-0.33656822242697115,-0.8043033970404823,2.1497469260932105,0,0,0,0,0,0,0,1,0,0
-0.3178908475328646,-0.8043033970404823,0.2121533166836726,1,0,0,1,0,0,0,0,1,0
-0.3587500119919306,-1.253741929331373,-0.7566434880210966,0,0,0,0,1,1,0,0,0,1
-0.34325613467427657,0.09457366754129916,0.2121533166836726,1,0,1,0,0,0,0,0,0,1
-0.264592936494837,0.5440121998321898,2.1497469260932105,0,0,0,0,0,0,0,0,0,1
-0.22248861370949727,-0.35486486474959156,-0.7566434880210966,1,0,0,1,0,0,1,0,0,1
-0.3002147339732875,-1.253741929331373,-0.7566434880210966,1,0,0,0,1,1,0,0,0,1
-0.35393625557592373,-0.8043033970404823,0.2121533166836726,1,0,1,0,0,0,0,0,0,1
-0.3401047288072641,0.5440121998321898,-0.7566434880210966,1,0,1,0,0,0,0,0,0,1
-0.340040545388384,-0.35486486474959156,-0.7566434880210966,1,0,0,0,1,0,0,0,0,0
0.8891040178748001,0.5440121998321898,0.2121533166836726,0,1,0,1,0,1,0,0,0,0
4.6855051070680265,1.4428892644139713,-0.7566434880210966,0,1,0,0,1,1,0,0,0,0
-0.3413242137659859,-0.8043033970404823,-0.7566434880210966,1,0,1,0,0,1,0,0,0,1
-0.23022913402643622,-0.35486486474959156,0.2121533166836726,1,0,0,0,1,0,1,0,0,1
0.02357456842205192,0.5440121998321898,-0.7566434880210966,1,0,0,0,1,0,0,0,0,1
-0.3532174012844667,-0.8043033970404823,0.2121533166836726,1,0,1,0,0,0,0,0,0,1
0.06359293009378869,-0.35486486474959156,-0.7566434880210966,1,0,1,0,0,0,1,0,0,1
-0.3407786547055051,-0.8043033970404823,-0.7566434880210966,1,0,0,1,0,0,1,0,1,0
-0.3148645993326683,-0.35486486474959156,-0.7566434880210966,1,0,1,0,0,0,0,0,0,0
-0.3521904665823853,-0.8043033970404823,0.2121533166836726,1,0,0,0,0,0,0,1,0,0
-0.35167699923134454,-0.8043033970404823,0.2121533166836726,1,0,0,0,0,0,0,0,0,1
-0.3206892445960366,0.9934507321230805,-0.7566434880210966,1,0,0,1,0,0,1,0,0,1
-0.34519126475351136,-0.35486486474959156,-0.7566434880210966,0,0,0,0,1,0,1,0,1,0
-0.3210262075451571,-0.35486486474959156,-0.7566434880210966,1,0,1,0,0,0,0,0,0,1
-0.16026278910524897,-0.8043033970404823,-0.7566434880210966,0,1,1,0,0,0,0,1,0,0
-0.10208051989044638,-1.253741929331373,-0.7566434880210966,0,1,1,0,0,0,0,1,0,0
-0.3659706466159408,-1.253741929331373,-0.7566434880210966,1,0,0,1,0,0,0,0,0,1
-0.25336083819082106,0.5440121998321898,0.2121533166836726,0,1,0,0,0,0,0,0,0,1
-0.21105112846506502,-0.35486486474959156,0.2121533166836726,0,0,0,0,1,0,1,0,0,0
-0.20324642472924595,-1.253741929331373,0.2121533166836726,0,1,0,0,1,1,0,0,0,1
-0.21483795017899035,0.09457366754129916,0.2121533166836726,0,1,1,0,0,0,0,0,0,1
-0.3084943950088193,-0.8043033970404823,-0.7566434880210966,0,1,1,0,0,1,0,0,0,1
0.41080918038036135,0.9934507321230805,-0.7566434880210966,1,0,0,0,1,1,0,0,0,1
-0.07459076158410337,-0.8043033970404823,0.6965517190360571,0,0,0,0,0,0,0,0,0,0
-0.3368955578632596,0.5440121998321898,-0.7566434880210966,1,0,1,0,0,0,1,0,0,0
0.9852828710666165,-0.8043033970404823,-0.7566434880210966,0,1,0,0,1,1,0,0,0,1
-0.07252405549616446,1.4428892644139713,-0.7566434880210966,1,0,0,1,0,0,1,0,0,1
-0.2569679463318822,-0.8043033970404823,0.2121533166836726,1,0,0,0,0,0,0,0,0,1
-0.060778489841107806,-0.8043033970404823,-0.7566434880210966,0,1,0,0,0,0,0,0,0,1
-0.3531339628399226,-0.8043033970404823,-0.7566434880210966,1,0,0,0,1,1,0,0,0,1
-0.03667761605163359,-0.35486486474959156,-0.7566434880210966,0,1,0,0,0,1,0,0,0,1
-0.12818712551992345,-0.35486486474959156,-0.7566434880210966,0,1,1,0,0,0,1,0,0,1
-0.2727121389831685,-0.8043033970404823,-0.7566434880210966,0,1,1,0,0,1,0,0,0,1
-0.3175314203871361,0.09457366754129916,0.2121533166836726,0,1,0,0,1,0,0,0,0,0
-0.30836602817105907,-0.8043033970404823,-0.7566434880210966,0,0,1,0,0,0,1,0,1,0
-0.23278363409786387,-0.8043033970404823,0.2121533166836726,1,0,0,0,0,0,0,0,0,1
-0.36306313774067267,-1.253741929331373,0.2121533166836726,1,0,0,0,1,1,0,0,0,1
-0.2694564350604759,-1.253741929331373,-0.272245085668712,1,0,0,0,0,0,0,0,0,1
-0.1485974527237924,2.3417663289957527,-0.7566434880210966,1,0,1,0,0,0,1,0,0,1
0.12978849915577065,0.09457366754129916,0.6965517190360571,0,0,0,0,0,0,0,0,0,1
-0.3560222166895267,-0.35486486474959156,-0.7566434880210966,1,0,1,0,0,0,0,0,0,0
-0.3371362456840599,0.5440121998321898,-0.7566434880210966,1,0,0,0,0,0,0,0,1,0
-0.20849662839363736,0.5440121998321898,0.2121533166836726,1,0,0,1,0,1,0,0,0,1
-0.02296803777884612,0.09457366754129916,0.6965517190360571,0,0,1,0,0,0,0,0,0,1
0.3173645408328368,4.588958990450206,-0.272245085668712,0,0,1,0,0,0,0,0,0,1
-0.34483504677872684,-0.35486486474959156,0.2121533166836726,1,0,0,0,1,0,0,0,1,0
-0.27259981800012834,-0.35486486474959156,-0.7566434880210966,0,1,0,0,1,0,1,0,1,0
-0.36259780795379204,-0.8043033970404823,2.634145328445595,1,0,0,1,0,0,0,0,0,1
2.5097674363065394,-0.8043033970404823,-0.7566434880210966,1,0,0,0,0,0,0,0,0,0
-0.3166135974971508,-0.8043033970404823,-0.7566434880210966,1,0,0,1,0,1,0,0,0,1
-0.3585446250515143,0.09457366754129916,2.634145328445595,1,0,0,1,0,0,0,0,0,1
-0.3432176246229485,-0.8043033970404823,-0.7566434880210966,1,0,0,0,0,1,0,0,0,1
-0.3585446250515143,-0.35486486474959156,0.2121533166836726,0,0,0,1,0,1,0,0,0,1
-0.2052553657401928,-0.35486486474959156,-0.7566434880210966,0,0,0,0,1,0,0,1,0,0
-0.35724811999013645,-0.8043033970404823,0.2121533166836726,1,0,1,0,0,0,1,0,0,1
-0.29183237946754764,-0.8043033970404823,0.2121533166836726,0,1,0,0,0,0,1,0,0,0
-0.3190974958078103,4.139520458159316,0.2121533166836726,1,0,1,0,0,1,0,0,1,0
0.596010435558864,-0.8043033970404823,-0.7566434880210966,1,0,1,0,0,0,0,1,0,0
-0.25972783334372607,-1.253741929331373,0.2121533166836726,0,1,0,0,0,0,1,0,0,1
-0.3533457681222269,0.9934507321230805,3.11854373079798,1,0,0,0,0,0,0,0,0,1
-0.07563695131184887,1.892327796704862,-0.7566434880210966,1,0,1,0,0,0,0,0,0,0
-0.35344846159243504,-1.253741929331373,0.2121533166836726,1,0,0,0,1,0,0,0,0,1
-0.3670938564463424,-0.8043033970404823,2.634145328445595,1,0,0,0,1,0,0,0,0,1
-0.349879863502702,-0.35486486474959156,0.2121533166836726,1,0,0,0,1,1,0,0,0,1
-0.26886755219225106,4.139520458159316,0.2121533166836726,1,0,1,0,0,0,0,0,0,1
-0.06103522351662816,-0.35486486474959156,-0.7566434880210966,0,0,1,0,0,0,0,0,0,1
-0.3193799028508827,2.3417663289957527,0.2121533166836726,1,0,0,1,0,0,0,0,0,0
-0.03771738743749106,-0.35486486474959156,0.2121533166836726,0,0,0,0,1,1,0,0,0,1
0.7119706184495247,-0.8043033970404823,0.2121533166836726,1,0,1,0,0,0,0,0,0,1
-0.3454640442837517,-0.8043033970404823,-0.7566434880210966,0,0,1,0,0,0,0,0,0,1
-0.3255671844309235,-0.8043033970404823,-0.7566434880210966,1,0,0,0,1,0,0,0,0,0
-0.34052192102998474,0.09457366754129916,-0.7566434880210966,1,0,0,1,0,0,0,0,1,0
-0.2831419445511833,2.7912048612866434,-0.7566434880210966,1,0,0,0,0,0,0,0,0,1
0.7930214398113038,4.588958990450206,0.2121533166836726,1,0,0,0,0,0,0,0,0,1
-0.08004956135985514,-0.35486486474959156,-0.7566434880210966,0,1,0,0,1,0,0,1,0,0
1.1993217363479443,0.9934507321230805,-0.272245085668712,0,0,1,0,0,1,0,0,0,1
-0.3508554514696794,1.4428892644139713,-0.7566434880210966,1,0,1,0,0,1,0,0,0,1
0.35732834659852547,1.4428892644139713,-0.7566434880210966,1,0,0,0,1,0,1,0,1,0
-0.2976217238505318,-0.8043033970404823,1.1809501213884417,0,1,1,0,0,0,0,1,0,0
-0.3232565813512402,0.09457366754129916,-0.7566434880210966,1,0,0,0,0,0,0,0,0,0
-0.29982963346000696,0.5440121998321898,-0.7566434880210966,1,0,0,0,0,1,0,0,0,1
-0.3510640475810397,-0.35486486474959156,-0.7566434880210966,1,0,1,0,0,0,0,0,1,0
-0.3434101748795888,-0.8043033970404823,0.2121533166836726,1,0,1,0,0,0,0,1,0,0
-0.010914391713165017,2.3417663289957527,0.2121533166836726,1,0,0,0,1,0,0,0,0,1
7.493529683072012,1.4428892644139713,-0.7566434880210966,0,1,1,0,0,0,0,0,0,1
-0.30135719882935313,2.3417663289957527,0.2121533166836726,1,0,0,0,0,0,0,0,0,1
-0.2437461620425834,-0.35486486474959156,0.2121533166836726,0,0,0,1,0,0,1,0,0,1
-0.3521904665823853,-0.8043033970404823,0.2121533166836726,1,0,0,0,0,1,0,0,0,1
-0.21483795017899035,0.09457366754129916,0.2121533166836726,0,1,0,1,0,0,0,0,0,1
-0.29758321379920377,-0.35486486474959156,-0.7566434880210966,1,0,0,0,1,0,0,0,0,1
-0.3578386074438333,-0.8043033970404823,0.2121533166836726,1,0,0,0,1,1,0,0,0,1
-0.2758250347988529,1.4428892644139713,-0.7566434880210966,1,0,0,0,0,1,0,0,1,0
-0.3517540193340007,0.5440121998321898,0.2121533166836726,1,0,0,0,1,0,1,0,0,1
-0.1914751857066372,0.09457366754129916,0.2121533166836726,1,0,0,0,1,0,1,0,0,1
-0.3335419742267748,0.5440121998321898,3.11854373079798,1,0,0,0,0,0,0,0,1,0
1.417115331633757,1.892327796704862,0.2121533166836726,1,0,0,0,1,1,0,0,0,1
0.7794787384276044,-0.8043033970404823,-0.7566434880210966,1,0,0,0,1,1,0,0,0,0
0.2267439717160362,0.09457366754129916,0.2121533166836726,0,1,0,0,0,0,1,0,0,1
-0.35762038381964095,-1.253741929331373,0.2121533166836726,1,0,1,0,0,1,0,0,0,1
-0.28103672841191635,1.4428892644139713,0.2121533166836726,0,0,1,0,0,0,1,0,0,1
0.27429104842240765,0.5440121998321898,-0.7566434880210966,1,0,0,0,1,0,0,0,0,1
1.5848651152187632,-0.8043033970404823,0.2121533166836726,1,0,1,0,0,0,0,0,0,1
-0.261088521823984,1.4428892644139713,0.2121533166836726,1,0,0,0,0,0,0,0,1,0
-0.3371201998293399,-0.8043033970404823,0.2121533166836726,0,0,0,1,0,0,1,0,0,0
-0.3303681041631543,-0.8043033970404823,0.2121533166836726,1,0,0,0,0,0,0,0,0,1
-0.3376336671803806,-0.35486486474959156,-0.7566434880210966,1,0,0,0,1,0,0,1,0,0
-0.33301246102101406,-0.35486486474959156,-0.7566434880210966,1,0,0,1,0,1,0,0,1,0
-0.36279356738137636,-0.8043033970404823,-0.7566434880210966,1,0,0,1,0,0,1,0,0,1
-0.3401047288072641,0.5440121998321898,-0.7566434880210966,1,0,0,0,1,0,0,0,0,1
-0.33172879264341226,0.09457366754129916,-0.7566434880210966,1,0,1,0,0,0,0,0,0,0
0.08039293998565249,0.5440121998321898,0.2121533166836726,0,1,1,0,0,1,0,0,0,1
-0.2841817159370408,-0.35486486474959156,0.2121533166836726,1,0,0,0,0,0,1,1,0,0
-0.29556143610448093,0.5440121998321898,2.634145328445595,1,0,0,1,0,0,1,0,0,1
-0.345640548685672,0.5440121998321898,-0.7566434880210966,1,0,0,0,1,0,0,0,0,1
-0.3003431008110477,0.09457366754129916,-0.7566434880210966,1,0,0,1,0,1,0,1,0,0
0.7670271551648667,-0.35486486474959156,0.2121533166836726,0,1,0,0,1,0,0,0,0,1
-0.31900442985043415,-0.35486486474959156,-0.7566434880210966,1,0,0,0,1,1,0,0,0,0
-0.35842909489753016,-1.253741929331373,-0.7566434880210966,1,0,0,0,1,0,0,0,0,1
0.9272771062537342,0.5440121998321898,-0.7566434880210966,1,0,0,0,1,0,0,0,0,1
-0.23406088413357767,-0.8043033970404823,1.1809501213884417,0,1,1,0,0,0,0,0,0,0
-0.3189177822349461,0.9934507321230805,0.2121533166836726,1,0,0,1,0,0,1,0,0,1
-0.33566965456264986,1.4428892644139713,0.2121533166836726,1,0,1,0,0,1,0,0,0,0
-0.17123173539185652,1.4428892644139713,0.2121533166836726,1,0,0,0,1,0,0,0,0,1
0.2911905426135356,0.09457366754129916,-0.030045884492519763,0,0,0,0,1,0,1,1,0,0
-0.3637563186645777,0.09457366754129916,3.11854373079798,1,0,0,0,0,0,0,0,0,1
-0.08377540882584443,-0.8043033970404823,0.2121533166836726,1,0,0,0,0,0,0,0,0,1
-0.3222136007944387,0.5440121998321898,-0.7566434880210966,1,0,0,0,0,0,1,0,0,1
1.4693863079697032,0.09457366754129916,0.2121533166836726,0,1,0,0,1,1,0,0,0,1
0.8251452409607893,0.5440121998321898,0.6965517190360571,0,0,0,0,0,0,0,0,1,0
-0.30191559457360995,0.5440121998321898,-0.7566434880210966,1,0,0,0,1,1,0,0,1,0
1.277285335261591,0.9934507321230805,-0.7566434880210966,0,0,1,0,0,1,0,0,0,1
-0.05576576482657265,0.09457366754129916,0.2121533166836726,1,0,1,0,0,0,0,0,0,1
-0.30243548026653866,0.9934507321230805,0.2121533166836726,1,0,1,0,0,1,0,0,0,1
-0.34385945881174945,-0.8043033970404823,-0.7566434880210966,1,0,1,0,0,0,0,0,0,1
0.6562144824683896,2.3417663289957527,-0.7566434880210966,0,0,0,1,0,0,0,0,0,1
-0.2573081184519466,0.5440121998321898,-0.7566434880210966,1,0,1,0,0,0,0,0,0,1
-0.1136335352888628,0.5440121998321898,2.1497469260932105,0,0,0,0,0,0,0,0,0,1
0.5679301897988243,0.5440121998321898,0.2121533166836726,0,1,0,0,1,1,0,0,0,0
0.2664927630284766,0.9934507321230805,-0.7566434880210966,0,1,1,0,0,1,0,0,0,1
-0.3207694738696367,0.5440121998321898,-0.7566434880210966,1,0,1,0,0,0,1,0,0,0
-0.356936830408568,-0.35486486474959156,-0.7566434880210966,1,0,0,0,0,0,0,0,1,0
-0.034367012971950314,-0.35486486474959156,-0.7566434880210966,1,0,0,1,0,1,0,0,0,0
-0.3163568638216305,-0.35486486474959156,-0.7566434880210966,1,0,1,0,0,1,0,0,0,1
-0.36548927097434014,0.5440121998321898,3.11854373079798,1,0,0,0,0,0,0,0,1,0
-0.3232565813512402,-0.8043033970404823,0.2121533166836726,0,1,0,0,1,1,0,0,0,0
1.5566372475952994,-0.35486486474959156,0.2121533166836726,0,1,0,0,1,0,0,0,0,1
-0.329418189563729,-0.8043033970404823,-0.7566434880210966,1,0,1,0,0,0,0,0,0,0
-0.35654210238245543,0.09457366754129916,2.634145328445595,1,0,0,0,1,0,0,0,0,1
0.045124151311042505,-0.8043033970404823,-0.7566434880210966,0,1,1,0,0,0,0,0,0,1
-0.33442449623637605,-0.8043033970404823,0.2121533166836726,0,0,0,0,1,0,1,0,0,1
-0.3199190435694755,-0.35486486474959156,-0.7566434880210966,1,0,0,0,1,0,0,0,0,1
-0.35990531353177224,-1.253741929331373,0.2121533166836726,0,1,0,0,1,0,0,0,0,1
0.39893524788754453,-0.8043033970404823,0.2121533166836726,0,0,0,0,1,0,1,0,0,1
-0.2718296169735673,-0.35486486474959156,-0.7566434880210966,1,0,1,0,0,1,0,0,0,1
-0.3143992695457876,1.892327796704862,-0.7566434880210966,1,0,1,0,0,0,1,0,1,0
-0.35833281976921,-1.253741929331373,-0.7566434880210966,1,0,0,1,0,0,1,0,0,1
-0.3546743648930448,-0.35486486474959156,-0.7566434880210966,1,0,0,0,1,1,0,0,0,1
0.48214905046558265,-0.8043033970404823,-0.7566434880210966,1,0,0,0,0,1,0,0,0,1
-0.10706115319554146,0.09457366754129916,0.2121533166836726,0,0,0,1,0,0,0,0,0,1
-0.2164072347706086,-1.253741929331373,-0.7566434880210966,0,1,0,0,1,0,1,0,0,1
-0.34251160701526756,0.5440121998321898,-0.7566434880210966,1,0,0,0,1,0,0,0,1,0
-0.16444754801623088,-0.8043033970404823,0.6965517190360571,0,0,1,0,0,0,0,0,0,1
-0.3602519039937247,-0.8043033970404823,0.2121533166836726,1,0,0,0,0,1,0,0,0,1
-0.35448181463640455,-0.35486486474959156,-0.7566434880210966,1,0,1,0,0,1,0,0,0,0
-0.12685531957816154,0.5440121998321898,0.2121533166836726,1,0,0,0,1,0,0,0,0,1
-0.3540485765589639,-0.35486486474959156,-0.7566434880210966,1,0,0,0,1,0,0,0,0,1
-0.36134623128563026,-0.35486486474959156,2.634145328445595,1,0,0,1,0,1,0,0,0,1
-0.3367671910254994,-0.8043033970404823,-0.7566434880210966,1,0,0,0,0,1,0,0,1,0
1.5774711853637768,1.4428892644139713,0.2121533166836726,0,0,0,0,1,0,0,0,0,0
-0.3323224892680531,1.4428892644139713,-0.7566434880210966,1,0,1,0,0,0,0,0,0,1
-0.15225590759995758,-0.35486486474959156,-0.7566434880210966,0,1,0,0,0,1,0,0,0,1
-0.05212656497607149,-0.8043033970404823,0.6965517190360571,0,0,0,0,0,0,0,0,0,1
-0.33131801876257966,-0.35486486474959156,0.2121533166836726,0,0,0,0,1,0,0,0,1,0
-0.34697235462743387,-0.35486486474959156,-0.7566434880210966,1,0,0,1,0,1,0,0,0,1
-0.20207828650562829,0.09457366754129916,-0.7566434880210966,1,0,0,0,1,0,0,0,0,1
-0.30158825913732146,0.9934507321230805,0.2121533166836726,1,0,0,0,1,1,0,0,0,1
-0.3546165998160527,-0.35486486474959156,2.1497469260932105,0,0,0,0,0,0,0,0,1,0
1.2473630253796923,0.9934507321230805,0.2121533166836726,0,0,1,0,0,0,1,0,0,1
-0.30796488180305853,-1.253741929331373,-0.7566434880210966,0,0,1,0,0,1,0,0,0,1
-0.32853566755412766,-0.35486486474959156,-0.7566434880210966,0,0,0,0,1,0,0,0,0,1
-0.1865972458717503,-0.8043033970404823,0.2121533166836726,0,0,1,0,0,0,1,1,0,0
-0.14298140357178443,0.5440121998321898,-0.7566434880210966,1,0,1,0,0,1,0,0,0,1
0.016235194473113484,-0.35486486474959156,0.2121533166836726,0,1,0,1,0,0,1,0,0,1
1.3954149177103985,2.7912048612866434,-0.7566434880210966,0,1,0,0,1,1,0,0,0,1
0.478265953623337,-0.8043033970404823,0.2121533166836726,0,1,1,0,0,0,0,0,0,0
1.0098330287882513,-0.35486486474959156,0.2121533166836726,0,1,0,0,1,1,0,0,0,1
-0.05602891684398105,-0.35486486474959156,-0.7566434880210966,1,0,0,0,0,0,0,0,1,0
0.25200335621629605,2.3417663289957527,1.665348523740826,0,0,0,0,1,0,1,0,0,1
-0.3581210144869057,-0.35486486474959156,0.2121533166836726,1,0,0,1,0,0,0,0,0,1
-0.29758321379920377,-0.8043033970404823,2.1497469260932105,0,0,0,0,0,0,1,0,0,1
-0.3440776824359418,0.09457366754129916,0.2121533166836726,1,0,0,0,1,0,1,0,0,1
-0.24054020026952289,0.5440121998321898,-0.7566434880210966,1,0,1,0,0,0,0,0,0,0
-0.22851543674233776,-0.8043033970404823,-0.272245085668712,1,0,0,0,0,1,0,0,0,1
-0.36555345439322023,-1.253741929331373,-0.7566434880210966,1,0,1,0,0,0,0,0,0,1
-0.3366227783330192,-0.35486486474959156,-0.7566434880210966,1,0,0,0,0,0,0,0,0,1
-0.17501855710578187,-1.253741929331373,0.2121533166836726,0,0,0,0,1,1,0,0,0,0
-0.1282192172293635,0.5440121998321898,-0.7566434880210966,0,1,0,0,1,1,0,0,1,0
-0.25766112725578716,-0.8043033970404823,-0.7566434880210966,1,0,1,0,0,0,1,0,0,0
-0.36512984382861163,0.09457366754129916,3.11854373079798,1,0,0,0,0,1,0,0,0,0
-0.342832524109668,-0.35486486474959156,-0.7566434880210966,1,0,0,0,0,0,0,0,1,0
-0.33760157547094055,1.4428892644139713,-0.7566434880210966,1,0,0,0,1,0,1,0,0,1
-0.23904793578056074,0.9934507321230805,-0.7566434880210966,1,0,0,0,1,1,0,0,0,0
-0.34713281317463407,0.09457366754129916,-0.7566434880210966,1,0,1,0,0,0,0,0,0,1
-0.11469898004227229,-0.35486486474959156,0.2121533166836726,0,1,0,1,0,0,1,0,0,0
-0.1873481918726474,-0.35486486474959156,-0.7566434880210966,1,0,0,1,0,0,1,0,0,1
-0.31750574701958406,-0.8043033970404823,0.2121533166836726,0,0,0,1,0,1,0,0,0,1
-0.09045048438937389,1.4428892644139713,0.2121533166836726,1,0,0,0,0,0,0,0,0,0
-0.2342341793645539,-1.253741929331373,0.2121533166836726,1,0,0,0,1,1,0,1,0,0
-0.2228255766586177,-1.253741929331373,-0.7566434880210966,0,0,0,0,0,1,0,0,0,1
-0.1603590642335691,0.5440121998321898,0.2121533166836726,0,0,1,0,0,0,1,0,0,1
-0.1223881536241072,-0.8043033970404823,0.2121533166836726,0,1,0,0,0,0,0,0,0,1
-0.22464517658386832,-0.35486486474959156,0.2121533166836726,1,0,1,0,0,0,0,0,0,0
-0.3508233597602393,-0.35486486474959156,-0.7566434880210966,1,0,0,0,1,0,0,0,0,1
-0.27332188146252934,-0.35486486474959156,-0.7566434880210966,1,0,0,0,1,1,0,0,0,1
-0.3123967468767288,-0.8043033970404823,0.2121533166836726,1,0,0,0,0,0,0,0,0,1
0.018680582732444957,0.09457366754129916,0.6965517190360571,0,0,0,0,0,1,0,0,0,1
-0.1946073365479857,0.09457366754129916,1.1809501213884417,0,1,1,0,0,0,0,0,0,1
-0.2564929890321695,-0.35486486474959156,0.2121533166836726,1,0,0,0,1,1,0,0,0,0
-0.33955916974678335,-0.35486486474959156,-0.7566434880210966,1,0,0,0,1,1,0,0,1,0
-0.29439971622275124,-1.253741929331373,0.2121533166836726,0,0,1,0,0,1,0,0,1,0
0.07529677652657328,-0.8043033970404823,0.2121533166836726,1,0,1,0,0,0,0,0,0,0
1.6969967571732265,0.5440121998321898,-0.7566434880210966,0,1,0,0,1,1,0,0,0,1
-0.2908760465262343,-1.253741929331373,-0.7566434880210966,0,0,0,0,1,0,0,0,1,0
0.06437917697506983,-0.8043033970404823,-0.7566434880210966,0,1,0,0,0,0,1,0,0,1
-0.048172866373057885,0.09457366754129916,0.6965517190360571,0,0,1,0,0,1,0,0,0,0
-0.29552934439504086,-0.8043033970404823,-0.7566434880210966,1,0,1,0,0,0,0,0,0,1
2.1586199516135616,1.4428892644139713,-0.7566434880210966,1,0,0,0,1,0,1,0,0,1
-0.3458748181645843,0.9934507321230805,0.2121533166836726,1,0,0,0,1,0,1,0,0,1
-0.35645224559602334,-0.8043033970404823,0.2121533166836726,1,0,1,0,0,0,0,0,0,1
-0.33423194597973577,1.4428892644139713,-0.7566434880210966,1,0,0,0,1,0,0,0,0,1
-0.34803138103895537,-0.8043033970404823,-0.7566434880210966,1,0,0,0,1,0,0,0,0,1
-0.27784039415168776,-0.8043033970404823,0.2121533166836726,1,0,0,0,0,1,0,0,0,1
-0.36083597310553356,-1.253741929331373,-0.7566434880210966,1,0,1,0,0,1,0,0,1,0
-0.3178395007977605,-0.35486486474959156,2.1497469260932105,0,0,0,0,0,0,0,0,0,1
-0.24665367091785156,-0.35486486474959156,-0.7566434880210966,0,0,1,0,0,0,0,0,0,1
-0.3273803660142861,-0.35486486474959156,-0.7566434880210966,0,0,0,0,1,0,1,0,0,0
-0.3431053036399084,0.5440121998321898,3.11854373079798,1,0,0,0,0,1,0,0,0,0
-0.04042207670909809,-1.253741929331373,0.7934313995065341,0,0,0,0,0,0,0,0,1,0
-0.3239497622751452,0.09457366754129916,0.2121533166836726,1,0,0,0,0,0,1,0,0,1
-0.357633220503417,0.09457366754129916,0.2121533166836726,1,0,0,0,0,1,0,0,0,1
-0.16350405175869356,-0.8043033970404823,-0.7566434880210966,1,0,0,0,0,0,1,0,1,0
0.10441358450152662,-0.35486486474959156,-0.7566434880210966,1,0,0,1,0,0,0,0,0,1
-0.32434769947220177,-0.35486486474959156,0.2121533166836726,1,0,0,0,0,0,0,0,0,1
0.2755586709452894,-0.8043033970404823,0.6965517190360571,0,0,0,0,0,0,0,0,1,0
-0.015978463462804213,0.5440121998321898,-0.7566434880210966,1,0,1,0,0,1,0,1,0,0
-0.3660155750091569,-1.253741929331373,0.2121533166836726,1,0,0,1,0,0,0,0,0,1
-0.32553188355053947,-0.35486486474959156,1.1809501213884417,0,1,1,0,0,0,0,0,1,0
-0.26359167516030757,-0.8043033970404823,0.2121533166836726,1,0,0,0,0,0,1,0,0,0
-0.3035522717550522,-0.8043033970404823,-0.7566434880210966,1,0,0,0,1,1,0,0,0,1
0.3652469759028567,-0.35486486474959156,0.6965517190360571,0,0,0,0,0,0,1,0,0,1
-0.14298140357178443,0.5440121998321898,-0.7566434880210966,1,0,0,1,0,0,1,0,0,1
-0.11157966588469988,-0.8043033970404823,-0.7566434880210966,1,0,1,0,0,0,0,0,0,0
-0.05641401735726161,0.5440121998321898,-0.7566434880210966,1,0,0,1,0,1,0,0,0,1
0.8653946629404943,0.09457366754129916,0.2121533166836726,1,0,1,0,0,0,0,0,0,1
-0.31059961114808626,1.4428892644139713,0.2121533166836726,1,0,0,0,0,1,0,0,0,1
-0.35257556709566584,-0.8043033970404823,0.2121533166836726,1,0,0,0,1,0,0,0,0,1
-0.26188920997451315,-0.35486486474959156,1.665348523740826,0,0,0,0,0,1,0,0,0,1
0.1578366532063704,0.09457366754129916,0.2121533166836726,0,1,0,0,0,0,0,0,0,1
-0.31257004210770506,-0.8043033970404823,-0.7566434880210966,1,0,0,1,0,0,1,0,0,0
1.3306217563509464,0.09457366754129916,-0.7566434880210966,0,0,0,1,0,1,0,0,0,1
-0.35950416716377165,-1.253741929331373,-0.7566434880210966,1,0,0,0,0,0,0,0,0,0
-0.25661814669898564,1.4428892644139713,-0.7566434880210966,1,0,0,1,0,0,0,0,0,1
0.6965152511831988,0.09457366754129916,0.2121533166836726,1,0,1,0,0,0,1,1,0,0
0.37244354174478694,-0.35486486474959156,-0.7566434880210966,0,1,0,0,0,0,0,0,0,1
-0.34995688360535815,-0.8043033970404823,-0.7566434880210966,1,0,0,0,1,1,0,0,0,0
-0.1249940004306389,0.5440121998321898,2.1497469260932105,0,0,0,0,0,0,0,0,0,1
-0.33179297606229236,-0.8043033970404823,-0.7566434880210966,0,1,0,1,0,0,0,0,0,1
-0.2782479588615764,0.5440121998321898,-0.7566434880210966,1,0,0,1,0,1,0,0,0,1
0.31857760744967045,-0.35486486474959156,-0.7566434880210966,0,1,0,0,1,0,0,0,1,0
-0.3595843964373718,-0.8043033970404823,-0.7566434880210966,1,0,0,0,1,0,1,0,0,1
-0.03996701626923828,0.5440121998321898,-0.7566434880210966,1,0,0,0,1,1,0,0,0,0
-0.2919992563566359,0.9934507321230805,-0.7566434880210966,1,0,0,0,0,0,1,0,1,0
0.2073124416500886,-0.35486486474959156,0.6965517190360571,0,0,0,0,0,0,1,0,0,0
-0.26610124683851916,0.9934507321230805,-0.7566434880210966,1,0,0,0,0,1,0,0,0,1
-0.35711333481048824,-0.8043033970404823,-0.7566434880210966,1,0,1,0,0,1,0,0,1,0
-0.361856489465727,-0.35486486474959156,0.2121533166836726,1,0,0,0,0,0,0,0,0,1
0.28359764416002087,0.5440121998321898,-0.7566434880210966,1,0,1,0,0,0,0,0,0,1
-0.2550937905005835,-0.8043033970404823,-0.7566434880210966,1,0,0,0,1,0,0,0,1,0
0.7620208484922196,0.09457366754129916,-0.7566434880210966,1,0,0,0,0,0,0,0,1,0
-0.3303552674793783,-0.35486486474959156,2.1497469260932105,0,0,0,0,0,0,1,0,0,1
-0.3284554382805276,-0.8043033970404823,-0.7566434880210966,0,0,1,0,0,0,1,0,0,1
-0.2598433634977102,0.5440121998321898,0.2121533166836726,1,0,0,1,0,0,1,0,0,0
-0.2093470586937986,-0.35486486474959156,-0.7566434880210966,0,1,0,0,1,1,0,0,0,1
0.33374094016009204,-0.35486486474959156,-0.7566434880210966,0,1,1,0,0,0,0,0,0,1
-0.29902734072400583,-0.35486486474959156,-0.7566434880210966,0,1,0,0,1,0,0,0,1,0
1.0894525599090044,2.3417663289957527,-0.7566434880210966,0,0,1,0,0,0,0,0,0,0
-0.36168961257663873,-0.8043033970404823,0.2121533166836726,1,0,0,1,0,0,0,0,0,1
-0.2857895105799871,-1.253741929331373,-0.7566434880210966,0,0,0,1,0,0,0,0,0,1
-0.35534829079128577,0.5440121998321898,-0.7566434880210966,1,0,0,0,1,1,0,0,0,1
-0.340040545388384,-0.35486486474959156,-0.7566434880210966,1,0,0,1,0,1,0,0,1,0
0.9490192393993649,0.09457366754129916,1.665348523740826,0,1,0,1,0,0,1,0,0,1
0.5962832150891045,-0.35486486474959156,1.665348523740826,0,0,0,0,0,0,0,0,0,1
-0.3416290850056663,-1.253741929331373,-0.7566434880210966,0,1,0,0,1,0,1,1,0,0
-0.3582686363503299,-0.8043033970404823,-0.7566434880210966,1,0,1,0,0,1,0,0,0,1
-0.28803272106984623,-0.35486486474959156,0.2121533166836726,1,0,1,0,0,1,0,0,0,1
-0.3544433045850765,0.9934507321230805,2.634145328445595,1,0,0,0,1,0,1,0,0,1
-0.32476489169492234,-0.8043033970404823,-0.7566434880210966,0,0,0,0,0,0,1,0,0,1
0.2581649644287848,0.5440121998321898,-0.7566434880210966,0,1,1,0,0,0,0,0,0,1
-0.16666508513853803,-1.253741929331373,-0.7566434880210966,0,1,0,0,0,0,1,0,0,1
-0.2725613079488003,-0.8043033970404823,2.634145328445595,0,1,0,0,1,1,0,0,1,0
-0.3376336671803806,-0.35486486474959156,-0.7566434880210966,1,0,0,1,0,0,0,0,0,0
0.06672187176419311,-0.35486486474959156,-0.7566434880210966,1,0,0,0,1,0,0,0,0,1
-0.36168961257663873,-0.8043033970404823,0.2121533166836726,1,0,0,0,0,0,0,0,0,1
-0.3552712706886296,-0.8043033970404823,0.2121533166836726,1,0,1,0,0,1,0,0,1,0
0.7828162762093692,-0.35486486474959156,0.2121533166836726,0,0,0,0,1,0,0,0,1,0
-0.2479533851501734,2.3417663289957527,-0.7566434880210966,0,0,0,0,0,0,1,0,1,0
-0.12937130959826112,-0.35486486474959156,0.2121533166836726,0,0,1,0,0,0,0,0,1,0
-0.34803138103895537,-0.8043033970404823,-0.7566434880210966,1,0,0,0,1,0,0,1,0,0
-0.340752981337953,-0.35486486474959156,2.1497469260932105,0,0,0,0,0,0,0,0,0,1
-0.3569849679727281,0.5440121998321898,2.634145328445595,1,0,0,1,0,0,1,0,0,1
-0.1889206856352096,0.5440121998321898,0.2121533166836726,1,0,0,0,1,0,1,0,0,1
0.44177126164811725,0.09457366754129916,2.634145328445595,1,0,0,1,0,0,0,0,1,0
-0.23416999594567378,0.5440121998321898,0.2121533166836726,1,0,0,0,1,0,1,0,0,0
0.47611901826179803,-0.8043033970404823,0.6965517190360571,0,0,1,0,0,0,1,0,0,1
-0.3361414026914185,-0.35486486474959156,-0.7566434880210966,0,1,1,0,0,0,0,0,1,0
-0.3368955578632596,-1.253741929331373,-0.7566434880210966,1,0,1,0,0,0,0,0,0,0
-0.3496488031947337,-0.35486486474959156,0.2121533166836726,1,0,0,1,0,0,1,0,0,1
0.23343830230522963,-1.253741929331373,-0.7566434880210966,1,0,0,0,0,0,0,0,0,1
-0.35450106966206857,-0.8043033970404823,0.2121533166836726,1,0,0,0,0,0,0,0,0,0
-0.3576974039222971,-0.35486486474959156,0.2121533166836726,1,0,0,0,0,0,1,0,0,1
-0.042261573494201496,-0.35486486474959156,-0.7566434880210966,1,0,0,0,1,0,0,0,0,0
0.5938763368811012,-0.35486486474959156,-0.7566434880210966,0,1,0,1,0,0,1,0,1,0
0.30371272763704144,0.09457366754129916,0.2121533166836726,0,0,0,1,0,0,1,0,0,1
-0.30918436676178024,2.3417663289957527,-0.7566434880210966,1,0,0,0,1,0,0,0,0,1
-0.060797744866771836,0.09457366754129916,0.2121533166836726,0,1,0,0,0,0,0,0,0,1
-0.31496408363193246,-0.8043033970404823,0.2121533166836726,1,0,1,0,0,0,0,0,1,0
-0.29952476222032653,1.4428892644139713,-0.7566434880210966,1,0,0,0,0,0,1,0,1,0
-0.3457977980619282,-0.35486486474959156,0.2121533166836726,1,0,0,1,0,1,0,0,0,0
-0.3486090318088762,-0.35486486474959156,-0.7566434880210966,1,0,0,0,1,0,0,0,1,0
-0.36420560259673834,-1.253741929331373,-0.7566434880210966,1,0,0,0,1,0,0,0,1,0
-0.24047601685064274,-1.253741929331373,-0.7566434880210966,0,1,0,0,1,0,1,0,0,1
0.07070124373475879,1.892327796704862,0.2121533166836726,1,0,0,0,1,1,0,0,0,0
-0.34738954685015444,-0.8043033970404823,-0.7566434880210966,1,0,1,0,0,1,0,0,0,1
-0.3213310787848375,-0.8043033970404823,-0.7566434880210966,1,0,0,0,1,0,1,0,0,0
-0.1003924959739,0.9934507321230805,-0.272245085668712,1,0,0,0,0,1,0,0,0,0
-0.30466906324356585,-0.8043033970404823,0.2121533166836726,0,1,0,0,0,0,0,0,0,1
-0.3496038748015176,0.5440121998321898,3.11854373079798,1,0,0,0,0,1,0,0,0,1
-0.28859753515599107,-0.8043033970404823,-0.7566434880210966,0,1,1,0,0,0,0,0,0,1
1.0867761113417045,0.9934507321230805,0.2121533166836726,0,1,0,0,1,0,0,0,0,1
-0.3548861701753491,-0.35486486474959156,0.2121533166836726,1,0,0,1,0,1,0,0,0,1
-0.24549195103612187,-0.8043033970404823,0.2121533166836726,1,0,0,0,0,0,0,0,0,0
0.04101641250271663,2.3417663289957527,-0.7566434880210966,0,1,1,0,0,1,0,0,0,1
-0.3669205612153662,-1.253741929331373,3.11854373079798,1,0,0,0,0,0,0,0,0,1
-0.35065006452926306,-0.8043033970404823,0.2121533166836726,1,0,0,0,1,0,0,0,0,0
-0.21482511349521438,-0.35486486474959156,0.2121533166836726,0,1,0,1,0,0,0,0,0,1
-0.3284554382805276,-0.8043033970404823,-0.7566434880210966,0,0,0,0,1,0,0,0,0,0
0.5039393211753734,1.892327796704862,-0.7566434880210966,0,1,1,0,0,0,0,0,0,1
-0.3057473446807514,4.139520458159316,0.2121533166836726,1,0,1,0,0,0,0,0,0,1
0.40129719770233185,0.9934507321230805,0.2121533166836726,0,1,1,0,0,0,0,0,1,0
-0.09582905489152553,-0.35486486474959156,0.2121533166836726,0,0,0,0,1,1,0,0,0,1
-0.09909599091252216,0.5440121998321898,-0.7566434880210966,1,0,0,0,1,0,0,0,0,1
-0.14424902609466622,0.5440121998321898,0.2121533166836726,0,1,1,0,0,1,0,0,0,1
-0.13867790533587435,-1.253741929331373,0.2121533166836726,0,0,0,0,1,1,0,0,1,0
-0.11971491422775142,-0.35486486474959156,-0.7566434880210966,0,0,0,0,1,0,0,0,1,0
-0.36083597310553356,-1.253741929331373,-0.7566434880210966,1,0,0,1,0,0,1,0,0,1
-0.07701689481777081,1.4428892644139713,-0.7566434880210966,1,0,0,1,0,0,0,0,0,1
-0.05617653870740524,0.09457366754129916,0.2121533166836726,0,0,0,0,1,0,0,0,0,0
-0.3608744831568616,0.09457366754129916,2.634145328445595,1,0,1,0,0,0,0,0,0,1
-0.28246801865294235,2.3417663289957527,-0.7566434880210966,1,0,0,0,1,0,0,0,0,1
-0.22364391524933885,-0.8043033970404823,-0.7566434880210966,0,1,1,0,0,0,0,0,0,1
-0.06048966445614738,0.09457366754129916,-0.7566434880210966,1,0,1,0,0,0,0,0,0,1
3.0888944248616013,0.5440121998321898,-0.7566434880210966,0,0,1,0,0,0,0,0,0,1
0.15404341315055706,-0.8043033970404823,-0.7566434880210966,1,0,0,0,0,0,0,0,0,0
-0.07371144874544616,0.09457366754129916,-0.7566434880210966,0,0,1,0,0,1,0,0,0,1
1.7975561287036086,0.9934507321230805,-0.7566434880210966,1,0,0,1,0,0,0,0,0,0
-0.1308346915487272,2.3417663289957527,-0.7566434880210966,0,1,0,0,1,0,0,0,1,0
-0.34905831574103685,0.09457366754129916,-0.7566434880210966,1,0,0,0,1,0,1,0,0,1
-0.21083932318276075,2.3417663289957527,-0.7566434880210966,1,0,0,1,0,1,0,0,0,1
0.2919414886144327,-0.8043033970404823,-0.7566434880210966,0,0,0,1,0,0,1,0,0,0
-0.31736775266899186,0.5440121998321898,2.634145328445595,1,0,1,0,0,0,0,0,1,0
-0.34483504677872684,-1.253741929331373,0.2121533166836726,1,0,1,0,0,0,0,0,0,1
-0.35477064002136494,0.5440121998321898,0.2121533166836726,1,0,0,1,0,0,0,0,0,1
-0.35881419541081067,-0.35486486474959156,0.2121533166836726,1,0,0,0,0,0,1,0,0,1
-0.25216702659965134,0.09457366754129916,0.2121533166836726,0,0,0,1,0,0,0,0,0,1
-0.27332188146252934,-0.35486486474959156,-0.7566434880210966,1,0,1,0,0,1,0,0,1,0
-0.3106284936865823,-0.35486486474959156,-0.7566434880210966,1,0,0,0,0,1,0,0,0,0
-0.36451368300736275,-1.253741929331373,0.2121533166836726,1,0,0,0,1,0,0,0,0,1
0.6553608429972844,1.4428892644139713,0.2121533166836726,0,0,0,0,1,0,0,0,0,1
-0.32723595332180583,0.09457366754129916,-0.7566434880210966,1,0,0,0,1,1,0,0,0,1
-0.33582369476796203,-0.35486486474959156,0.2121533166836726,1,0,0,0,0,1,0,0,1,0
0.5799966725482815,0.09457366754129916,-0.7566434880210966,0,0,0,1,0,1,0,0,0,1
-0.17603586429503132,2.3417663289957527,-0.7566434880210966,1,0,0,0,1,0,0,0,0,1
-0.35371161360984343,0.5440121998321898,2.634145328445595,1,0,1,0,0,0,1,0,0,1
0.21259794619486408,-0.35486486474959156,0.2121533166836726,0,0,0,0,1,1,0,0,0,1
-0.32890472221268824,-0.8043033970404823,-0.7566434880210966,1,0,1,0,0,1,0,0,0,1
0.2165259714303257,3.6900819258684248,-0.7566434880210966,1,0,0,1,0,1,0,0,1,0
3.085486285319068,-0.35486486474959156,0.2121533166836726,1,0,1,0,0,0,0,0,0,1
-0.36682428608704604,-0.8043033970404823,3.11854373079798,1,0,0,0,0,0,0,0,0,1
1.8012107325746416,2.3417663289957527,0.7934313995065341,0,0,0,0,0,0,0,0,1,0
-0.3647832533666591,-1.253741929331373,0.2121533166836726,1,0,0,0,0,1,0,0,0,1
-0.3376978505992607,0.5440121998321898,-0.7566434880210966,1,0,0,0,1,1,0,0,0,1
0.0932456696163908,-0.35486486474959156,-0.7566434880210966,0,1,0,1,0,1,0,0,0,1
1.3133403708174818,0.5440121998321898,1.1809501213884417,0,0,1,0,0,1,0,0,1,0
0.2241894716446086,-0.35486486474959156,0.2121533166836726,0,1,0,0,0,1,0,0,0,0
-0.24058833783368289,0.09457366754129916,-0.7566434880210966,0,0,0,0,1,1,0,0,0,1
-0.36143287890111836,-0.8043033970404823,0.2121533166836726,1,0,0,0,0,0,0,0,0,0
-0.008196223923593178,0.5440121998321898,-0.7566434880210966,0,1,0,0,0,0,0,0,0,0
-0.2534121849259251,3.6900819258684248,1.1809501213884417,0,1,1,0,0,1,0,0,1,0
0.019354508630685892,0.09457366754129916,1.1809501213884417,0,0,1,0,0,1,0,0,0,1
0.09325529712922277,-0.35486486474959156,0.2121533166836726,0,0,1,0,0,1,0,0,0,1
-0.3232565813512402,0.5440121998321898,-0.7566434880210966,1,0,0,0,1,1,0,0,1,0
-0.030772741514665202,-0.8043033970404823,-0.7566434880210966,0,0,1,0,0,1,0,0,0,0
-0.2116287792349858,-0.8043033970404823,0.2121533166836726,0,1,0,0,0,1,0,0,1,0
-0.32723595332180583,0.09457366754129916,-0.7566434880210966,1,0,0,0,1,1,0,0,0,1
-0.2481940729709737,0.9934507321230805,-0.7566434880210966,1,0,0,0,1,0,0,0,0,0
-0.28649231901672406,-0.35486486474959156,0.2121533166836726,1,0,0,0,1,0,0,0,0,0
-0.12207365487159476,3.240643393577534,-0.7566434880210966,1,0,0,0,1,0,0,0,1,0
2.116660041520702,2.3417663289957527,1.1809501213884417,0,0,1,0,0,1,0,0,0,1
-0.2833858415429277,-0.8043033970404823,0.2121533166836726,1,0,0,0,1,0,0,0,0,0
-0.0711312753064665,1.4428892644139713,0.2121533166836726,0,1,0,0,1,1,0,1,0,0
-0.33670942594850733,-0.35486486474959156,0.2121533166836726,0,0,0,1,0,1,0,0,0,0
-0.30465943573073384,-1.253741929331373,-0.7566434880210966,0,1,1,0,0,0,0,0,1,0
2.303802845120327,-0.8043033970404823,-0.7566434880210966,1,0,0,1,0,0,0,0,0,0
0.44944358708249615,0.5440121998321898,-0.030045884492519763,0,0,0,0,1,1,0,0,0,1
-0.32145944562259765,0.09457366754129916,-0.7566434880210966,1,0,0,0,0,0,0,0,0,1
-0.36409969995558616,-0.8043033970404823,2.634145328445595,1,0,0,1,0,0,0,0,0,1
-0.3457207779592721,0.5440121998321898,-0.7566434880210966,1,0,0,0,1,1,0,0,1,0
-0.1854419443319087,-1.253741929331373,0.2121533166836726,1,0,0,0,1,1,0,0,0,1
-0.234298362783434,-0.8043033970404823,0.2121533166836726,1,0,0,0,1,0,0,0,1,0
-0.2982571396974448,-0.8043033970404823,-0.7566434880210966,1,0,0,0,0,0,0,0,0,1
0.3628160289127733,0.5440121998321898,1.1809501213884417,0,0,1,0,0,0,1,0,0,0
0.045926444047043644,-0.8043033970404823,0.2121533166836726,1,0,0,1,0,0,0,0,0,1
-0.2534121849259251,2.3417663289957527,0.2121533166836726,0,1,0,0,1,0,0,1,0,0
-0.35034198411863865,0.5440121998321898,0.2121533166836726,1,0,0,0,1,0,0,0,0,1
0.022679209728674616,0.09457366754129916,3.11854373079798,1,0,0,0,0,0,0,0,1,0
0.5553630763821024,0.09457366754129916,0.2121533166836726,0,1,0,0,0,0,0,0,0,0
-0.32622506447444444,-0.35486486474959156,-0.7566434880210966,1,0,1,0,0,0,0,0,0,1
-0.3281987046050072,0.5440121998321898,0.2121533166836726,1,0,1,0,0,0,0,0,0,0
-0.36317866789465686,-0.8043033970404823,-0.7566434880210966,1,0,1,0,0,1,0,0,1,0
-0.31545187761542115,1.4428892644139713,0.2121533166836726,1,0,1,0,0,0,0,0,0,1
-0.1249940004306389,0.09457366754129916,-0.7566434880210966,0,1,0,1,0,0,1,0,0,1
-0.3596566027836119,0.5440121998321898,2.634145328445595,1,0,1,0,0,0,0,0,0,1
-0.02227485685494116,-0.35486486474959156,0.2121533166836726,0,0,0,0,1,0,0,0,1,0
-0.2340897666720737,-0.35486486474959156,-0.7566434880210966,0,1,1,0,0,1,0,0,0,0
-0.25894479563338896,-0.8043033970404823,0.2121533166836726,1,0,1,0,0,0,0,0,0,1
-0.1570536181612444,-0.8043033970404823,-0.7566434880210966,0,1,0,0,0,0,1,0,0,1
-0.34315344120406843,0.09457366754129916,0.2121533166836726,1,0,0,0,0,0,1,0,1,0
-0.04792576021036954,-1.253741929331373,-0.7566434880210966,0,1,0,0,1,0,0,1,0,0
-0.29552934439504086,-0.8043033970404823,-0.7566434880210966,1,0,0,0,1,0,1,0,0,1
-0.33365429520981493,1.892327796704862,-0.7566434880210966,1,0,0,0,1,0,0,0,0,1
-0.2507806647518414,0.09457366754129916,0.2121533166836726,0,1,0,1,0,1,0,0,0,1
-0.35810817780312965,-1.253741929331373,-0.7566434880210966,1,0,1,0,0,0,0,1,0,0
-0.29289782422095717,1.4428892644139713,0.2121533166836726,1,0,0,0,1,0,0,0,1,0
-0.31059961114808626,1.4428892644139713,0.2121533166836726,1,0,0,0,1,0,0,0,0,1
0.35254347272101466,-0.8043033970404823,0.2121533166836726,0,0,0,0,1,0,1,0,0,1
-0.32887263050324816,0.5440121998321898,-0.7566434880210966,1,0,1,0,0,0,0,0,0,1
-0.1803072708215014,1.4428892644139713,0.2121533166836726,1,0,0,0,1,0,0,0,0,1
-0.34706862975575403,-0.8043033970404823,-0.7566434880210966,1,0,0,0,0,1,0,0,0,1
-0.32723595332180583,0.5440121998321898,0.2121533166836726,1,0,0,0,0,0,0,0,0,1
-0.31509245046969264,1.4428892644139713,0.2121533166836726,1,0,0,0,1,0,0,0,0,1
-0.35265258719832193,0.9934507321230805,-0.7566434880210966,1,0,0,0,1,1,0,1,0,0
-0.34243137774166743,0.5440121998321898,-0.7566434880210966,1,0,1,0,0,0,0,0,0,1
-0.19245077367361463,-0.8043033970404823,-0.7566434880210966,1,0,0,0,1,1,0,0,0,0
-0.3521904665823853,-0.8043033970404823,0.2121533166836726,1,0,0,0,1,0,0,0,0,1
0.0998726076157602,0.09457366754129916,1.665348523740826,0,0,0,0,0,0,0,0,0,0
-0.31472018664018814,0.09457366754129916,-0.7566434880210966,1,0,0,0,0,0,0,0,1,0
-0.3018835028641699,1.4428892644139713,0.2121533166836726,0,1,0,0,0,0,0,0,0,1
-0.3464909789858332,-0.35486486474959156,0.2121533166836726,1,0,1,0,0,0,1,0,0,1
-0.12005187717687191,0.09457366754129916,-0.7566434880210966,1,0,1,0,0,1,0,0,0,1
-0.34788696834647514,0.5440121998321898,-0.7566434880210966,1,0,1,0,0,1,0,0,1,0
-0.3588527054621387,0.09457366754129916,2.634145328445595,1,0,1,0,0,0,1,0,0,1
0.6920865952804726,-0.8043033970404823,1.1809501213884417,0,0,1,0,0,1,0,0,0,1
2.6638236874734784,0.5440121998321898,3.11854373079798,1,0,0,0,0,1,0,0,0,1
-0.3457207779592721,0.5440121998321898,-0.7566434880210966,1,0,0,1,0,1,0,0,0,1
-0.32519492060141897,-0.35486486474959156,0.2121533166836726,0,1,0,1,0,1,0,0,0,1
-0.3166135974971508,-0.8043033970404823,-0.7566434880210966,1,0,1,0,0,0,0,1,0,0
-0.17637282724415182,-0.35486486474959156,-0.7566434880210966,0,0,0,0,1,0,0,0,0,1
0.01614533768668134,1.892327796704862,-0.7566434880210966,0,1,0,1,0,0,0,0,0,1
-0.11212522494518067,-0.8043033970404823,-0.7566434880210966,0,1,1,0,0,1,0,0,0,1
-0.34310209446896434,-0.35486486474959156,0.2121533166836726,1,0,0,0,0,0,1,0,0,1
0.02586912564701514,-0.8043033970404823,-0.7566434880210966,0,0,1,0,0,1,0,0,1,0
-0.33291618589269395,-0.8043033970404823,-0.7566434880210966,1,0,0,0,0,0,0,0,0,1
0.045124151311042505,-0.8043033970404823,-0.7566434880210966,0,1,0,0,0,1,0,0,0,1
-0.08914756098610803,-0.35486486474959156,-0.7566434880210966,1,0,1,0,0,0,0,0,0,1
-0.27784039415168776,-0.8043033970404823,0.2121533166836726,1,0,0,0,0,0,0,1,0,0
-0.2452239852622975,2.3417663289957527,2.634145328445595,1,0,0,0,1,1,0,0,0,1
-0.33658105911074715,0.09457366754129916,0.2121533166836726,0,0,1,0,0,0,0,0,1,0
-0.34803138103895537,-0.8043033970404823,-0.7566434880210966,1,0,0,0,1,0,0,0,0,1
1.3640869909550262,0.09457366754129916,1.1809501213884417,0,1,1,0,0,0,0,0,0,1
-0.3596566027836119,0.5440121998321898,2.634145328445595,1,0,1,0,0,0,1,0,0,0
0.22358486383875814,-0.35486486474959156,0.7934313995065341,0,0,0,0,0,1,0,0,0,1
-0.01360046779329684,-0.8043033970404823,-0.272245085668712,0,0,1,0,0,1,0,0,0,1
0.0479482217417665,4.139520458159316,-0.7566434880210966,1,0,1,0,0,1,0,0,0,1
-0.06048966445614738,0.5440121998321898,0.2121533166836726,1,0,0,1,0,0,0,0,0,1
-0.2999098627336071,-1.253741929331373,-0.7566434880210966,0,1,1,0,0,0,0,0,0,1
-0.3097909000701971,-1.253741929331373,0.2121533166836726,0,1,0,1,0,0,1,0,1,0
-0.024001390822815598,0.5440121998321898,-0.7566434880210966,1,0,0,1,0,0,0,0,1,0
-0.30502849038929436,1.892327796704862,-0.7566434880210966,0,0,1,0,0,0,0,0,0,1
-0.3551172304833174,-0.8043033970404823,0.2121533166836726,1,0,0,0,1,0,0,0,1,0
-0.3473382001150504,-0.35486486474959156,0.2121533166836726,1,0,1,0,0,0,0,0,0,0
-0.35034198411863865,0.09457366754129916,-0.7566434880210966,1,0,1,0,0,1,0,0,0,1
0.7276377909981548,0.09457366754129916,-0.030045884492519763,0,0,0,0,1,0,0,0,0,1
0.38593168722243804,-0.35486486474959156,0.2121533166836726,0,1,0,0,1,0,0,0,0,1
-0.3123967468767288,1.4428892644139713,0.2121533166836726,0,0,0,1,0,1,0,0,0,1
-0.30244510777937067,-0.35486486474959156,-0.7566434880210966,0,0,1,0,0,0,0,0,0,1
-0.3478388307823151,-0.8043033970404823,-0.7566434880210966,1,0,0,1,0,0,0,0,0,1
-0.325207757285195,-0.8043033970404823,0.2121533166836726,0,1,0,0,0,0,1,0,1,0
-0.3339623756204394,1.4428892644139713,0.2121533166836726,1,0,0,0,1,0,0,0,0,1
-0.34803138103895537,-0.8043033970404823,-0.7566434880210966,1,0,0,0,1,0,0,0,0,1
-0.17659746921023212,0.5440121998321898,0.2121533166836726,0,1,0,0,1,0,0,0,1,0
-0.10310745459252786,-0.35486486474959156,0.2121533166836726,0,1,0,0,0,1,0,0,0,1
-0.31936064782521867,1.4428892644139713,2.634145328445595,1,0,0,1,0,0,0,0,0,1
-0.3126406438684732,-0.35486486474959156,0.2121533166836726,0,1,0,0,0,0,0,0,0,1
-0.3232565813512402,0.5440121998321898,-0.7566434880210966,1,0,0,0,1,0,0,0,0,1
-0.19297707770843137,-1.253741929331373,0.2121533166836726,0,1,0,0,1,0,1,0,0,1
-0.35483482344024503,0.09457366754129916,-0.7566434880210966,1,0,1,0,0,0,0,0,0,1
-0.21504333711940668,0.09457366754129916,0.2121533166836726,0,1,0,0,0,1,0,0,0,0
-0.27120382863948633,-0.35486486474959156,-0.7566434880210966,0,0,0,1,0,0,0,0,0,1
-0.2780586177758801,-0.8043033970404823,2.1497469260932105,0,0,0,0,0,0,0,0,0,1
0.14879641865710955,-0.35486486474959156,-0.7566434880210966,0,0,1,0,0,0,1,0,0,1
-0.1237103320530371,0.9934507321230805,-0.7566434880210966,1,0,0,1,0,0,0,0,1,0
-0.3376336671803806,-0.35486486474959156,-0.7566434880210966,1,0,0,0,1,1,0,0,1,0
4.2637013057009,2.3417663289957527,0.2121533166836726,0,0,0,0,1,1,0,0,0,1
-0.3586088084703944,-0.8043033970404823,0.2121533166836726,1,0,0,0,1,0,0,0,0,1
-0.35201075300952106,-1.253741929331373,-0.7566434880210966,1,0,0,0,1,0,0,0,0,1
-0.31035571415634194,0.09457366754129916,-0.7566434880210966,1,0,0,0,1,0,0,0,1,0
-0.16804502864446,-0.35486486474959156,-0.7566434880210966,1,0,1,0,0,1,0,0,0,1
-0.3208095885064367,0.5440121998321898,2.634145328445595,0,1,0,0,1,0,0,0,0,1
0.686878110838353,0.5440121998321898,0.6965517190360571,0,0,0,0,0,1,0,0,0,1
-0.32723595332180583,0.09457366754129916,-0.7566434880210966,1,0,0,0,1,0,0,0,0,1
-0.35935333612940346,-0.8043033970404823,0.2121533166836726,1,0,1,0,0,0,1,1,0,0
2.2035419264877367,0.09457366754129916,0.2121533166836726,0,0,0,0,1,1,0,0,0,0
-0.17634073553471177,0.09457366754129916,-0.7566434880210966,0,1,1,0,0,0,0,0,0,0
1.0493700148183875,0.09457366754129916,0.2121533166836726,0,0,0,0,1,1,0,0,0,1
2.5190258944799924,0.5440121998321898,-0.7566434880210966,0,1,1,0,0,0,0,0,1,0
-0.15618714200636316,0.5440121998321898,0.2121533166836726,0,1,1,0,0,0,0,0,0,0
-0.3519337329068649,0.09457366754129916,0.2121533166836726,1,0,0,1,0,0,1,0,0,1
-0.3467669676870176,4.588958990450206,3.11854373079798,1,0,0,0,0,0,0,0,0,1
-0.270241077356285,-0.35486486474959156,-0.7566434880210966,1,0,0,0,1,0,0,0,0,0
0.49591639381536207,2.3417663289957527,-0.7566434880210966,0,1,0,0,1,0,0,0,1,0
0.04819853707539887,-0.8043033970404823,1.1809501213884417,0,1,1,0,0,0,0,0,0,1
-0.3368634661538195,-0.35486486474959156,-0.7566434880210966,0,0,0,0,1,0,0,0,1,0
-0.0030198311909138357,-0.35486486474959156,0.2121533166836726,0,1,0,0,0,0,1,0,0,1
-0.35562748866341415,-0.35486486474959156,2.634145328445595,1,0,0,0,1,0,0,1,0,0
0.4032612103200626,-0.8043033970404823,1.1809501213884417,0,0,1,0,0,1,0,0,0,1
-0.08404497918514083,-0.35486486474959156,0.2121533166836726,0,1,0,1,0,0,0,0,0,1
-0.16005098382294466,-0.8043033970404823,0.2121533166836726,1,0,1,0,0,0,0,0,0,1
-0.13680374950457566,-0.35486486474959156,-0.7566434880210966,1,0,0,0,1,0,0,0,0,1
-0.3594046828645075,-0.8043033970404823,0.2121533166836726,1,0,0,0,1,0,0,1,0,0
-0.22126912875077553,0.09457366754129916,-0.7566434880210966,1,0,0,1,0,0,1,0,0,1
0.11968923819498826,0.5440121998321898,-0.7566434880210966,0,0,0,1,0,0,0,0,1,0
-0.10463822913281805,-0.35486486474959156,-0.272245085668712,0,0,1,0,0,0,0,0,1,0
0.01624803115688952,-0.8043033970404823,0.2121533166836726,0,1,0,0,1,1,0,0,0,1
-0.31573428465849357,0.09457366754129916,0.2121533166836726,1,0,0,0,1,0,0,0,0,1
-0.3526044496341618,-0.35486486474959156,-0.7566434880210966,0,0,0,0,1,0,0,0,0,0
-0.3454640442837517,-0.8043033970404823,-0.7566434880210966,0,0,1,0,0,0,0,0,0,1
-0.3025895204718509,0.9934507321230805,0.2121533166836726,1,0,1,0,0,0,1,0,0,0
-0.2264166389449588,-0.35486486474959156,0.2121533166836726,0,1,0,0,1,1,0,0,0,1
3.7895527170661154,0.09457366754129916,-0.7566434880210966,1,0,1,0,0,0,1,0,0,1
0.5296287345821299,1.4428892644139713,-0.7566434880210966,0,1,1,0,0,0,1,0,0,1
-0.35935333612940346,-0.8043033970404823,0.2121533166836726,1,0,0,0,0,1,0,0,0,1
-0.060938948388308024,0.9934507321230805,-0.7566434880210966,1,0,0,1,0,0,0,0,1,0
-0.26619752196683927,0.09457366754129916,-0.7566434880210966,1,0,0,1,0,1,0,0,0,1
0.016225566960281473,-0.35486486474959156,-0.7566434880210966,0,1,1,0,0,0,0,0,1,0
-0.297021608884003,0.5440121998321898,-0.7566434880210966,0,1,0,0,1,1,0,0,0,1
-0.36040594419903693,-0.8043033970404823,0.2121533166836726,1,0,0,0,0,0,1,0,0,1
-0.31818609125971303,-0.35486486474959156,-0.7566434880210966,0,0,0,0,1,0,0,0,1,0
-0.09089976832153453,1.4428892644139713,0.2121533166836726,0,0,0,1,0,1,0,0,0,1
-0.3072492366825455,-0.35486486474959156,0.2121533166836726,1,0,0,0,1,0,0,0,0,1
-0.3335772751071589,0.09457366754129916,2.1497469260932105,0,0,0,0,0,0,0,0,0,1
-0.30715937989611336,-1.253741929331373,0.2121533166836726,1,0,0,0,0,0,0,0,0,1
-0.3554445659196059,-0.35486486474959156,-0.7566434880210966,1,0,0,1,0,0,1,0,0,1
-0.35005957707556623,-0.8043033970404823,0.2121533166836726,1,0,0,0,1,0,0,0,1,0
-0.15222381589051753,-1.253741929331373,-0.7566434880210966,0,1,1,0,0,1,0,0,0,1
-0.2576290355463471,2.3417663289957527,-0.7566434880210966,0,0,0,0,1,0,0,0,0,1
0.20879186945527473,-0.8043033970404823,-0.7566434880210966,0,1,0,0,1,1,0,0,1,0
-0.28669770595714034,0.09457366754129916,3.11854373079798,1,0,0,0,0,0,0,0,1,0
-0.3514202655558242,-0.8043033970404823,0.2121533166836726,1,0,1,0,0,1,0,0,0,1
0.5083358853686597,2.3417663289957527,-0.7566434880210966,0,0,0,0,0,0,0,1,0,0
-0.35935333612940346,-0.8043033970404823,0.2121533166836726,1,0,1,0,0,0,0,0,0,1
0.40137421780498794,0.09457366754129916,-0.7566434880210966,0,1,1,0,0,0,0,0,0,1
0.12107239087185426,-0.8043033970404823,0.6965517190360571,0,0,0,0,0,1,0,0,0,1
-0.3621774065601274,0.09457366754129916,3.11854373079798,1,0,0,0,0,0,1,1,0,0
-0.33602908170837836,1.4428892644139713,-0.7566434880210966,1,0,0,0,0,0,1,0,0,1
-0.330878362343251,-1.253741929331373,-0.7566434880210966,1,0,1,0,0,0,0,0,0,1
-0.31113875186667905,-0.35486486474959156,0.2121533166836726,1,0,0,0,0,0,0,0,1,0
-0.3288790488451362,0.09457366754129916,0.2121533166836726,1,0,0,1,0,0,0,0,0,1
-0.3434101748795888,-0.35486486474959156,-0.7566434880210966,1,0,0,0,0,0,0,0,0,1
-0.16352009761341357,-0.35486486474959156,-0.7566434880210966,0,0,0,0,0,0,0,0,0,1
-0.1282994465029636,0.5440121998321898,-0.7566434880210966,0,0,0,1,0,0,0,1,0,0
0.03495107941854802,-0.35486486474959156,0.2121533166836726,1,0,0,1,0,0,0,0,0,0
-0.34738954685015444,-0.8043033970404823,-0.7566434880210966,1,0,1,0,0,0,1,0,0,0
0.06359293009378869,-0.35486486474959156,-0.7566434880210966,1,0,0,1,0,0,0,0,1,0
-0.35201717135140903,-0.35486486474959156,2.1497469260932105,0,0,0,0,0,0,0,0,0,0
1.6302620473926515,1.4428892644139713,-0.7566434880210966,1,0,0,1,0,1,0,0,1,0
-0.20101926009410678,2.3417663289957527,3.11854373079798,1,0,0,0,0,0,1,0,0,1
0.5965720404740649,0.5440121998321898,-0.7566434880210966,1,0,1,0,0,1,0,0,0,1
2.4900342441718557,1.4428892644139713,1.1809501213884417,0,0,0,1,0,0,0,0,0,1
-0.2868774195300046,0.9934507321230805,0.2121533166836726,0,0,1,0,0,0,1,0,0,1
-0.36738589100224683,-1.253741929331373,3.11854373079798,1,0,0,0,0,1,0,0,0,1
-0.26829952893516223,1.4428892644139713,-0.7566434880210966,1,0,0,0,1,0,0,0,1,0
-0.08029024918065548,2.3417663289957527,-0.7566434880210966,1,0,0,0,0,0,1,0,1,0
-0.2560886334932249,-0.35486486474959156,-0.7566434880210966,1,0,1,0,0,1,0,0,0,1
-0.34738954685015444,-0.8043033970404823,-0.7566434880210966,1,0,0,0,1,1,0,1,0,0
-0.2553505241761039,0.09457366754129916,0.2121533166836726,0,1,1,0,0,1,0,0,0,1
-0.3376336671803806,-0.35486486474959156,-0.7566434880210966,1,0,1,0,0,0,0,0,1,0
-0.35604147171519074,-0.8043033970404823,0.2121533166836726,1,0,0,0,0,0,0,0,0,1
-0.35083940561495935,-1.253741929331373,-0.7566434880210966,1,0,1,0,0,1,0,0,1,0
-0.3633006163905291,-1.253741929331373,2.634145328445595,1,0,0,1,0,0,1,0,1,0
-0.290651404560154,-0.35486486474959156,-0.7566434880210966,1,0,0,0,1,0,0,0,0,1
-0.3376336671803806,-0.35486486474959156,-0.7566434880210966,1,0,0,0,1,0,1,0,0,0
-0.31658150578771077,-0.8043033970404823,-0.7566434880210966,1,0,0,0,0,1,0,0,0,1
0.09964796564967981,0.5440121998321898,0.2121533166836726,0,1,0,1,0,0,1,0,0,1
-0.3264272422439167,2.3417663289957527,0.2121533166836726,1,0,1,0,0,0,0,0,0,1
-0.34325613467427657,0.09457366754129916,0.2121533166836726,1,0,1,0,0,1,0,0,0,0
0.02270167392528266,-0.8043033970404823,0.6965517190360571,0,0,0,0,0,0,0,0,0,1
-0.10532178254389099,-0.35486486474959156,-0.7566434880210966,0,0,1,0,0,0,0,0,0,1
-0.34633693878052096,0.09457366754129916,3.11854373079798,1,0,0,0,0,0,0,0,0,1
-0.3545524163971726,0.09457366754129916,0.2121533166836726,1,0,0,0,1,0,0,0,0,1
0.2423020324525702,1.892327796704862,0.2121533166836726,0,1,0,0,1,1,0,0,0,0
-0.29556143610448093,-0.35486486474959156,-0.7566434880210966,1,0,0,1,0,1,0,0,1,0
-0.3376336671803806,-0.35486486474959156,-0.7566434880210966,1,0,0,0,1,1,0,0,0,0
-0.35498886364555726,1.4428892644139713,2.1497469260932105,0,0,0,0,0,0,0,0,1,0
-0.32723595332180583,0.5440121998321898,0.2121533166836726,1,0,0,0,0,1,0,0,0,1
0.17349098907122465,-0.8043033970404823,-0.7566434880210966,0,1,1,0,0,1,0,0,0,1
0.36240204586099667,-0.8043033970404823,0.2121533166836726,0,1,0,0,1,0,0,0,0,0
-0.3578386074438333,-0.8043033970404823,0.2121533166836726,1,0,0,0,0,0,0,0,1,0
0.016225566960281473,-0.35486486474959156,-0.7566434880210966,0,1,0,1,0,0,0,0,0,1
-0.2379439809758232,-0.8043033970404823,0.2121533166836726,0,0,0,0,1,1,0,0,1,0
-0.3643211327507225,-0.35486486474959156,2.634145328445595,1,0,0,1,0,1,0,0,0,1
-0.36379482871590574,-0.8043033970404823,3.11854373079798,1,0,0,0,0,0,1,0,0,1
-0.05439223966253871,0.5440121998321898,0.2121533166836726,0,1,0,0,0,0,0,0,0,1
-0.3374282802399643,-0.8043033970404823,3.11854373079798,1,0,0,0,0,0,0,0,0,1
-0.3451431271893513,0.5440121998321898,0.2121533166836726,1,0,0,1,0,0,0,0,0,1
-0.3529863409764984,-0.8043033970404823,0.2121533166836726,1,0,0,0,1,0,0,0,0,1
-0.34889785719383665,-0.35486486474959156,-0.7566434880210966,0,0,0,1,0,0,1,0,0,1
1.2356944798272917,0.09457366754129916,-0.7566434880210966,0,1,0,0,0,0,1,0,1,0
-0.297005563029283,-0.35486486474959156,0.2121533166836726,0,0,0,1,0,0,0,0,0,1
-0.264592936494837,4.588958990450206,0.2121533166836726,1,0,0,0,1,0,1,0,0,1
0.33457211543458915,0.09457366754129916,0.2121533166836726,0,1,0,0,1,0,0,0,0,1
-0.36550210765811614,-0.8043033970404823,3.11854373079798,1,0,0,0,0,0,0,0,0,1
-0.3356118894856578,-0.35486486474959156,-0.7566434880210966,0,1,0,1,0,1,0,0,0,1
-0.35224823165937735,-0.35486486474959156,2.634145328445595,1,0,1,0,0,0,0,0,0,1
-0.3592634793429713,-0.8043033970404823,-0.7566434880210966,1,0,0,0,1,1,0,0,0,1
-0.32723595332180583,0.09457366754129916,-0.7566434880210966,1,0,0,1,0,0,0,0,0,0
-0.3521904665823853,-0.8043033970404823,0.2121533166836726,1,0,1,0,0,1,0,0,0,1
-0.3447259349666307,-1.253741929331373,-0.7566434880210966,0,1,1,0,0,1,0,0,1,0
-0.34485430180439086,-0.35486486474959156,-0.7566434880210966,1,0,0,0,0,0,0,0,0,1
-0.348493501654892,-0.35486486474959156,0.2121533166836726,1,0,0,0,0,0,1,0,0,1
-0.3652582106663718,-1.253741929331373,0.2121533166836726,1,0,0,0,1,0,1,0,0,0
-0.304771756713774,-0.8043033970404823,0.2121533166836726,1,0,0,0,1,0,0,0,0,1
-0.3144313612552277,-0.8043033970404823,-0.7566434880210966,0,1,0,0,1,1,0,0,0,1
-0.3368634661538195,0.09457366754129916,-0.7566434880210966,1,0,0,0,0,1,0,0,0,1
1.4025874147702486,-0.35486486474959156,-0.7566434880210966,1,0,0,0,0,0,0,0,0,0
-0.30836602817105907,-0.8043033970404823,-0.7566434880210966,1,0,1,0,0,1,0,0,0,1
-0.3550353966242453,0.5440121998321898,2.634145328445595,1,0,1,0,0,1,0,0,0,0
-0.3392222067976629,0.5440121998321898,-0.7566434880210966,1,0,1,0,0,0,0,0,0,1
0.5746213112170738,-0.35486486474959156,-0.7566434880210966,0,1,1,0,0,0,1,0,0,0
-0.35415447920011606,-0.35486486474959156,0.2121533166836726,1,0,1,0,0,0,0,0,1,0
-0.16207597068861154,-0.35486486474959156,-0.7566434880210966,0,1,1,0,0,0,1,0,1,0
1.0308851901809213,0.09457366754129916,-0.7566434880210966,0,0,1,0,0,0,1,0,0,0
0.12484958507294759,-0.8043033970404823,-0.030045884492519763,0,0,0,0,1,0,0,0,0,1
-0.3650817062644516,-0.35486486474959156,3.11854373079798,1,0,0,0,0,0,0,0,0,1
0.20802006384324165,-0.35486486474959156,-0.030045884492519763,0,0,0,0,1,0,0,0,0,1
-0.3545395797133966,-0.35486486474959156,0.2121533166836726,1,0,0,0,0,1,0,0,0,1
0.6299474182917124,0.5440121998321898,-0.7566434880210966,0,0,0,0,0,1,0,0,0,1
2.2279861815682196,4.139520458159316,-0.7566434880210966,0,0,0,0,1,0,0,0,1,0
-0.35133682711128006,-1.253741929331373,-0.7566434880210966,1,0,1,0,0,0,0,0,1,0
-0.294197538453279,-1.253741929331373,-0.7566434880210966,1,0,0,0,1,0,1,0,1,0
-0.35464227318360475,0.5440121998321898,0.2121533166836726,1,0,0,0,0,1,0,0,0,0
-0.29000957037135305,0.09457366754129916,-0.7566434880210966,1,0,0,1,0,0,0,0,0,1
-0.3522931600525934,-1.253741929331373,0.2121533166836726,1,0,1,0,0,0,1,0,0,0
-0.23206477980640683,1.4428892644139713,0.2121533166836726,1,0,1,0,0,0,0,0,0,1
-0.21206522648337045,0.09457366754129916,0.2121533166836726,1,0,1,0,0,0,1,0,0,0
-0.3581884070767298,-0.35486486474959156,-0.7566434880210966,1,0,0,1,0,0,0,0,0,1
-0.3523445067876975,-0.35486486474959156,0.2121533166836726,1,0,0,1,0,0,0,1,0,0
-0.29036257917519354,0.5440121998321898,-0.7566434880210966,0,1,0,1,0,0,1,0,0,1
-0.29748693867088366,0.5440121998321898,2.1497469260932105,0,0,0,0,0,0,0,0,0,1
-0.06891052901321532,0.9934507321230805,0.2121533166836726,1,0,1,0,0,1,0,0,0,1
-0.3452394023176714,0.5440121998321898,-0.7566434880210966,1,0,0,0,1,0,0,0,0,1
-0.2950800604628802,-0.8043033970404823,-0.7566434880210966,1,0,0,0,1,1,0,1,0,0
-0.3609194115500777,-0.8043033970404823,0.2121533166836726,0,0,0,1,0,1,0,0,1,0
-0.3418954461940187,-0.8043033970404823,2.1497469260932105,0,0,0,0,0,0,1,0,0,1
1.0860187469989193,0.5440121998321898,0.2121533166836726,0,0,0,0,1,1,0,0,0,1
-0.3284297649129756,-0.35486486474959156,2.1497469260932105,0,0,0,0,0,0,0,0,0,1
0.24431097346351707,0.9934507321230805,0.6965517190360571,0,0,0,0,0,0,0,0,0,1
0.11253278698985814,-1.253741929331373,-0.7566434880210966,0,1,0,0,1,0,0,0,0,1
-0.31006047042949353,-0.35486486474959156,0.2121533166836726,1,0,0,0,1,0,0,0,0,0
-0.25226972006985954,-0.8043033970404823,-0.7566434880210966,0,1,1,0,0,0,0,0,0,1
-0.19315679128129562,-0.8043033970404823,-0.7566434880210966,0,0,1,0,0,1,0,0,0,1
-0.24135853886024403,-0.35486486474959156,-0.7566434880210966,0,0,0,0,1,1,0,0,0,1
-0.30212739985591425,-0.8043033970404823,0.2121533166836726,0,0,0,0,1,1,0,0,0,1
-0.22836139653702553,-0.35486486474959156,-0.7566434880210966,0,0,1,0,0,1,0,0,0,1
-0.20058602201666617,-0.35486486474959156,-0.7566434880210966,0,1,0,0,0,0,0,0,1,0
-0.04794180606508959,-0.8043033970404823,-0.7566434880210966,0,0,0,0,1,0,0,0,0,0
-0.3473382001150504,-0.35486486474959156,0.2121533166836726,1,0,0,0,0,0,0,0,0,1
-0.33555412440866567,0.09457366754129916,0.2121533166836726,1,0,1,0,0,0,0,0,0,1
-0.36512984382861163,-1.253741929331373,0.2121533166836726,1,0,0,0,1,0,0,0,0,1
-0.332280770045781,-0.35486486474959156,0.2121533166836726,1,0,0,0,1,0,0,0,0,1
-0.19557008783118704,-0.35486486474959156,0.2121533166836726,0,1,0,1,0,0,0,0,0,1
-0.35469361991870885,-0.35486486474959156,3.11854373079798,1,0,0,0,0,0,0,0,0,1
0.3893687093034669,-0.35486486474959156,1.1809501213884417,0,0,0,1,0,0,0,0,0,1
-0.3492123559463491,-0.8043033970404823,0.2121533166836726,1,0,0,0,0,0,1,0,0,1
0.08037689413093248,0.5440121998321898,-0.7566434880210966,0,1,0,0,0,0,0,0,0,1
0.5136791549904274,-1.253741929331373,-0.7566434880210966,0,1,0,0,0,0,1,0,0,1
-0.3647832533666591,-0.8043033970404823,-0.7566434880210966,1,0,0,0,0,0,1,0,0,1
-0.3574278335630007,0.9934507321230805,0.2121533166836726,1,0,0,0,0,0,0,0,0,1
-0.3036244781012924,1.4428892644139713,2.634145328445595,1,0,0,0,1,0,1,0,0,0
-0.321010161690437,0.5440121998321898,0.2121533166836726,1,0,0,0,1,1,0,0,1,0
-0.13147652573752813,0.5440121998321898,0.2121533166836726,1,0,0,0,1,0,1,0,0,0
1.0249000863703528,-0.35486486474959156,-0.7566434880210966,1,0,0,0,0,0,1,0,0,1
-0.18963953992666663,2.3417663289957527,0.2121533166836726,1,0,0,1,0,0,0,0,1,0
-0.1907499130732922,-1.253741929331373,-0.7566434880210966,0,0,1,0,0,0,1,0,1,0
-0.3455282277026318,-0.35486486474959156,-0.7566434880210966,1,0,0,0,1,1,0,0,0,1
-0.22441411627589997,0.5440121998321898,-0.7566434880210966,0,1,1,0,0,1,0,0,0,1
-0.34610587847255264,-1.253741929331373,0.2121533166836726,1,0,0,0,0,1,0,0,1,0
-0.048310860723650095,0.5440121998321898,-0.7566434880210966,0,1,1,0,0,0,1,0,0,1
-0.34937923283543726,0.09457366754129916,-0.7566434880210966,0,1,0,0,0,0,1,0,0,1
-0.10898023742005619,-0.35486486474959156,-0.7566434880210966,1,0,1,0,0,0,0,0,1,0
0.25691338776062306,-0.35486486474959156,-0.7566434880210966,0,0,0,0,0,0,0,0,0,1
-0.3643788978277146,1.4428892644139713,3.11854373079798,1,0,0,0,0,0,0,0,0,1
0.3667633091738989,0.5440121998321898,0.6965517190360571,0,0,1,0,0,1,0,1,0,0
-0.3522674866850414,-0.8043033970404823,0.2121533166836726,1,0,0,0,1,0,0,0,1,0
-0.3509196348885595,-0.8043033970404823,-0.7566434880210966,1,0,1,0,0,0,0,0,0,1
-0.3423190567586272,0.5440121998321898,0.2121533166836726,1,0,1,0,0,0,1,0,0,1
-0.3356118894856578,-0.8043033970404823,-0.7566434880210966,1,0,1,0,0,0,0,0,0,1
-0.3482624413469237,-0.35486486474959156,0.2121533166836726,1,0,0,0,1,0,0,0,1,0
0.7498259989050023,0.5440121998321898,0.2121533166836726,0,0,0,0,1,0,0,0,1,0
-0.040127474816438496,0.5440121998321898,-0.7566434880210966,1,0,0,0,1,0,0,0,1,0
-0.3081092944955387,-0.8043033970404823,0.2121533166836726,1,0,0,0,0,0,0,0,0,0
-0.3642344851352344,-0.35486486474959156,2.634145328445595,1,0,1,0,0,1,0,0,0,1
0.003308653910663125,0.5440121998321898,0.2121533166836726,0,0,0,1,0,0,0,0,0,1
-0.3649854311361314,-1.253741929331373,3.11854373079798,1,0,0,0,0,0,0,0,0,0
1.5822207583609036,1.892327796704862,-0.7566434880210966,0,0,0,1,0,1,0,0,0,1
1.580503851905861,-0.35486486474959156,-0.7566434880210966,0,1,1,0,0,0,0,1,0,0
-0.32073738216019665,-0.35486486474959156,-0.7566434880210966,1,0,0,0,1,0,0,0,1,0
-0.2720061213754875,1.4428892644139713,-0.7566434880210966,1,0,0,0,0,1,0,0,0,1
0.03538431749598865,2.3417663289957527,-0.7566434880210966,0,1,0,0,1,1,0,0,0,1
-0.15618714200636316,0.09457366754129916,-0.7566434880210966,0,1,0,0,1,0,0,0,0,0
-0.03205640989226704,-0.35486486474959156,-0.7566434880210966,0,0,0,0,1,1,0,0,1,0
-0.048230631450049966,2.7912048612866434,-0.7566434880210966,0,0,0,0,1,0,0,1,0,0
0.04457859225056168,0.9934507321230805,-0.7566434880210966,0,0,0,0,1,1,0,0,1,0
0.3497707490253947,1.892327796704862,-0.7566434880210966,1,0,0,0,1,0,0,0,1,0
0.328128100179028,-0.35486486474959156,0.2121533166836726,1,0,1,0,0,0,0,0,0,0
-0.3168382394632311,0.5440121998321898,-0.7566434880210966,1,0,0,1,0,0,0,0,0,1
0.20064057525750312,0.5440121998321898,-0.7566434880210966,1,0,0,0,1,1,0,0,1,0
-0.240665357936339,-0.35486486474959156,0.2121533166836726,1,0,1,0,0,1,0,0,1,0
1.075155703353464,2.3417663289957527,-0.7566434880210966,0,1,0,0,1,0,0,0,0,1
-0.09548246442957302,-0.35486486474959156,0.2121533166836726,0,0,0,0,1,0,0,0,0,1
0.18461076639220045,-0.35486486474959156,-0.7566434880210966,1,0,1,0,0,0,1,0,0,1
-0.36592250905178075,-1.253741929331373,-0.7566434880210966,1,0,0,0,1,0,1,0,0,1
-0.07519729489252025,-0.35486486474959156,3.11854373079798,1,0,0,0,0,1,0,0,0,1
1.5772914717909123,1.4428892644139713,0.2121533166836726,0,1,0,0,1,0,1,0,0,1
0.3772572981607938,-0.35486486474959156,-0.7566434880210966,0,1,1,0,0,0,0,0,0,1
1.29808076297874,0.5440121998321898,0.2121533166836726,0,0,0,0,1,0,0,0,0,1
-0.35810817780312965,-1.253741929331373,-0.7566434880210966,1,0,0,0,1,0,0,1,0,0
-0.28929071607989604,-0.8043033970404823,0.2121533166836726,1,0,0,0,0,1,0,0,0,1
0.7003790929997803,1.4428892644139713,0.2121533166836726,0,1,0,0,1,0,0,0,0,1
-0.07997575042814305,-1.253741929331373,0.2121533166836726,1,0,0,0,0,0,0,0,0,1
3.489726294109658,0.9934507321230805,0.2121533166836726,0,0,0,0,1,0,0,0,0,1
-0.23524506821191535,-0.35486486474959156,-0.7566434880210966,1,0,0,1,0,1,0,1,0,0
0.017531699534491314,-1.253741929331373,0.2121533166836726,0,0,0,0,1,0,0,0,1,0
-0.25737872021271474,-0.8043033970404823,0.2121533166836726,1,0,0,0,1,1,0,0,1,0
-0.3420623230831069,-0.8043033970404823,-0.7566434880210966,1,0,0,1,0,0,1,0,0,1
-0.1347177883909727,0.5440121998321898,-0.7566434880210966,0,0,0,0,1,0,1,0,0,0
-0.3376079938128286,0.09457366754129916,0.2121533166836726,1,0,1,0,0,0,0,0,0,0
-0.25210284318077125,1.4428892644139713,0.2121533166836726,0,1,0,1,0,1,0,0,0,1
0.15709212554736132,1.892327796704862,-0.7566434880210966,0,0,0,0,1,0,0,0,0,1
-0.3253104507554031,-0.8043033970404823,0.2121533166836726,0,1,1,0,0,0,0,0,0,1
-0.32943423541844896,0.5440121998321898,-0.7566434880210966,1,0,1,0,0,0,1,1,0,0
-0.1262327404150247,-0.8043033970404823,1.1809501213884417,0,1,1,0,0,1,0,0,0,1
0.09032532405734658,0.5440121998321898,-0.7566434880210966,1,0,1,0,0,0,1,0,0,1
0.8891040178748001,0.09457366754129916,-0.7566434880210966,0,1,1,0,0,0,0,0,0,1
-0.31818609125971303,0.5440121998321898,0.2121533166836726,1,0,0,0,1,1,0,0,0,1
0.11250871820777812,0.5440121998321898,1.665348523740826,0,0,1,0,0,0,0,0,0,1
-0.3540004389948038,-0.35486486474959156,-0.7566434880210966,0,0,0,0,1,1,0,1,0,0
0.6163873873849154,-0.35486486474959156,0.7934313995065341,0,0,0,0,0,0,0,0,0,1
-0.2565379174253855,-0.8043033970404823,-0.7566434880210966,0,1,1,0,0,1,0,0,0,0
0.49856395984416596,-0.35486486474959156,-0.7566434880210966,1,0,0,0,1,1,0,0,0,1
-0.2572760267425066,-0.8043033970404823,-0.7566434880210966,1,0,1,0,0,0,0,0,0,0
-0.15480719850044122,0.9934507321230805,-0.7566434880210966,0,0,0,1,0,0,0,0,0,1
-0.35507872043198935,-0.35486486474959156,3.11854373079798,1,0,0,0,0,0,0,0,0,1
1.5566436659371872,-0.8043033970404823,-0.7566434880210966,0,1,1,0,0,0,1,0,0,1
0.3518727559937177,0.5440121998321898,-0.7566434880210966,1,0,0,0,1,1,0,0,1,0
-0.36197201961971115,-0.8043033970404823,0.2121533166836726,0,0,0,0,1,0,0,0,0,1
-0.17659746921023212,0.5440121998321898,0.2121533166836726,0,1,1,0,0,1,0,0,0,1
-0.3451431271893513,0.09457366754129916,-0.7566434880210966,1,0,1,0,0,0,1,0,0,1
-0.36117614522559804,-0.8043033970404823,0.2121533166836726,1,0,1,0,0,0,0,0,0,0
1.0752198867723441,0.5440121998321898,-0.7566434880210966,0,1,1,0,0,0,0,0,1,0
-0.3547321299700369,0.09457366754129916,3.11854373079798,1,0,0,0,0,0,0,0,0,0
-0.03812174297643565,0.5440121998321898,-0.7566434880210966,0,1,0,1,0,1,0,0,0,1
-0.3523445067876975,-0.35486486474959156,0.2121533166836726,1,0,0,1,0,1,0,0,0,1
-0.24187200621128474,0.5440121998321898,0.2121533166836726,0,0,0,1,0,1,0,0,0,1
-0.2196966349882133,-0.35486486474959156,-0.7566434880210966,1,0,1,0,0,1,0,0,0,1
-0.2414483956466761,-1.253741929331373,0.2121533166836726,0,0,1,0,0,0,0,1,0,0
0.40132608024082794,-0.35486486474959156,-0.7566434880210966,0,1,0,1,0,0,0,0,0,0
-0.2790983891617375,2.7912048612866434,0.2121533166836726,0,1,0,0,1,0,0,0,0,1
-0.32595228494420403,0.5440121998321898,0.2121533166836726,1,0,0,1,0,0,0,0,0,1
-0.01613892201000443,0.5440121998321898,0.2121533166836726,0,1,0,0,0,0,0,0,0,1
0.8782730659387847,1.4428892644139713,-0.7566434880210966,1,0,0,0,1,0,0,0,0,1
0.015266024848024135,-0.8043033970404823,0.6965517190360571,0,0,1,0,0,0,0,0,0,1
-0.21101261841373695,-0.35486486474959156,0.2121533166836726,1,0,0,0,1,0,0,0,1,0
-0.3523445067876975,-0.35486486474959156,0.2121533166836726,1,0,0,0,0,1,0,0,0,1
-0.17370921536062803,0.5440121998321898,0.2121533166836726,1,0,0,0,1,0,0,0,0,1
-0.14103985515066167,-0.8043033970404823,-0.7566434880210966,0,0,0,0,1,0,1,0,1,0
-0.3368634661538195,0.09457366754129916,-0.7566434880210966,0,0,1,0,0,0,0,0,0,1
0.13177176679916544,-0.8043033970404823,-0.7566434880210966,0,1,1,0,0,0,1,0,1,0
0.08674709845478157,0.09457366754129916,-0.7566434880210966,0,0,1,0,0,0,0,0,0,1
-0.2904588543035137,0.09457366754129916,-0.7566434880210966,1,0,0,0,1,1,0,0,0,1
-0.35557293275736607,-0.8043033970404823,-0.7566434880210966,1,0,0,0,1,1,0,0,1,0
-0.019405858031001068,0.9934507321230805,2.634145328445595,0,0,0,0,1,0,0,0,0,1
-0.3457977980619282,-0.35486486474959156,0.2121533166836726,1,0,0,0,1,1,0,0,0,1
-0.2838158704494243,-0.8043033970404823,-0.7566434880210966,1,0,0,0,1,0,0,0,0,1
-0.29000957037135305,0.09457366754129916,-0.7566434880210966,1,0,0,0,1,0,0,0,0,1
-0.3438722954955255,-0.35486486474959156,0.2121533166836726,1,0,1,0,0,0,1,0,0,1
0.05788060581346059,1.4428892644139713,-0.7566434880210966,0,1,0,0,1,1,0,0,0,1
-0.36527425652109186,-0.35486486474959156,2.634145328445595,1,0,0,1,0,0,0,0,0,0
-0.3461828985752088,2.3417663289957527,3.11854373079798,1,0,0,0,0,0,0,0,0,1
-0.030291365873064545,-0.8043033970404823,-0.7566434880210966,0,0,0,0,0,1,0,0,0,0
0.7958455102420278,0.09457366754129916,-0.7566434880210966,1,0,0,0,1,0,0,0,1,0
-0.3328391657900378,-0.35486486474959156,2.634145328445595,1,0,1,0,0,1,0,0,0,0
-0.3268251794409733,-0.8043033970404823,0.2121533166836726,0,1,0,0,0,0,0,0,0,1
-0.3629058883644165,-1.253741929331373,-0.7566434880210966,1,0,1,0,0,0,0,0,0,1
4.12394832943139,0.5440121998321898,0.2121533166836726,0,1,0,0,1,0,0,0,1,0
-0.3303167574280502,-0.8043033970404823,0.2121533166836726,0,1,0,0,0,0,0,0,1,0
-0.25470868998730295,0.5440121998321898,0.2121533166836726,0,0,1,0,0,0,0,0,0,1
0.020927002393248153,0.5440121998321898,-0.7566434880210966,1,0,1,0,0,0,0,0,0,1
-0.36195918293593515,-1.253741929331373,-0.7566434880210966,1,0,0,0,1,0,1,0,0,0
-0.35842909489753016,-1.253741929331373,-0.7566434880210966,1,0,0,0,1,1,0,0,1,0
-0.064436944717273,2.7912048612866434,-0.7566434880210966,1,0,1,0,0,0,0,0,1,0
-0.3510961392904797,0.5440121998321898,-0.7566434880210966,1,0,1,0,0,0,0,0,0,1
0.32098448565767385,0.5440121998321898,-0.7566434880210966,0,0,0,0,0,0,1,0,0,1
0.23995291932155888,2.7912048612866434,-0.7566434880210966,1,0,1,0,0,0,1,0,0,1
-0.05038077598253302,-0.8043033970404823,-0.7566434880210966,0,0,0,0,1,1,0,0,1,0
-0.3612788386958062,-0.8043033970404823,0.2121533166836726,1,0,0,1,0,0,0,0,0,1
1.1289061074945963,0.09457366754129916,0.6965517190360571,0,0,0,0,0,0,0,0,0,1
1.306232057176512,0.09457366754129916,-0.7566434880210966,0,0,1,0,0,1,0,1,0,0
-0.17245442952152223,-0.35486486474959156,1.1809501213884417,0,1,1,0,0,0,1,0,0,0
-0.31502826705081255,-0.35486486474959156,0.2121533166836726,1,0,1,0,0,0,0,0,0,1
-0.16279803415101254,-0.35486486474959156,-0.7566434880210966,1,0,0,0,0,0,0,0,0,1
2.019476717823412,1.4428892644139713,0.6965517190360571,0,0,1,0,0,1,0,0,0,1
-0.3453677691554316,-0.8043033970404823,-0.7566434880210966,1,0,1,0,0,0,0,0,0,1
-0.1945559898128816,0.09457366754129916,0.2121533166836726,0,0,0,0,1,0,0,0,0,0
-0.35648433730546336,-1.253741929331373,2.1497469260932105,0,0,0,0,0,0,0,0,0,1
1.235790754955612,1.4428892644139713,-0.7566434880210966,1,0,0,0,1,1,0,0,0,1
-0.1202765191429522,0.5440121998321898,-0.7566434880210966,1,0,0,0,1,0,0,0,0,1
-0.3348031784077686,-0.35486486474959156,2.1497469260932105,0,0,0,0,0,1,0,0,0,0
1.4411070936111354,-0.35486486474959156,0.2121533166836726,0,1,0,1,0,0,1,0,1,0
0.8561779239893134,1.892327796704862,-0.7566434880210966,1,0,0,0,1,1,0,0,1,0
-0.3337184786286951,-0.8043033970404823,-0.7566434880210966,1,0,0,0,1,1,0,0,0,0
1.0687534073201748,0.09457366754129916,-0.7566434880210966,1,0,0,0,0,0,0,0,0,1
-0.029989703804328093,0.09457366754129916,0.2121533166836726,0,1,0,0,1,0,0,0,0,1
-0.34889785719383665,-0.35486486474959156,-0.7566434880210966,0,0,0,0,1,0,0,0,0,1
-0.24563315455765805,0.09457366754129916,2.634145328445595,1,0,1,0,0,0,0,0,1,0
1.2338652523892093,2.3417663289957527,-0.7566434880210966,1,0,0,0,1,0,0,0,0,1
0.6706878434258502,1.892327796704862,-0.7566434880210966,1,0,0,1,0,1,0,0,0,0
-0.15379630965307978,2.3417663289957527,-0.7566434880210966,0,0,0,0,1,0,0,0,0,1
2.8994891557464526,1.4428892644139713,-0.7566434880210966,0,0,0,0,1,0,1,0,0,1
5.425087433652372,3.6900819258684248,0.2121533166836726,0,0,0,0,1,0,0,0,1,0
-0.33134369213013165,-0.8043033970404823,-0.7566434880210966,1,0,1,0,0,1,0,0,1,0
-0.27383534881357013,0.5440121998321898,0.2121533166836726,1,0,0,1,0,0,0,0,0,1
-0.3305093076846905,0.9934507321230805,-0.7566434880210966,1,0,0,0,1,0,1,0,0,1
-0.35228032336881737,-1.253741929331373,0.2121533166836726,0,1,1,0,0,1,0,0,0,1
0.004977422801545526,1.4428892644139713,-0.7566434880210966,1,0,0,1,0,1,0,0,0,1
0.24322627368444355,-0.8043033970404823,0.2121533166836726,0,0,0,0,1,0,0,0,0,0
-0.26641574559103154,-0.8043033970404823,0.2121533166836726,0,0,1,0,0,0,0,0,0,1
0.5759274437912836,-0.8043033970404823,0.2121533166836726,1,0,1,0,0,0,0,0,0,1
3.9083883171226037,2.3417663289957527,-0.7566434880210966,0,0,0,0,1,0,0,0,1,0
-0.33237062683221313,0.09457366754129916,0.2121533166836726,1,0,0,0,1,0,0,0,0,1
-0.3453677691554316,-0.8043033970404823,-0.7566434880210966,1,0,0,0,1,0,1,0,0,1
-0.3570940797848242,-1.253741929331373,0.2121533166836726,1,0,0,0,1,0,0,0,0,1
-0.3169184687368312,0.5440121998321898,-0.7566434880210966,1,0,0,0,0,1,0,0,0,1
-0.19945960301532056,0.9934507321230805,0.2121533166836726,0,1,0,0,1,0,0,0,0,1
-0.007896166440328735,-0.35486486474959156,2.634145328445595,0,1,1,0,0,0,0,0,0,0
-0.36181797941439897,-0.8043033970404823,2.634145328445595,1,0,1,0,0,0,0,0,1,0
-0.347761810679659,-0.35486486474959156,0.2121533166836726,0,0,0,1,0,0,0,0,1,0
-0.3366709158971793,0.9934507321230805,-0.7566434880210966,0,0,0,0,1,0,1,0,0,1
-0.20382247091369476,-1.253741929331373,-0.030045884492519763,0,0,0,0,1,0,0,0,0,1
-0.3509838183074396,-0.8043033970404823,0.2121533166836726,0,1,0,0,0,0,0,0,0,1
-0.2662296136762793,-1.253741929331373,-0.7566434880210966,0,0,1,0,0,0,0,0,0,1
-0.13368443534700322,0.9934507321230805,0.2121533166836726,1,0,0,0,1,1,0,0,0,1
-0.30393737226833284,-0.35486486474959156,-0.7566434880210966,1,0,1,0,0,0,0,0,0,0
-0.33362862184226294,-0.8043033970404823,2.1497469260932105,0,0,0,0,0,1,0,0,0,1
0.1336908510236801,-0.8043033970404823,1.1809501213884417,0,0,1,0,0,1,0,0,0,1
-0.028718872110502287,0.09457366754129916,-0.7566434880210966,1,0,0,0,1,0,0,0,0,1
0.05471957243361606,0.09457366754129916,-0.7566434880210966,0,1,0,0,0,0,0,0,0,1
-0.3189177822349461,0.9934507321230805,0.2121533166836726,1,0,0,0,1,1,0,0,0,1
-0.3399442702600639,0.5440121998321898,-0.7566434880210966,1,0,1,0,0,1,0,0,0,0
-0.3465872541141533,1.4428892644139713,-0.7566434880210966,1,0,0,0,1,0,1,0,0,1
0.2480560759551704,3.240643393577534,-0.7566434880210966,0,1,0,0,0,1,0,0,0,1
-0.3462984287291929,-0.35486486474959156,0.2121533166836726,1,0,0,0,0,0,0,0,1,0
-0.270947094963966,0.5440121998321898,-0.7566434880210966,0,0,0,1,0,0,1,0,1,0
0.07013642964861394,-0.8043033970404823,0.2121533166836726,0,0,0,0,1,1,0,0,1,0
-0.3369404862564756,-0.35486486474959156,0.2121533166836726,1,0,1,0,0,1,0,0,0,1
-0.32526231319124305,0.5440121998321898,-0.7566434880210966,1,0,0,0,1,0,0,0,0,1
1.3638848131855534,-0.35486486474959156,-0.7566434880210966,0,1,1,0,0,0,1,0,0,0
-0.3325503404050774,-0.35486486474959156,2.1497469260932105,0,0,0,0,0,0,0,0,0,0
-0.253335164823269,-0.35486486474959156,0.2121533166836726,0,1,1,0,0,0,0,0,0,0
-0.25498146951754336,-0.35486486474959156,-0.7566434880210966,1,0,1,0,0,1,0,0,0,0
-0.3414846723131861,-0.35486486474959156,-0.7566434880210966,1,0,1,0,0,0,1,0,0,1
-0.361150471858046,-1.253741929331373,0.2121533166836726,1,0,0,0,1,0,1,0,0,1
-0.3561184918178469,1.892327796704862,-0.7566434880210966,0,1,0,0,1,1,0,0,1,0
1.667103329829824,2.3417663289957527,-0.7566434880210966,0,0,1,0,0,0,0,0,0,1
-0.1696817058259023,2.3417663289957527,-0.7566434880210966,0,0,1,0,0,1,0,0,0,1
-0.3523445067876975,-0.35486486474959156,0.2121533166836726,1,0,1,0,0,1,0,0,0,1
-0.32017577724499585,0.09457366754129916,-0.7566434880210966,1,0,0,0,0,0,0,0,0,1
-0.3370560164104598,0.5440121998321898,0.2121533166836726,0,1,0,0,1,1,0,0,0,1
-0.3173773801818239,-0.35486486474959156,2.1497469260932105,0,0,0,0,0,0,0,0,0,1
-0.29570905796790514,-0.8043033970404823,0.2121533166836726,0,0,0,1,0,0,1,0,0,1
-0.35202679886424104,-0.35486486474959156,-0.7566434880210966,1,0,0,0,1,0,0,0,0,1
-0.17627655211583168,1.892327796704862,-0.7566434880210966,0,1,1,0,0,0,0,1,0,0
-0.30836602817105907,0.9934507321230805,-0.7566434880210966,1,0,1,0,0,0,0,0,0,0
-0.3047075732948939,-0.8043033970404823,-0.7566434880210966,1,0,1,0,0,0,0,0,0,1
-0.3121207581755444,-0.8043033970404823,-0.7566434880210966,0,0,0,0,1,0,0,0,0,1
-0.31496408363193246,-0.8043033970404823,0.2121533166836726,1,0,1,0,0,1,0,0,0,0
-0.3378583091464609,0.5440121998321898,2.1497469260932105,0,0,0,0,0,0,0,0,1,0
-0.24148690569800418,0.09457366754129916,-0.7566434880210966,1,0,0,0,1,0,0,0,1,0
-0.34738954685015444,-0.8043033970404823,-0.7566434880210966,1,0,0,0,1,0,0,0,1,0
-0.08810458042930658,0.5440121998321898,-0.7566434880210966,0,1,0,0,1,0,0,0,0,1
-0.35409029578123596,1.4428892644139713,0.2121533166836726,1,0,0,0,0,1,0,0,0,0
-0.2867522618631884,0.5440121998321898,-0.7566434880210966,1,0,0,0,1,0,0,0,0,1
1.4371148849567936,1.4428892644139713,0.2121533166836726,0,0,0,1,0,0,0,1,0,0
-0.29034653332047355,-1.253741929331373,-0.7566434880210966,1,0,0,0,1,0,1,0,1,0
0.11250069528041812,-0.35486486474959156,-0.7566434880210966,0,1,1,0,0,1,0,0,0,1
-0.3595202130184917,0.5440121998321898,3.11854373079798,1,0,0,0,0,0,1,0,1,0
-0.13783068420665712,0.09457366754129916,-0.7566434880210966,1,0,0,1,0,0,0,0,0,1
-0.21227061342378678,-0.8043033970404823,0.2121533166836726,0,0,0,0,1,0,0,0,0,0
0.5746213112170738,-0.35486486474959156,-0.7566434880210966,0,1,0,1,0,0,0,0,0,1
-0.3438722954955255,-0.35486486474959156,0.2121533166836726,1,0,0,0,0,1,0,0,0,1
-0.28704108724814886,-0.35486486474959156,-0.7566434880210966,0,0,1,0,0,1,0,0,1,0
-0.3652935115467559,-0.8043033970404823,2.634145328445595,1,0,1,0,0,1,0,0,0,1
-0.350611554477935,-0.35486486474959156,0.2121533166836726,0,0,1,0,0,1,0,0,0,0
-0.3112542820206632,0.9934507321230805,-0.7566434880210966,1,0,0,0,0,0,0,0,0,1
-0.2572760267425066,-0.8043033970404823,-0.7566434880210966,1,0,0,0,1,1,0,0,1,0
0.2724810760099891,1.4428892644139713,0.2121533166836726,0,0,0,0,1,1,0,0,0,1
-0.24488862689864901,0.5440121998321898,0.2121533166836726,1,0,1,0,0,1,0,0,1,0
-0.18219426333657607,1.4428892644139713,0.2121533166836726,0,1,0,0,0,1,0,0,0,0
1.0213860441866676,0.09457366754129916,-0.7566434880210966,0,0,0,1,0,0,0,0,1,0
2.5193789032838336,-0.35486486474959156,-0.7566434880210966,0,1,0,0,1,0,0,0,1,0
-0.26294021345867463,-1.253741929331373,-0.7566434880210966,0,1,1,0,0,1,0,0,0,1
0.6996345653407712,0.9934507321230805,-0.7566434880210966,1,0,0,0,0,0,0,0,0,1
-0.33949498632790326,0.5440121998321898,0.2121533166836726,1,0,1,0,0,0,0,0,0,1
0.9148158954781646,-0.8043033970404823,0.2121533166836726,0,1,1,0,0,0,1,1,0,0
-0.32678666938964523,-0.8043033970404823,-0.7566434880210966,1,0,1,0,0,1,0,0,1,0
-0.3256955512686837,0.9934507321230805,-0.7566434880210966,1,0,1,0,0,0,0,0,0,1
-0.28063879121485974,-1.253741929331373,-0.7566434880210966,1,0,1,0,0,0,0,0,0,1
-0.36081671807986954,-0.35486486474959156,0.2121533166836726,0,0,0,1,0,1,0,0,0,0
-0.34485430180439086,-0.35486486474959156,-0.7566434880210966,1,0,1,0,0,0,0,1,0,0
-0.25329665477194097,0.09457366754129916,-0.7566434880210966,0,1,0,0,0,1,0,0,0,1
-0.3240781291129054,1.4428892644139713,0.2121533166836726,1,0,0,1,0,1,0,0,1,0
-0.32476489169492234,-0.8043033970404823,-0.7566434880210966,0,0,1,0,0,0,0,1,0,0
-0.3126534805522492,0.09457366754129916,0.2121533166836726,1,0,0,1,0,0,0,0,0,1
0.4013357077536599,-0.35486486474959156,0.2121533166836726,0,1,0,0,1,0,0,0,0,1
-0.31362906851922656,0.5440121998321898,-0.7566434880210966,1,0,0,0,1,0,0,0,0,1
-0.11469898004227229,0.09457366754129916,1.1809501213884417,0,1,1,0,0,0,0,0,0,0
-0.34803138103895537,-0.8043033970404823,-0.7566434880210966,1,0,0,0,1,0,0,0,1,0
-0.3650271503584035,-0.8043033970404823,0.2121533166836726,1,0,0,0,1,1,0,0,0,1
-0.34495057693271103,-0.8043033970404823,-0.7566434880210966,1,0,0,0,1,0,0,0,0,1
1.3158756158632456,1.4428892644139713,-0.7566434880210966,0,1,0,1,0,0,0,0,0,1
-0.35112502182897576,-1.253741929331373,0.2121533166836726,0,0,0,0,1,0,0,0,0,0
-0.07717093502308303,-0.8043033970404823,-0.272245085668712,0,0,1,0,0,0,1,0,1,0
-0.26829952893516223,0.5440121998321898,-0.7566434880210966,1,0,0,0,1,0,0,0,0,1
-0.35296066760894634,-0.8043033970404823,2.634145328445595,1,0,0,1,0,0,1,0,0,1
-0.34040639087600055,0.9934507321230805,0.2121533166836726,1,0,1,0,0,0,0,0,0,0
-0.3002147339732875,-1.253741929331373,-0.7566434880210966,1,0,1,0,0,1,0,0,0,0
-0.3102433931733018,-1.253741929331373,-0.7566434880210966,0,1,0,0,1,1,0,0,0,0
-0.3004714676488079,-0.35486486474959156,-0.7566434880210966,0,0,0,1,0,0,0,0,0,1
-0.3203811641854121,-0.35486486474959156,0.2121533166836726,0,0,0,1,0,1,0,0,0,1
0.6947566255058844,0.09457366754129916,-0.7566434880210966,1,0,1,0,0,0,0,0,0,1
-0.3489459947579967,-0.35486486474959156,-0.7566434880210966,1,0,0,1,0,1,0,0,1,0
-0.13399251575762766,-0.35486486474959156,0.2121533166836726,0,0,0,0,1,1,0,0,0,1
-0.3443729261627902,-0.35486486474959156,-0.7566434880210966,1,0,0,1,0,1,0,0,0,1
-0.32312019158612,0.5440121998321898,2.634145328445595,1,0,0,0,1,0,1,0,0,1
-0.32441188289108186,-0.8043033970404823,0.2121533166836726,1,0,0,0,1,0,0,0,0,1
-0.34485430180439086,-0.35486486474959156,-0.7566434880210966,1,0,0,0,0,0,0,0,1,0
-0.04807017290284975,0.5440121998321898,-0.7566434880210966,0,0,1,0,0,1,0,0,0,1
-0.3515871424449124,-1.253741929331373,0.2121533166836726,1,0,0,0,1,0,0,0,0,1
-0.30081805811076034,-0.8043033970404823,0.2121533166836726,1,0,0,1,0,0,1,0,0,1
-0.1632408997412852,-0.8043033970404823,-0.272245085668712,0,0,1,0,0,0,0,0,1,0
-0.3457207779592721,0.5440121998321898,-0.7566434880210966,1,0,0,0,0,0,0,0,0,1
-0.17287483091518682,0.5440121998321898,0.2121533166836726,1,0,0,1,0,0,0,1,0,0
-0.0844541484805014,0.5440121998321898,1.665348523740826,0,0,0,0,0,0,0,0,1,0
0.1655900102070854,-0.8043033970404823,0.2121533166836726,1,0,0,1,0,0,0,0,0,1
-0.33724856666710007,0.5440121998321898,0.2121533166836726,1,0,0,0,1,1,0,0,0,1
0.03678672519851863,0.09457366754129916,3.11854373079798,1,0,0,0,0,0,0,0,0,1
-0.2867233793246924,-0.8043033970404823,0.2121533166836726,1,0,1,0,0,1,0,0,0,1
-0.3520749364284011,0.5440121998321898,0.2121533166836726,1,0,0,0,0,0,0,0,0,0
0.3628160289127733,0.9934507321230805,1.665348523740826,0,0,0,0,1,1,0,0,0,1
-0.16352009761341357,-0.35486486474959156,-0.7566434880210966,0,0,0,1,0,1,0,0,0,0
-0.2758250347988529,1.4428892644139713,-0.7566434880210966,1,0,1,0,0,1,0,0,0,1
-0.33434747613371996,-0.8043033970404823,0.2121533166836726,1,0,0,0,0,1,0,0,0,1
-0.34651665235338525,-0.8043033970404823,0.2121533166836726,1,0,1,0,0,0,0,0,0,1
-0.12019628986935212,-0.35486486474959156,-0.7566434880210966,0,0,1,0,0,1,0,0,1,0
-0.36273259313344025,-0.8043033970404823,2.634145328445595,1,0,1,0,0,0,0,0,0,0
-0.3608841106696936,-1.253741929331373,-0.7566434880210966,0,1,1,0,0,1,0,0,0,1
-0.3407914913892811,-0.35486486474959156,0.2121533166836726,1,0,0,0,0,0,1,0,0,1
2.2219080118002754,0.9934507321230805,2.634145328445595,1,0,0,1,0,0,0,0,0,1
-0.23827773475399963,0.5440121998321898,0.2121533166836726,1,0,0,1,0,1,0,0,1,0
-0.2993161661089663,-0.8043033970404823,-0.7566434880210966,1,0,0,0,1,0,0,0,0,1
-0.2691820509447635,0.9934507321230805,-0.7566434880210966,1,0,0,1,0,1,0,0,0,1
-0.09934630624615454,1.4428892644139713,0.2121533166836726,0,1,0,1,0,0,1,0,1,0
-0.3310388208904512,0.5440121998321898,-0.7566434880210966,1,0,0,0,0,0,1,0,0,1
-0.3381214611638693,0.09457366754129916,0.2121533166836726,1,0,0,0,0,0,0,0,0,1
0.07211327895012079,0.5440121998321898,-0.7566434880210966,1,0,1,0,0,0,0,0,0,1
-0.3621998707567355,-1.253741929331373,-0.7566434880210966,1,0,0,1,0,0,1,0,0,1
-0.2693168361244117,-0.8043033970404823,0.2121533166836726,1,0,0,1,0,0,0,0,0,1
0.529728218881394,-1.253741929331373,0.2121533166836726,0,1,1,0,0,0,0,0,0,0
0.27809070682010906,0.09457366754129916,0.2121533166836726,0,1,0,0,1,1,0,0,0,1
0.6015494646082159,0.9934507321230805,0.2121533166836726,0,1,0,0,1,1,0,0,0,1
-0.3104840809941021,-0.35486486474959156,0.2121533166836726,1,0,0,0,1,1,0,0,0,1
0.3498028407348348,1.4428892644139713,-0.7566434880210966,1,0,1,0,0,0,0,0,1,0
10.863207311840952,0.09457366754129916,-0.7566434880210966,0,1,1,0,0,0,0,0,0,1
-0.3438722954955255,-0.35486486474959156,0.2121533166836726,1,0,0,0,0,1,0,0,0,1
0.5499267408029588,0.9934507321230805,-0.7566434880210966,1,0,0,1,0,1,0,0,1,0
-0.32646575229524477,0.5440121998321898,-0.7566434880210966,1,0,1,0,0,1,0,0,0,1
-0.3295979031365932,0.09457366754129916,0.2121533166836726,1,0,1,0,0,1,0,0,0,1
0.12405050150789047,0.09457366754129916,0.2121533166836726,0,1,0,0,0,0,0,0,0,1
-0.31346860997202636,-0.35486486474959156,-0.7566434880210966,1,0,0,0,0,0,1,1,0,0
-0.3192772093806746,-0.8043033970404823,-0.7566434880210966,1,0,1,0,0,0,0,0,0,0
0.3757008502529515,0.5440121998321898,-0.7566434880210966,0,1,1,0,0,1,0,0,0,0
-0.27205104976870353,-0.35486486474959156,0.2121533166836726,0,0,1,0,0,0,0,0,0,1
-0.2907412613465861,1.4428892644139713,0.2121533166836726,1,0,0,0,1,0,0,0,0,1
-0.3079488359483385,-0.8043033970404823,-0.7566434880210966,1,0,0,0,1,0,0,0,1,0
-0.3422548733397472,-0.8043033970404823,-0.7566434880210966,1,0,0,0,0,0,0,0,0,1
0.3667633091738989,0.5440121998321898,0.6965517190360571,0,0,1,0,0,0,1,0,0,1
-0.34971619578455776,-0.35486486474959156,-0.7566434880210966,1,0,0,0,1,0,0,0,0,1
1.6023502831071719,0.5440121998321898,0.6965517190360571,0,0,1,0,0,0,0,0,0,1
0.30413633820165,0.5440121998321898,0.2121533166836726,1,0,1,0,0,0,1,0,0,1
-0.23888747723336048,-1.253741929331373,-0.7566434880210966,1,0,0,1,0,0,1,1,0,0
-0.29933221196368626,-1.253741929331373,-0.7566434880210966,0,0,0,0,1,0,0,0,0,1
-0.33363824935509495,-0.35486486474959156,-0.7566434880210966,1,0,0,0,1,0,0,0,1,0
-0.14358151853831327,-0.35486486474959156,0.2121533166836726,0,1,0,0,1,0,0,0,1,0
-0.3376336671803806,-0.35486486474959156,-0.7566434880210966,1,0,1,0,0,0,0,0,0,1
-0.33421910929595977,-0.8043033970404823,0.2121533166836726,1,0,0,0,0,0,0,0,0,1
-0.35048639681111887,-0.35486486474959156,-0.7566434880210966,1,0,0,1,0,1,0,0,0,1
-0.3348609434847607,2.3417663289957527,0.2121533166836726,1,0,1,0,0,0,0,0,0,1
1.2383003266338235,-0.8043033970404823,0.2121533166836726,0,1,0,0,1,0,0,0,0,1
3.476186160062714,0.09457366754129916,0.7934313995065341,0,0,0,0,0,0,0,0,1,0
0.11648006725098371,0.5440121998321898,1.665348523740826,0,0,1,0,0,1,0,0,0,1
-0.128572226033204,1.4428892644139713,-0.7566434880210966,1,0,0,0,1,1,0,0,1,0
-0.3471969965935142,0.09457366754129916,-0.7566434880210966,1,0,0,0,1,0,0,1,0,0
-0.36247265028697584,-0.8043033970404823,-0.7566434880210966,1,0,0,0,1,0,0,0,0,0
-0.35005957707556623,-0.8043033970404823,0.2121533166836726,1,0,0,0,0,1,0,0,1,0
0.04627303450899615,-0.35486486474959156,0.2121533166836726,0,1,0,0,0,0,1,0,1,0
0.20550246923767004,-0.35486486474959156,-0.7566434880210966,1,0,0,0,0,0,1,0,0,1
-0.2624427919623539,-0.35486486474959156,-0.7566434880210966,0,1,0,0,1,1,0,0,0,1
-0.35534829079128577,0.5440121998321898,-0.7566434880210966,1,0,1,0,0,1,0,0,0,1
-0.304771756713774,0.09457366754129916,-0.7566434880210966,0,0,0,1,0,0,0,0,0,0
-0.3070181763745772,2.3417663289957527,-0.7566434880210966,1,0,1,0,0,1,0,0,1,0
-0.33955916974678335,-0.35486486474959156,-0.7566434880210966,1,0,0,0,0,0,1,0,0,1
-0.16092387831971386,-0.8043033970404823,0.2121533166836726,0,0,0,0,1,0,0,0,0,1
-0.35599012498008664,0.5440121998321898,-0.7566434880210966,1,0,1,0,0,0,1,0,0,1
0.1581177765810652,-0.35486486474959156,0.7934313995065341,0,0,0,0,0,0,0,0,0,1
-0.32641440556014073,1.892327796704862,0.2121533166836726,1,0,1,0,0,1,0,0,0,1
-0.3438722954955255,-0.35486486474959156,0.2121533166836726,1,0,0,0,0,1,0,0,0,1
-0.20193387381314806,-1.253741929331373,-0.7566434880210966,0,0,0,1,0,0,0,0,1,0
-0.22223188003397684,0.5440121998321898,0.2121533166836726,1,0,1,0,0,0,0,0,0,1
-0.3596566027836119,0.5440121998321898,2.634145328445595,1,0,1,0,0,0,1,0,0,1
-0.09045048438937389,1.4428892644139713,0.2121533166836726,1,0,0,1,0,1,0,0,0,1
0.10525759645979983,4.588958990450206,0.2121533166836726,1,0,0,1,0,0,0,0,0,1
-0.34158094744150624,-1.253741929331373,-0.7566434880210966,1,0,1,0,0,0,1,0,0,1
1.6889096463943352,0.5440121998321898,-0.272245085668712,0,0,1,0,0,1,0,0,0,1
-0.31334024313426617,-1.253741929331373,-0.7566434880210966,1,0,0,1,0,0,0,0,1,0
0.08843191320038397,-0.35486486474959156,-0.7566434880210966,0,1,0,0,1,0,1,0,0,1
0.07384623125988322,0.9934507321230805,-0.7566434880210966,0,0,0,1,0,0,0,0,1,0
0.09144853388774825,-1.253741929331373,-0.7566434880210966,0,0,0,0,1,0,1,0,0,0
-0.33786472748834895,-0.35486486474959156,0.2121533166836726,1,0,0,0,1,1,0,0,0,0
-0.34824318632125967,-0.8043033970404823,2.634145328445595,1,0,0,1,0,0,0,0,0,1
-0.3650913337772836,-0.8043033970404823,2.1497469260932105,0,0,0,0,0,1,0,0,1,0
-0.34325613467427657,0.09457366754129916,0.2121533166836726,1,0,1,0,0,0,0,0,1,0
0.298475360656426,1.892327796704862,0.2121533166836726,1,0,0,0,1,0,0,0,1,0
-0.3577166589479611,0.9934507321230805,3.11854373079798,1,0,0,0,0,1,0,0,0,0
-0.3591992959240912,-0.8043033970404823,0.2121533166836726,1,0,0,0,0,0,0,0,1,0
-0.31419067343442736,-0.35486486474959156,-0.7566434880210966,1,0,1,0,0,0,0,0,0,1
-0.3376336671803806,-0.35486486474959156,-0.7566434880210966,1,0,0,0,1,0,0,0,0,1
0.7864105476666543,0.5440121998321898,0.2121533166836726,0,1,0,0,0,0,0,0,1,0
-0.3272680450312459,0.5440121998321898,-0.7566434880210966,1,0,0,0,0,0,1,0,1,0
-0.27848864668237666,-0.8043033970404823,-0.7566434880210966,1,0,0,1,0,0,0,0,0,1
-0.20058602201666617,-1.253741929331373,-0.7566434880210966,1,0,0,0,1,0,0,0,0,1
0.07628520117732665,0.5440121998321898,-0.7566434880210966,1,0,1,0,0,0,1,0,0,1
-0.3453677691554316,-0.8043033970404823,-0.7566434880210966,1,0,0,0,1,1,0,0,0,0
0.6689805644836396,2.3417663289957527,0.2121533166836726,1,0,1,0,0,0,0,0,0,1
-0.3575048536656568,-0.35486486474959156,0.2121533166836726,1,0,0,0,0,0,0,0,0,0
-0.3656240561539883,-1.253741929331373,3.11854373079798,1,0,0,0,0,1,0,0,0,1
-0.0768564362705706,-0.8043033970404823,-0.7566434880210966,0,0,1,0,0,0,0,0,0,1
0.416184541711569,-0.8043033970404823,0.6965517190360571,0,0,0,0,0,0,0,0,0,1
-0.22299887188959397,-0.35486486474959156,2.634145328445595,0,0,0,0,1,1,0,0,0,0
-0.3367671910254994,-0.8043033970404823,-0.7566434880210966,1,0,0,0,1,0,0,0,0,1
0.06540611167715127,-0.8043033970404823,-0.7566434880210966,1,0,0,0,1,1,0,0,0,1
-0.25990754691659035,-0.8043033970404823,-0.7566434880210966,0,0,0,1,0,0,0,0,0,1
-0.33925108933615894,1.892327796704862,2.634145328445595,1,0,1,0,0,1,0,0,0,0
-0.34456547641943047,-0.35486486474959156,0.2121533166836726,1,0,1,0,0,1,0,0,0,1
-0.35927952519769135,-1.253741929331373,-0.7566434880210966,0,1,0,1,0,1,0,0,0,1
0.6540001545170265,1.892327796704862,0.2121533166836726,0,1,0,0,0,0,1,0,1,0
-0.3408428381243852,-0.8043033970404823,0.2121533166836726,1,0,0,1,0,0,0,0,0,1
-0.32980329007700954,0.5440121998321898,0.2121533166836726,1,0,0,0,1,1,0,0,1,0
-0.09935272458804252,-0.35486486474959156,-0.7566434880210966,1,0,1,0,0,0,0,0,0,1
-0.3521904665823853,-0.8043033970404823,0.2121533166836726,1,0,0,1,0,0,1,0,0,1
-0.26274445403109037,-0.8043033970404823,0.2121533166836726,0,0,1,0,0,0,0,0,0,1
0.5939084285905412,-1.253741929331373,-0.7566434880210966,0,1,0,0,0,1,0,0,0,1
1.4178855326603181,3.6900819258684248,0.2121533166836726,0,1,0,0,1,0,0,0,1,0
-0.3539876023110278,-0.8043033970404823,0.2121533166836726,1,0,0,0,0,1,0,0,0,1
0.10749438860777101,0.5440121998321898,-0.7566434880210966,0,1,0,0,0,0,0,0,1,0
-0.18558314785344487,0.5440121998321898,-0.7566434880210966,1,0,0,1,0,1,0,0,0,1
-0.3486090318088762,0.09457366754129916,-0.7566434880210966,1,0,0,0,1,1,0,0,0,1
-0.34803138103895537,-0.8043033970404823,-0.7566434880210966,1,0,1,0,0,1,0,0,0,1
-0.2725613079488003,-1.253741929331373,1.1809501213884417,0,1,1,0,0,0,1,0,0,1
-0.32723595332180583,0.5440121998321898,0.2121533166836726,1,0,0,0,0,0,0,0,1,0
0.03883096708984954,-0.35486486474959156,0.6965517190360571,0,0,0,0,0,0,0,0,1,0
0.4398200857141625,0.5440121998321898,0.2121533166836726,0,1,0,1,0,0,0,0,0,1
-0.16888262226084516,0.09457366754129916,0.2121533166836726,1,0,1,0,0,0,1,0,0,1
0.6288402543160307,0.09457366754129916,0.2121533166836726,0,0,0,0,1,1,0,0,0,1
-0.31818609125971303,-0.35486486474959156,-0.7566434880210966,0,0,1,0,0,1,0,0,0,1
-0.36343540157017723,-0.8043033970404823,-0.7566434880210966,1,0,0,0,1,1,0,0,1,0
-0.29183879780943567,-0.8043033970404823,-0.7566434880210966,1,0,1,0,0,1,0,0,1,0
-0.2245745748231002,-0.8043033970404823,-0.7566434880210966,0,1,0,1,0,0,1,0,0,1
-0.24691040459337185,-0.8043033970404823,-0.7566434880210966,0,1,0,1,0,1,0,0,1,0
0.06755625620963428,0.5440121998321898,0.2121533166836726,0,1,0,0,1,0,1,0,0,1
1.8197635916361203,0.5440121998321898,0.2121533166836726,0,1,0,1,0,0,0,1,0,0
-0.325888101525324,0.09457366754129916,-0.7566434880210966,1,0,0,0,1,1,0,0,1,0
-0.3501365971782224,-0.8043033970404823,0.2121533166836726,1,0,0,0,1,0,1,0,0,0
-0.16616766364221733,-0.35486486474959156,-0.7566434880210966,0,0,0,0,1,1,0,0,1,0
-0.3550915571157654,-0.8043033970404823,-0.7566434880210966,1,0,0,0,1,1,0,0,0,1
-0.34991837355403005,-0.35486486474959156,0.2121533166836726,1,0,1,0,0,0,0,0,0,1
-0.3291871292557606,-0.8043033970404823,0.2121533166836726,1,0,0,0,1,1,0,0,0,1
-0.1921459024339342,1.4428892644139713,-0.7566434880210966,1,0,0,0,1,0,0,0,1,0
-0.3501365971782224,0.09457366754129916,3.11854373079798,1,0,0,0,0,0,0,0,1,0
0.5071805838288181,0.9934507321230805,-0.7566434880210966,0,0,0,1,0,0,0,0,1,0
-0.3346298831767923,-0.35486486474959156,0.2121533166836726,1,0,0,0,1,1,0,0,0,1
-0.18275907742272088,0.09457366754129916,1.665348523740826,0,0,1,0,0,1,0,0,0,1
-0.3314078755490118,-0.8043033970404823,-0.7566434880210966,1,0,0,0,1,1,0,0,0,1
-0.2756806221063727,-0.35486486474959156,-0.7566434880210966,1,0,0,1,0,0,0,0,1,0
-0.2400106870637621,3.6900819258684248,-0.7566434880210966,1,0,0,0,1,0,1,0,0,0
-0.3659000448551727,-1.253741929331373,2.634145328445595,1,0,1,0,0,1,0,0,1,0
-0.27742962027085516,-0.8043033970404823,-0.7566434880210966,0,0,1,0,0,0,0,0,0,1
1.670585280304069,-1.253741929331373,-0.7566434880210966,1,0,0,1,0,0,1,0,0,1
-0.26110135850776006,0.09457366754129916,0.2121533166836726,1,0,0,0,1,0,1,0,0,1
-0.2495226697417916,-0.35486486474959156,0.2121533166836726,1,0,0,0,0,1,0,0,0,1
-0.26985597684300444,0.09457366754129916,-0.7566434880210966,1,0,0,1,0,1,0,0,0,1
-0.29696705297795495,-0.8043033970404823,0.2121533166836726,0,1,0,0,0,0,1,0,0,1
-0.22775165405766468,0.5440121998321898,0.2121533166836726,0,0,1,0,0,0,0,0,0,0
-0.23416999594567378,0.09457366754129916,-0.7566434880210966,1,0,1,0,0,1,0,0,0,0
-0.3617361455553268,-0.35486486474959156,2.634145328445595,1,0,0,1,0,1,0,0,1,0
0.9500461741014465,0.9934507321230805,-0.7566434880210966,0,1,0,0,0,0,1,0,0,0
0.42444173855049266,-0.35486486474959156,0.2121533166836726,0,1,0,0,1,0,0,0,0,0
0.23343830230522963,-1.253741929331373,-0.7566434880210966,1,0,1,0,0,0,0,0,0,1
-0.332267933362005,-1.253741929331373,0.2121533166836726,0,0,0,0,1,0,0,0,0,1
-0.29873851533904544,-0.35486486474959156,-0.7566434880210966,1,0,0,0,1,0,0,0,0,0
-0.31876374202963387,-0.35486486474959156,0.2121533166836726,0,1,0,0,0,0,0,0,0,1
0.20877582360055472,0.5440121998321898,1.1809501213884417,0,1,1,0,0,0,0,0,0,1
-0.32861589682772785,1.4428892644139713,-0.7566434880210966,1,0,0,1,0,0,0,0,0,1
-0.23395177232148154,1.4428892644139713,0.2121533166836726,1,0,0,0,1,0,0,0,1,0
0.7902487161156837,-0.35486486474959156,0.2121533166836726,0,0,0,0,1,1,0,0,0,1
-0.02986454613751191,-0.8043033970404823,0.6965517190360571,0,0,0,0,0,0,0,0,0,1
-0.35134324545316803,-0.35486486474959156,0.2121533166836726,1,0,0,0,0,0,0,0,1,0
-0.35694003957951204,-0.8043033970404823,0.2121533166836726,1,0,0,0,0,0,0,0,1,0
-0.225107297199805,-0.8043033970404823,0.2121533166836726,1,0,0,1,0,0,0,0,0,1
0.06441126868450985,-0.35486486474959156,-0.7566434880210966,0,1,0,0,1,0,1,0,0,1
-0.32645612478241276,-0.35486486474959156,3.11854373079798,1,0,0,0,0,0,0,0,0,1
0.4532953945080376,-0.35486486474959156,0.6965517190360571,0,0,0,0,0,0,1,0,0,1
-0.08731833354802546,0.9934507321230805,0.2121533166836726,1,0,0,0,0,0,1,0,0,0
-0.0800816530692952,0.5440121998321898,-0.7566434880210966,0,1,0,0,1,0,0,0,0,1
-0.34674771266135357,-0.8043033970404823,-0.7566434880210966,1,0,0,1,0,1,0,0,0,0
-0.3662209619495732,-0.8043033970404823,3.11854373079798,1,0,0,0,0,1,0,0,0,1
1.6412438303630352,1.892327796704862,1.1809501213884417,0,0,1,0,0,0,0,0,0,1
-0.34872135279191635,-1.253741929331373,-0.7566434880210966,1,0,0,1,0,0,0,0,1,0
-0.09163145929676755,0.9934507321230805,0.2121533166836726,1,0,0,0,1,0,1,0,0,0
1.0000322207252614,0.9934507321230805,1.1809501213884417,0,0,1,0,0,0,0,0,0,1
-0.2600359137543505,0.09457366754129916,-0.7566434880210966,0,1,0,0,0,0,1,0,0,1
-0.3631273211595528,-0.8043033970404823,0.2121533166836726,1,0,1,0,0,0,0,0,0,0
-0.3538335621057156,-0.8043033970404823,0.2121533166836726,1,0,0,1,0,0,0,0,0,1
-0.34485430180439086,-0.35486486474959156,-0.7566434880210966,1,0,1,0,0,0,0,0,0,0
-0.3563431337839272,-0.8043033970404823,-0.7566434880210966,1,0,0,0,1,0,1,0,1,0
-0.26586055901771877,-0.35486486474959156,-0.7566434880210966,1,0,0,0,1,0,1,0,0,1
-0.35948812130905167,-0.8043033970404823,-0.7566434880210966,0,0,0,0,0,1,0,1,0,0
0.009726995798672233,0.5440121998321898,0.2121533166836726,1,0,0,0,0,1,0,0,0,1
-0.3376465038641567,-0.8043033970404823,3.11854373079798,1,0,0,0,0,0,0,0,0,1
-0.21420895267396547,0.9934507321230805,-0.7566434880210966,1,0,1,0,0,1,0,0,1,0
-0.34017533056803223,0.09457366754129916,0.2121533166836726,1,0,1,0,0,1,0,0,1,0
0.2087854511133867,-0.35486486474959156,0.2121533166836726,0,1,0,0,1,0,0,0,0,1
-0.028718872110502287,-0.8043033970404823,-0.7566434880210966,0,0,1,0,0,1,0,0,1,0
-0.2606777479431514,0.5440121998321898,-0.7566434880210966,1,0,0,0,0,0,1,0,0,1
0.23043772747258545,0.5440121998321898,1.1809501213884417,0,0,1,0,0,1,0,0,0,1
-0.34392364223062954,0.09457366754129916,-0.7566434880210966,1,0,0,0,1,0,0,0,1,0
-0.32572764297812373,-0.8043033970404823,-0.7566434880210966,1,0,0,0,0,0,1,0,0,1
-0.3188022520809619,-0.35486486474959156,0.2121533166836726,0,1,1,0,0,1,0,0,0,1
-0.33878896872022224,-0.8043033970404823,0.2121533166836726,1,0,0,0,1,1,0,0,0,1
-0.2858504848279232,1.892327796704862,2.1497469260932105,0,0,0,0,0,1,0,0,0,1
0.5963891177302566,0.09457366754129916,0.2121533166836726,0,0,0,0,1,0,1,0,0,0
-0.05068243805126948,1.892327796704862,0.2121533166836726,1,0,0,0,1,0,0,0,0,1
-0.3657171221113645,-0.8043033970404823,2.634145328445595,1,0,0,0,1,1,0,0,0,1
-0.31622207864198226,0.09457366754129916,3.11854373079798,1,0,0,0,0,0,0,1,0,0
0.34348077397514587,0.5440121998321898,0.2121533166836726,1,0,0,0,1,0,0,0,0,1
-0.34631447458391296,-1.253741929331373,-0.7566434880210966,1,0,0,0,1,0,0,0,1,0
-0.2316026591904702,-0.8043033970404823,-0.7566434880210966,1,0,0,0,0,0,0,0,0,1
-0.2694066929108438,-0.8043033970404823,-0.7566434880210966,1,0,0,0,1,1,0,0,0,1
-0.35306977942104256,-0.8043033970404823,-0.7566434880210966,1,0,0,1,0,0,1,0,0,1
0.19472928237864676,-0.35486486474959156,0.2121533166836726,0,0,0,0,1,1,0,0,0,1
-0.3016588608980896,1.4428892644139713,-0.7566434880210966,1,0,0,0,1,0,0,0,0,1
-0.11870402538038999,0.9934507321230805,-0.7566434880210966,0,0,0,0,0,0,1,0,0,0
-0.32887263050324816,0.5440121998321898,-0.7566434880210966,0,0,0,0,1,1,0,0,0,1
-0.17155907082814498,-0.35486486474959156,-0.7566434880210966,1,0,1,0,0,0,0,0,0,1
-0.12818712551992345,-0.35486486474959156,-0.7566434880210966,0,1,0,0,0,1,0,0,0,1
-0.3189177822349461,0.9934507321230805,0.2121533166836726,1,0,0,0,1,0,0,0,0,1
0.15225269576380254,-0.35486486474959156,0.2121533166836726,1,0,1,0,0,0,0,0,0,1
-0.3123967468767288,-0.8043033970404823,0.2121533166836726,1,0,0,0,1,0,0,0,0,1
-0.35990531353177224,-0.8043033970404823,-0.7566434880210966,1,0,1,0,0,0,0,0,0,1
-0.35027780069975856,0.09457366754129916,-0.7566434880210966,1,0,0,0,1,0,0,0,0,1
-0.311831932790584,0.09457366754129916,-0.7566434880210966,1,0,1,0,0,1,0,0,0,1
-0.23416999594567378,0.09457366754129916,-0.7566434880210966,0,0,1,0,0,1,0,0,0,1
0.3970418370305818,0.5440121998321898,-0.7566434880210966,0,0,0,0,0,0,0,0,0,1
0.708722937454192,-0.35486486474959156,0.2121533166836726,1,0,0,1,0,0,1,0,0,1
-0.3407786547055051,0.09457366754129916,-0.7566434880210966,1,0,0,0,1,1,0,0,0,1
0.30413633820165,0.5440121998321898,0.2121533166836726,1,0,0,0,1,1,0,0,0,1
-0.3168382394632311,0.5440121998321898,-0.7566434880210966,1,0,0,0,0,0,0,0,0,1
-0.33320501127765434,-1.253741929331373,2.1497469260932105,0,0,0,0,0,0,1,0,1,0
-0.3518823861717608,-0.8043033970404823,-0.7566434880210966,1,0,0,0,1,1,0,0,0,1
-0.34684719696061767,-0.35486486474959156,2.634145328445595,1,0,1,0,0,0,0,0,0,1
-0.25493333195338325,-1.253741929331373,-0.7566434880210966,1,0,1,0,0,0,1,0,0,0
-0.3521904665823853,-0.8043033970404823,0.2121533166836726,1,0,0,1,0,0,0,0,0,1
-0.35274886232664204,-0.35486486474959156,-0.7566434880210966,0,0,1,0,0,1,0,0,0,1
-0.316761219360575,-0.8043033970404823,0.2121533166836726,0,0,1,0,0,1,0,0,0,1
0.07529677652657328,-0.8043033970404823,0.2121533166836726,1,0,0,0,1,1,0,0,0,1
-0.3473382001150504,-0.35486486474959156,0.2121533166836726,1,0,1,0,0,1,0,0,0,1
-0.33416776256085573,0.9934507321230805,-0.7566434880210966,1,0,1,0,0,0,0,0,1,0
-0.36252399702207994,-1.253741929331373,0.2121533166836726,1,0,1,0,0,0,0,0,0,1
-0.2951442438817603,0.09457366754129916,-0.7566434880210966,1,0,0,0,1,0,0,0,0,1
0.04697905211667715,0.09457366754129916,0.2121533166836726,0,0,0,0,1,0,1,1,0,0
0.11378115448707585,0.09457366754129916,0.2121533166836726,0,1,0,0,1,0,0,0,1,0
-0.16354256181002158,1.892327796704862,0.2121533166836726,0,0,1,0,0,0,0,0,0,0
0.11404109733354027,0.5440121998321898,0.6965517190360571,0,0,0,0,0,0,0,0,1,0
-0.36442703539187465,-0.8043033970404823,2.634145328445595,1,0,0,1,0,0,0,0,0,0
13.671215841990218,0.5440121998321898,-0.7566434880210966,0,1,0,1,0,0,0,0,1,0
-0.3542571726703242,-0.8043033970404823,-0.7566434880210966,1,0,0,0,0,1,0,0,0,1
1.376859491312164,1.892327796704862,0.2121533166836726,1,0,1,0,0,1,0,0,0,0
-0.2613837655508325,0.09457366754129916,-0.7566434880210966,1,0,0,0,1,0,1,0,0,0
-0.2577638207259953,0.9934507321230805,0.2121533166836726,1,0,0,1,0,0,0,0,0,1
-0.25977918007883016,0.5440121998321898,0.2121533166836726,0,1,0,0,1,0,1,0,0,0
-0.36317866789465686,-0.8043033970404823,-0.7566434880210966,1,0,1,0,0,0,1,0,0,1
-0.3602519039937247,-1.253741929331373,0.2121533166836726,1,0,1,0,0,1,0,0,0,0
-0.0192678636804089,0.5440121998321898,-0.7566434880210966,1,0,0,0,1,0,0,0,0,1
-0.31340442655314626,-1.253741929331373,-0.7566434880210966,1,0,0,1,0,1,0,0,1,0
-0.30423261599518125,0.09457366754129916,0.2121533166836726,0,0,0,0,1,0,0,0,0,1
0.22509445785081783,-0.35486486474959156,-0.7566434880210966,1,0,1,0,0,0,0,0,0,1
-0.3164050013857905,-0.35486486474959156,-0.7566434880210966,1,0,0,1,0,1,0,0,0,1
-0.35371161360984343,-0.35486486474959156,-0.7566434880210966,1,0,0,1,0,0,0,0,1,0
-0.23073939220653297,1.4428892644139713,2.634145328445595,1,0,0,1,0,0,0,0,1,0
-0.16928055945790174,-0.8043033970404823,-0.7566434880210966,0,0,1,0,0,0,1,0,0,1
-0.3376336671803806,-0.35486486474959156,-0.7566434880210966,1,0,0,1,0,0,1,0,0,1
-0.32723595332180583,0.5440121998321898,0.2121533166836726,1,0,0,0,1,0,0,0,1,0
-0.3163376087959664,-0.8043033970404823,2.1497469260932105,0,0,0,0,0,0,0,0,1,0
-0.3119602996283442,-1.253741929331373,-0.7566434880210966,1,0,0,1,0,1,0,0,0,0
0.2523659925329686,0.09457366754129916,0.2121533166836726,0,0,0,1,0,0,1,0,0,1
-0.3335259283720548,0.5440121998321898,0.2121533166836726,0,1,0,1,0,0,0,0,1,0
0.9074733123582821,0.9934507321230805,0.2121533166836726,1,0,1,0,0,1,0,1,0,0
-0.21352860843383653,0.09457366754129916,3.11854373079798,1,0,0,0,0,0,0,0,0,0
0.5947749047454224,-0.8043033970404823,0.6965517190360571,0,1,0,0,0,0,1,0,1,0
-0.22808861700678523,1.4428892644139713,-0.7566434880210966,1,0,0,0,1,0,0,0,0,0
-0.34736387348260245,0.09457366754129916,0.2121533166836726,1,0,0,0,1,0,1,0,0,1
-0.10792121100853469,-0.35486486474959156,-0.7566434880210966,0,0,0,0,1,0,0,0,0,0
-0.29261541717788475,-1.253741929331373,0.2121533166836726,0,1,1,0,0,0,0,0,0,0
-0.2404856443634748,-0.8043033970404823,0.2121533166836726,0,1,1,0,0,0,0,0,1,0
-0.17634073553471177,0.09457366754129916,-0.7566434880210966,0,1,1,0,0,0,0,0,0,0
-0.036382372324785174,-1.253741929331373,0.2121533166836726,0,0,0,0,1,0,0,0,0,1
-0.0993334695623785,0.9934507321230805,0.2121533166836726,0,1,0,0,0,0,0,0,0,1
-0.2432583680590947,-0.8043033970404823,0.2121533166836726,1,0,0,0,1,0,0,0,0,1
0.9660856104795813,1.892327796704862,0.2121533166836726,0,0,0,1,0,0,0,0,0,1
-0.2544519563117826,3.240643393577534,-0.7566434880210966,1,0,0,1,0,0,0,0,1,0
-0.36050863766924507,-1.253741929331373,0.2121533166836726,1,0,0,0,0,0,0,1,0,0
1.8180627310357982,-0.35486486474959156,0.6965517190360571,0,1,0,0,0,0,0,0,0,1
-0.3313757838395717,-0.35486486474959156,-0.7566434880210966,1,0,0,1,0,0,0,0,0,1
-0.3335259283720548,0.09457366754129916,-0.7566434880210966,0,1,1,0,0,0,1,0,0,1
-0.30980373675397316,-0.8043033970404823,0.2121533166836726,1,0,0,0,0,0,1,1,0,0
-0.25737872021271474,-0.8043033970404823,0.2121533166836726,1,0,0,0,1,1,0,1,0,0
-0.34369900026454925,0.9934507321230805,-0.7566434880210966,1,0,1,0,0,1,0,0,0,1
-0.34835229813335583,-0.8043033970404823,-0.7566434880210966,1,0,1,0,0,0,0,0,1,0
-0.24411842587208793,-1.253741929331373,2.1497469260932105,0,0,0,0,0,0,0,1,0,0
-0.29209553148495604,-0.35486486474959156,-0.7566434880210966,1,0,1,0,0,0,0,0,0,1
-0.31176774937170393,1.4428892644139713,-0.7566434880210966,1,0,0,0,0,0,0,0,0,1
0.5948198331386384,-0.35486486474959156,0.6965517190360571,0,0,0,0,0,0,0,0,0,1
-0.35802473935858553,0.9934507321230805,2.634145328445595,1,0,1,0,0,0,0,1,0,0
-0.33555412440866567,0.09457366754129916,0.2121533166836726,1,0,0,0,0,1,0,0,0,0
-0.3218285002811582,-1.253741929331373,-0.7566434880210966,0,1,0,0,1,0,1,0,0,0
-0.19071782136385215,-0.8043033970404823,-0.7566434880210966,0,0,0,0,1,0,1,0,0,1
-0.35688869284440794,-0.35486486474959156,-0.7566434880210966,1,0,0,0,1,0,0,0,0,1
-0.36704250971123836,-0.8043033970404823,3.11854373079798,1,0,0,0,0,0,0,1,0,0
-0.34479011838551077,-1.253741929331373,-0.7566434880210966,0,0,1,0,0,0,0,0,1,0
0.021703621761697225,-0.35486486474959156,0.2121533166836726,1,0,0,0,1,0,0,0,1,0
1.4635103159712313,2.3417663289957527,-0.272245085668712,0,0,1,0,0,0,0,0,0,1
-0.2746697332590113,-0.8043033970404823,-0.7566434880210966,0,0,1,0,0,1,0,0,0,1
-0.3592634793429713,-0.8043033970404823,-0.7566434880210966,1,0,1,0,0,0,0,0,0,1
-0.3419981396642268,0.5440121998321898,0.2121533166836726,0,0,0,1,0,0,0,0,0,1
-0.3609274344774377,-0.35486486474959156,2.634145328445595,1,0,1,0,0,1,0,0,0,1
-0.26045952431895913,2.3417663289957527,0.2121533166836726,1,0,0,0,0,0,1,0,1,0
-0.32749268699732625,-0.8043033970404823,-0.7566434880210966,1,0,0,1,0,1,0,0,0,0
5.0225033570688895,0.9934507321230805,0.2121533166836726,0,1,0,0,1,0,1,0,0,1
1.7489050971925002,0.5440121998321898,0.2121533166836726,0,1,1,0,0,1,0,0,0,1
-0.12274758076983569,2.3417663289957527,-0.7566434880210966,1,0,1,0,0,0,0,0,0,1
-0.35130473540184004,0.9934507321230805,-0.7566434880210966,1,0,0,0,0,0,0,0,1,0
-0.2109741083624089,-0.35486486474959156,0.2121533166836726,1,0,0,0,0,1,0,0,0,1
0.4338510277583141,4.139520458159316,-0.7566434880210966,0,0,0,1,0,1,0,0,0,1
0.560709555174814,0.5440121998321898,-0.7566434880210966,1,0,0,0,1,1,0,0,0,1
-0.34833946144957983,0.9934507321230805,0.2121533166836726,1,0,0,0,1,1,0,0,0,0
-0.3549631902780052,-0.8043033970404823,0.2121533166836726,1,0,1,0,0,0,0,0,0,1
-0.3395206596954553,-0.35486486474959156,0.2121533166836726,1,0,1,0,0,0,0,0,0,1
2.1262009067372274,-0.35486486474959156,0.2121533166836726,1,0,0,0,0,1,0,0,0,1
-0.33569211875925786,0.5440121998321898,-0.7566434880210966,1,0,0,0,1,0,0,0,0,1
0.39486601913054675,1.4428892644139713,0.2121533166836726,0,1,0,0,0,0,0,0,0,1
-0.15320903137032693,-0.35486486474959156,0.2121533166836726,0,1,0,0,0,1,0,0,1,0
-0.3156829379233895,0.09457366754129916,0.2121533166836726,1,0,0,0,0,1,0,0,0,1
-0.34803138103895537,-0.8043033970404823,-0.7566434880210966,1,0,0,0,1,1,0,0,0,1
0.5502155661879191,0.9934507321230805,-0.7566434880210966,0,0,0,1,0,0,0,0,1,0
-0.2944382262740793,0.09457366754129916,-0.7566434880210966,0,1,0,0,1,0,0,0,0,1
0.5349399124944575,0.5440121998321898,0.2121533166836726,0,0,0,0,1,1,0,0,0,1
-0.35654210238245543,0.09457366754129916,2.634145328445595,1,0,1,0,0,1,0,0,0,1
-0.07661253927882626,0.9934507321230805,0.2121533166836726,1,0,0,0,0,0,0,0,0,1
-0.022797951718813887,0.5440121998321898,-0.7566434880210966,0,0,0,0,1,0,0,0,0,1
-0.2560886334932249,-0.35486486474959156,-0.7566434880210966,1,0,0,0,1,0,0,0,0,1
-0.23622386534983675,-0.8043033970404823,-0.7566434880210966,0,0,1,0,0,0,1,0,1,0
-0.3452394023176714,0.5440121998321898,-0.7566434880210966,1,0,0,0,1,0,0,0,1,0
-0.2085768576672375,-0.35486486474959156,-0.7566434880210966,1,0,1,0,0,1,0,0,0,1
-0.2259121572725613,-1.253741929331373,0.7934313995065341,0,0,0,0,0,0,1,0,0,0
0.6162410491898689,-0.35486486474959156,1.1809501213884417,0,0,1,0,0,1,0,0,0,1
-0.27033735248460516,0.9934507321230805,-0.7566434880210966,1,0,0,0,1,1,0,0,0,1
0.6560700697759094,2.3417663289957527,-0.7566434880210966,1,0,0,0,0,0,0,0,0,1
-0.31911675083347435,-1.253741929331373,-0.7566434880210966,1,0,0,0,1,0,0,1,0,0
-0.34398782564950964,-0.35486486474959156,-0.7566434880210966,1,0,1,0,0,0,1,0,0,1
-0.20852872010307744,0.5440121998321898,-0.7566434880210966,1,0,0,0,1,0,1,0,0,1
-0.31799354100307275,0.9934507321230805,-0.7566434880210966,1,0,0,0,0,0,1,0,0,1
-0.36296044427046453,0.09457366754129916,3.11854373079798,1,0,0,0,0,0,0,0,0,1
-0.16034301837884904,-0.35486486474959156,-0.7566434880210966,0,0,0,1,0,0,0,0,0,1
-0.25476003672240705,-0.8043033970404823,0.2121533166836726,0,0,0,0,1,0,0,1,0,0
0.21964528558789814,0.09457366754129916,0.6965517190360571,0,0,0,0,0,0,0,0,0,1
-0.33884031545532634,0.09457366754129916,0.2121533166836726,1,0,0,0,0,0,0,0,0,1
0.29223031399939314,-0.8043033970404823,-0.7566434880210966,0,1,0,1,0,1,0,0,0,1
-0.3610574059006698,-0.35486486474959156,2.634145328445595,1,0,0,1,0,0,1,0,0,1
-0.07590973084208924,-0.8043033970404823,1.665348523740826,0,0,0,0,1,0,0,0,1,0
-0.36143287890111836,-0.8043033970404823,0.2121533166836726,1,0,0,1,0,0,0,0,1,0
0.09310125692391055,-0.35486486474959156,0.2121533166836726,0,1,0,0,1,0,0,0,0,1
-0.2726800472737284,0.09457366754129916,-0.7566434880210966,1,0,0,1,0,1,0,0,1,0
-0.23596713167431635,-0.8043033970404823,0.2121533166836726,0,0,1,0,0,1,0,0,1,0
-0.30826975304273896,-0.35486486474959156,-0.7566434880210966,0,0,1,0,0,1,0,0,0,1
-0.23360518185952903,-0.8043033970404823,2.1497469260932105,0,0,0,0,0,0,1,0,0,0
-0.19572412803649927,-0.35486486474959156,0.2121533166836726,0,1,0,0,1,0,0,0,0,0
-0.3520749364284011,-1.253741929331373,-0.7566434880210966,1,0,0,1,0,0,1,0,0,0
-0.3560222166895267,-0.35486486474959156,-0.7566434880210966,1,0,0,1,0,0,0,0,1,0
1.5566372475952994,-0.35486486474959156,0.2121533166836726,0,1,0,0,1,0,0,0,0,1
0.13515423297414625,-0.35486486474959156,0.2121533166836726,1,0,0,0,0,0,0,0,0,1
-0.17520789819147817,-0.8043033970404823,-0.030045884492519763,0,0,0,0,1,0,1,0,0,1
-0.33550277767356157,-0.8043033970404823,0.2121533166836726,1,0,0,1,0,1,0,0,0,1
-0.3634867483052813,-0.8043033970404823,0.2121533166836726,1,0,0,1,0,0,0,0,0,1
-0.04807017290284975,0.5440121998321898,-0.7566434880210966,1,0,1,0,0,0,0,1,0,0
-0.07533208007216845,-0.35486486474959156,-0.7566434880210966,1,0,0,1,0,0,0,0,0,0
1.0936309004780982,0.09457366754129916,0.2121533166836726,0,1,0,0,1,0,0,0,0,1
-0.356221185288055,-0.8043033970404823,0.2121533166836726,1,0,1,0,0,0,0,0,0,1
-0.09203581483571215,-0.8043033970404823,-0.7566434880210966,0,0,1,0,0,0,0,0,0,1
-0.3183786415163533,-0.35486486474959156,-0.7566434880210966,1,0,0,0,1,0,0,1,0,0
-0.18506968050240416,1.4428892644139713,-0.7566434880210966,0,1,0,0,0,0,1,0,0,1
-0.1917190826983816,0.09457366754129916,1.1809501213884417,0,1,1,0,0,0,1,0,0,1
-0.3390457023957426,0.09457366754129916,0.2121533166836726,1,0,0,0,1,1,0,0,1,0
-0.36667024588173386,-1.253741929331373,0.2121533166836726,1,0,0,0,1,0,0,0,1,0
-0.340008453678944,0.5440121998321898,0.2121533166836726,1,0,1,0,0,0,0,0,0,1
-0.34566943122416804,0.09457366754129916,0.2121533166836726,1,0,0,0,0,1,0,0,0,1
-0.3047075732948939,0.09457366754129916,-0.7566434880210966,1,0,1,0,0,0,0,0,1,0
6.699211736866724,0.5440121998321898,-0.7566434880210966,0,0,1,0,0,1,0,0,0,1
-0.12241382699165923,-0.8043033970404823,0.2121533166836726,0,0,0,0,1,0,0,0,1,0
0.4060916990926747,0.9934507321230805,1.665348523740826,0,0,1,0,0,1,0,0,1,0
-0.3360675917597064,0.09457366754129916,0.2121533166836726,1,0,0,0,1,1,0,0,0,1
-0.3253104507554031,0.09457366754129916,-0.7566434880210966,1,0,1,0,0,0,0,0,0,0
0.2094337036440756,-0.8043033970404823,-0.7566434880210966,1,0,1,0,0,0,0,0,0,1
-0.3381728078989734,-0.35486486474959156,0.2121533166836726,0,0,0,1,0,0,0,0,0,0
0.6988772009979861,-0.8043033970404823,0.2121533166836726,1,0,1,0,0,1,0,0,0,1
-0.3569849679727281,-1.253741929331373,-0.7566434880210966,1,0,1,0,0,0,0,0,1,0
1.0739137541981343,0.09457366754129916,0.2121533166836726,0,0,0,0,1,1,0,0,0,0
-0.35030989240919863,-1.253741929331373,-0.7566434880210966,0,1,0,0,1,0,0,0,0,0
-0.29966917491280676,0.5440121998321898,-0.7566434880210966,1,0,0,0,1,0,1,0,1,0
-0.20058602201666617,-0.35486486474959156,-0.7566434880210966,0,1,0,1,0,0,1,1,0,0
-0.2981929562785646,-0.8043033970404823,-0.7566434880210966,1,0,0,0,1,0,1,0,0,1
-0.3521904665823853,-0.8043033970404823,0.2121533166836726,1,0,0,0,0,0,0,0,0,0
-0.3568309277674159,-1.253741929331373,2.634145328445595,1,0,1,0,0,1,0,0,1,0
-0.11469898004227229,-0.35486486474959156,0.2121533166836726,0,1,0,0,0,1,0,0,0,1
-0.2495226697417916,-0.35486486474959156,0.2121533166836726,1,0,0,0,0,0,0,0,1,0
-0.3473382001150504,-0.35486486474959156,0.2121533166836726,1,0,0,0,0,0,0,0,0,1
-0.3560029616638627,-1.253741929331373,0.2121533166836726,0,1,0,0,0,1,0,0,0,0
-0.3560029616638627,-1.253741929331373,0.2121533166836726,0,1,0,0,0,0,1,0,1,0
-0.18445993802304328,0.5440121998321898,-0.7566434880210966,0,0,1,0,0,0,0,0,1,0
-0.32608065178196427,-1.253741929331373,-0.7566434880210966,0,0,0,0,0,1,0,0,0,1
-0.3612660020120302,-1.253741929331373,0.2121533166836726,0,0,0,1,0,1,0,0,0,1
-0.32245428861523906,0.5440121998321898,-0.7566434880210966,1,0,1,0,0,0,0,0,0,1
-0.3384423782582698,-0.35486486474959156,0.2121533166836726,1,0,0,0,0,0,0,0,0,1
0.05471957243361606,-1.253741929331373,0.2121533166836726,0,1,1,0,0,0,0,0,0,1
-0.0848151802117019,-0.35486486474959156,-0.7566434880210966,0,1,1,0,0,0,0,0,0,0
-0.2520450781037792,-0.35486486474959156,2.1497469260932105,0,0,0,0,0,1,0,0,0,1
0.2247286123632013,-0.35486486474959156,0.2121533166836726,0,0,0,0,1,0,0,0,0,1
-0.0698861169801927,0.09457366754129916,0.2121533166836726,0,0,0,1,0,0,0,0,0,1
0.0744880654486841,-0.8043033970404823,-0.7566434880210966,1,0,0,0,1,1,0,0,1,0
-0.3500852504431183,-0.8043033970404823,-0.7566434880210966,1,0,0,0,0,0,0,0,0,1
-0.3641189549812502,-0.35486486474959156,3.11854373079798,1,0,0,0,0,0,0,0,0,1
0.28905195109645093,-0.35486486474959156,0.7934313995065341,0,0,0,0,0,0,0,0,0,0
-0.34718415990973817,-0.8043033970404823,0.2121533166836726,1,0,0,0,1,1,0,0,0,1
-0.3394051295414711,-0.35486486474959156,0.2121533166836726,1,0,0,1,0,0,0,0,0,1
-0.19240263610945454,-1.253741929331373,-0.7566434880210966,0,1,0,0,0,0,0,0,0,1
0.17113224842738126,-0.35486486474959156,1.1809501213884417,0,1,0,0,0,0,1,0,0,1
-0.2752473840289321,2.3417663289957527,-0.7566434880210966,1,0,0,0,1,0,0,0,0,0
3.837308389883847,3.240643393577534,-0.272245085668712,0,0,1,0,0,0,1,0,0,0
0.40132608024082794,-0.35486486474959156,-0.7566434880210966,0,1,0,0,0,0,0,0,0,1
0.2482839270921947,-0.8043033970404823,0.2121533166836726,1,0,1,0,0,1,0,0,1,0
-0.3669205612153662,-0.8043033970404823,2.634145328445595,1,0,0,0,1,1,0,0,1,0
-0.27258377214540835,-0.8043033970404823,-0.7566434880210966,0,1,1,0,0,0,0,0,0,1
-0.21481227681143839,0.09457366754129916,0.6965517190360571,0,0,0,0,0,0,0,0,0,1
-0.310419897575222,0.5440121998321898,-0.7566434880210966,1,0,0,1,0,0,1,0,0,0
-0.3595843964373718,-0.8043033970404823,-0.7566434880210966,1,0,0,1,0,0,0,0,1,0
-0.33944363959279916,0.09457366754129916,2.634145328445595,1,0,1,0,0,0,0,0,0,0
-0.29655627909712234,-0.8043033970404823,0.2121533166836726,1,0,0,0,0,0,0,0,0,0
-0.2289583023326104,1.892327796704862,3.11854373079798,1,0,0,0,0,1,0,0,0,1
-0.16334680238243734,-0.35486486474959156,0.6965517190360571,0,0,1,0,0,1,0,0,0,1
-0.3615419907132146,-1.253741929331373,-0.7566434880210966,1,0,0,0,0,0,1,0,0,0
0.09964796564967981,0.09457366754129916,-0.7566434880210966,0,1,0,0,0,0,0,0,0,1
-0.2947719800522558,-0.35486486474959156,0.2121533166836726,0,0,0,1,0,0,0,0,0,1
2.8402799518295683,0.09457366754129916,-0.7566434880210966,0,1,1,0,0,1,0,0,1,0
-0.3149897569994845,-1.253741929331373,0.2121533166836726,1,0,1,0,0,1,0,0,0,0
-0.31016316389970167,0.09457366754129916,-0.7566434880210966,1,0,0,0,0,0,0,0,0,1
-0.1994082562802165,-0.8043033970404823,0.2121533166836726,0,1,0,0,1,0,1,0,0,1
-0.12917875934162085,-0.35486486474959156,0.2121533166836726,1,0,0,0,0,0,0,0,0,1
-0.19645581901173229,0.9934507321230805,0.2121533166836726,1,0,1,0,0,0,0,0,1,0
-0.18945019884097036,1.4428892644139713,-0.7566434880210966,0,1,0,0,1,0,0,0,0,1
-0.20058602201666617,-1.253741929331373,-0.7566434880210966,1,0,0,0,1,0,0,0,1,0
-0.347055793071978,0.09457366754129916,0.2121533166836726,1,0,0,0,0,1,0,0,0,1
-0.30297462098513145,0.9934507321230805,-0.7566434880210966,1,0,0,0,1,0,0,0,0,1
-0.2799969570260588,0.09457366754129916,0.2121533166836726,1,0,0,0,1,0,1,0,1,0
-0.3030869419681716,-1.253741929331373,-0.7566434880210966,1,0,0,0,1,0,0,0,0,1
1.0640359260324883,-0.8043033970404823,-0.7566434880210966,0,0,0,0,1,1,0,0,0,0
-0.3271396781934858,-0.8043033970404823,-0.7566434880210966,0,1,0,1,0,1,0,0,0,0
-0.35470645660248484,0.5440121998321898,-0.7566434880210966,1,0,0,0,1,0,1,0,1,0
-0.35481877758552505,-1.253741929331373,-0.7566434880210966,0,0,0,0,1,0,0,0,0,1
-0.3593276627618514,0.09457366754129916,-0.7566434880210966,1,0,1,0,0,1,0,0,0,0
-0.30836602817105907,-0.8043033970404823,-0.7566434880210966,0,0,0,0,1,1,0,0,0,1
-0.282208075806478,-0.35486486474959156,1.1809501213884417,0,1,1,0,0,0,0,0,0,1
-0.2636173485278596,-0.8043033970404823,0.2121533166836726,1,0,0,0,1,1,0,0,0,1
0.34099687566448633,1.4428892644139713,3.11854373079798,1,0,0,0,0,1,0,0,0,0
1.4193232412432324,1.4428892644139713,0.2121533166836726,0,1,0,0,0,0,0,0,1,0
-0.3549631902780052,-0.35486486474959156,-0.7566434880210966,1,0,1,0,0,0,1,0,0,0
-0.348448573261676,-0.8043033970404823,-0.7566434880210966,1,0,1,0,0,0,0,0,0,1
-0.354809150072693,0.09457366754129916,2.634145328445595,1,0,0,0,1,0,0,0,0,1
-0.3276210538350864,-0.35486486474959156,3.11854373079798,1,0,0,0,0,0,0,0,0,1
0.2544423261337395,0.5440121998321898,0.6965517190360571,0,0,0,0,0,0,0,1,0,0
-0.30799697351249855,-1.253741929331373,-0.7566434880210966,0,1,1,0,0,1,0,0,1,0
-0.2891880226096879,0.9934507321230805,0.2121533166836726,1,0,1,0,0,0,0,0,1,0
-0.35732514009279254,-0.8043033970404823,0.2121533166836726,0,0,1,0,0,0,0,0,0,1
-0.17151093326398492,-0.35486486474959156,-0.7566434880210966,1,0,0,1,0,0,1,1,0,0
-0.06103522351662816,-0.35486486474959156,-0.7566434880210966,0,0,0,0,1,0,1,0,0,1
-0.27258377214540835,-0.8043033970404823,-0.7566434880210966,0,1,0,0,1,0,1,1,0,0
3.2895638839902057,0.09457366754129916,-0.7566434880210966,0,1,1,0,0,0,1,0,0,1
-0.34732536343127435,-1.253741929331373,-0.7566434880210966,0,0,1,0,0,1,0,0,1,0
-0.3496488031947337,-0.35486486474959156,0.2121533166836726,1,0,1,0,0,0,1,0,1,0
-0.33522678897237723,-0.35486486474959156,-0.7566434880210966,0,0,1,0,0,1,0,0,0,1
-0.35860559929945035,1.4428892644139713,3.11854373079798,1,0,0,0,0,1,0,0,0,1
4.265419816741415,3.240643393577534,-0.272245085668712,0,0,1,0,0,0,0,0,0,1
-0.3236737735739608,-0.35486486474959156,-0.7566434880210966,1,0,1,0,0,1,0,0,0,1
-0.11093783169589896,4.588958990450206,-0.7566434880210966,1,0,0,0,1,0,0,0,1,0
-0.2867233793246924,-0.8043033970404823,0.2121533166836726,1,0,0,0,1,0,1,0,0,1
-0.3596357431724758,-0.8043033970404823,0.2121533166836726,1,0,0,0,1,1,0,0,0,0
-0.34803138103895537,-0.8043033970404823,-0.7566434880210966,1,0,0,0,1,0,0,0,0,1
-0.22808861700678523,1.4428892644139713,-0.7566434880210966,1,0,0,0,1,0,0,0,1,0
-0.3595843964373718,-0.8043033970404823,-0.7566434880210966,1,0,1,0,0,1,0,0,1,0
-0.25470868998730295,0.09457366754129916,-0.7566434880210966,0,0,0,0,0,0,0,0,0,1
0.16315104028964195,-0.35486486474959156,0.2121533166836726,1,0,0,0,0,1,0,0,0,1
-0.27644119562010183,-0.35486486474959156,0.2121533166836726,1,0,1,0,0,1,0,0,0,1
-0.34759814296151476,-0.35486486474959156,-0.7566434880210966,1,0,0,0,1,0,0,0,0,1
-0.27521529231949204,-0.8043033970404823,-0.7566434880210966,1,0,0,1,0,0,1,0,0,1
0.21196894868983918,-0.8043033970404823,-0.7566434880210966,0,0,1,0,0,1,0,0,0,1
1.1475642273630386,0.9934507321230805,1.1809501213884417,0,0,0,1,0,0,0,0,0,1
-0.35534829079128577,0.5440121998321898,-0.7566434880210966,1,0,0,0,1,0,1,0,0,1
-0.3242321693182176,-0.35486486474959156,0.2121533166836726,1,0,0,0,1,0,0,0,1,0
-0.27007420046719677,1.4428892644139713,2.1497469260932105,0,0,0,0,0,0,0,0,0,0
-0.3520749364284011,0.9934507321230805,2.634145328445595,1,0,0,0,1,1,0,0,0,1
-0.30952132971090074,0.09457366754129916,0.2121533166836726,1,0,0,1,0,0,0,0,1,0
1.7104592292833254,0.09457366754129916,0.2121533166836726,0,1,0,0,1,0,0,1,0,0
-0.3609194115500777,-0.8043033970404823,0.2121533166836726,1,0,0,0,0,0,0,0,0,1
-0.12818712551992345,-0.35486486474959156,-0.7566434880210966,0,1,0,0,1,0,0,0,0,1
0.9532874367548911,0.5440121998321898,0.2121533166836726,0,1,0,1,0,0,0,1,0,0
-0.3437567653415413,-0.8043033970404823,3.11854373079798,1,0,0,0,0,0,0,0,0,1
-0.2613837655508325,0.5440121998321898,0.2121533166836726,1,0,0,0,0,1,0,0,1,0
-0.009463846446474964,0.09457366754129916,-0.7566434880210966,0,1,0,1,0,0,0,0,0,1
-0.12656649419320115,-1.253741929331373,-0.7566434880210966,0,0,1,0,0,0,1,0,0,1
0.28580555376949596,-0.35486486474959156,0.2121533166836726,1,0,0,0,1,0,0,0,0,1
0.11490757348842154,-0.35486486474959156,1.665348523740826,0,0,1,0,0,0,0,0,0,1
-0.23034466418042038,0.9934507321230805,0.2121533166836726,1,0,0,0,1,0,0,0,0,1
-0.2950158770440002,0.09457366754129916,-0.7566434880210966,1,0,0,1,0,0,1,0,0,1
0.3374956701645773,2.3417663289957527,-0.7566434880210966,1,0,0,0,1,1,0,0,0,1
-0.3540004389948038,-1.253741929331373,0.2121533166836726,1,0,0,0,1,0,0,0,0,1
-0.31144683227730346,3.6900819258684248,-0.7566434880210966,1,0,0,1,0,1,0,0,0,1
-0.038295038207411904,-1.253741929331373,0.2121533166836726,0,1,0,1,0,0,0,0,0,1
-0.33320501127765434,0.5440121998321898,-0.7566434880210966,1,0,1,0,0,0,0,0,0,1
-0.3135007016814664,-0.8043033970404823,-0.7566434880210966,1,0,0,1,0,1,0,0,0,1
-0.36414141917785825,-1.253741929331373,0.2121533166836726,1,0,0,0,0,0,0,0,1,0
-0.2458513781818504,-0.8043033970404823,0.2121533166836726,1,0,0,0,0,0,0,0,0,1
-0.33683779278626746,0.09457366754129916,0.2121533166836726,1,0,0,0,1,0,0,0,0,1
0.7002250527944681,-1.253741929331373,0.2121533166836726,1,0,1,0,0,0,0,0,0,1
-0.29552934439504086,-0.8043033970404823,-0.7566434880210966,1,0,0,0,1,0,0,0,1,0
-0.28338263237198363,-0.35486486474959156,-0.7566434880210966,0,1,0,0,1,0,0,0,1,0
0.6780849824517806,0.5440121998321898,1.665348523740826,0,0,0,0,0,1,0,0,0,1
1.6468855528825954,0.9934507321230805,-0.7566434880210966,0,0,0,1,0,0,0,0,0,1
-0.05713608081966262,-0.8043033970404823,0.6965517190360571,0,0,1,0,0,0,0,0,0,1
-0.3548476601240211,-0.8043033970404823,3.11854373079798,1,0,0,0,0,1,0,0,0,1
-0.3458748181645843,0.9934507321230805,0.2121533166836726,1,0,0,0,0,0,0,0,0,1
-0.11212522494518067,-0.8043033970404823,-0.7566434880210966,0,1,1,0,0,1,0,0,0,1
-0.08994985372210916,0.5440121998321898,-0.7566434880210966,1,0,0,1,0,0,0,0,0,1
-0.23420208765511386,-0.8043033970404823,-0.7566434880210966,0,1,0,0,0,0,0,0,1,0
-0.2746055498401312,0.09457366754129916,-0.7566434880210966,1,0,0,1,0,0,0,0,1,0
0.08674709845478157,0.5440121998321898,0.2121533166836726,0,0,0,0,1,0,0,0,0,1
1.0704703137752174,-1.253741929331373,-0.7566434880210966,1,0,0,1,0,1,0,0,0,1
-0.3453677691554316,-0.8043033970404823,-0.7566434880210966,1,0,0,0,0,0,0,0,0,1
-0.039623634978229794,-0.8043033970404823,-0.272245085668712,0,0,1,0,0,0,0,0,0,1
-0.29000957037135305,0.09457366754129916,-0.7566434880210966,1,0,1,0,0,0,1,0,0,0
-0.35125659783768,-0.35486486474959156,-0.7566434880210966,1,0,1,0,0,0,0,0,0,1
-0.27644119562010183,-0.35486486474959156,0.2121533166836726,1,0,1,0,0,1,0,0,0,1
-0.25578697142448853,1.4428892644139713,0.2121533166836726,0,0,1,0,0,1,0,1,0,0
0.5271737188099664,-0.8043033970404823,0.2121533166836726,0,1,0,0,1,0,0,0,0,1
1.1054422541375069,0.5440121998321898,0.6965517190360571,0,0,0,0,0,0,0,0,0,1
1.0626816558941183,1.4428892644139713,0.2121533166836726,0,0,0,0,1,0,0,1,0,0
-0.3584676049488582,0.09457366754129916,2.634145328445595,1,0,0,0,1,0,0,0,0,1
-0.36063700450700525,-1.253741929331373,0.2121533166836726,1,0,0,0,1,0,1,0,0,1
-0.2958502614894413,-0.35486486474959156,-0.7566434880210966,1,0,1,0,0,0,1,0,0,1
0.216766659251126,0.5440121998321898,1.665348523740826,0,0,0,0,1,0,0,0,0,1
0.016235194473113484,-0.35486486474959156,0.2121533166836726,0,1,0,0,1,1,0,0,0,0
-0.2263909655774068,-0.8043033970404823,0.2121533166836726,1,0,0,0,1,0,0,0,0,0
-0.2517562527188188,-0.35486486474959156,0.2121533166836726,1,0,0,0,1,0,0,0,0,1
-0.316042365069118,0.09457366754129916,0.2121533166836726,1,0,1,0,0,0,1,0,1,0
-0.13088603828383125,1.4428892644139713,0.2121533166836726,0,0,1,0,0,0,1,0,0,1
-0.1395957282258596,-1.253741929331373,-0.7566434880210966,1,0,0,0,1,1,0,0,0,1
-0.33850014333526185,0.9934507321230805,-0.7566434880210966,1,0,0,0,1,0,1,0,0,1
-0.22446225384006005,-0.35486486474959156,-0.7566434880210966,0,1,1,0,0,0,0,0,0,1
-0.2501195755373764,-0.8043033970404823,-0.7566434880210966,0,1,0,0,0,1,0,0,0,1
-0.10175960279604594,-0.35486486474959156,-0.7566434880210966,1,0,0,0,1,0,1,0,1,0
0.7127568653308057,-0.35486486474959156,0.6965517190360571,0,0,0,0,0,1,0,0,1,0
-0.33634999880277877,-1.253741929331373,-0.7566434880210966,0,0,0,0,1,0,0,0,0,1
-0.3593918461807315,-0.8043033970404823,-0.7566434880210966,1,0,0,0,1,0,0,0,0,1
-0.11880030050871013,1.4428892644139713,-0.7566434880210966,1,0,0,0,1,1,0,0,0,0
-0.33760157547094055,1.4428892644139713,-0.7566434880210966,1,0,0,0,0,1,0,0,0,1
-0.3545395797133966,-0.8043033970404823,2.634145328445595,1,0,1,0,0,1,0,0,0,0
-0.1570536181612444,-0.8043033970404823,-0.7566434880210966,0,1,0,0,0,0,0,0,0,1
-0.35450106966206857,-0.8043033970404823,0.2121533166836726,1,0,0,0,0,0,0,0,0,1
-0.27499065035341175,1.892327796704862,-0.7566434880210966,1,0,0,0,1,0,1,0,0,1
0.3242578400205585,-0.8043033970404823,1.1809501213884417,0,1,1,0,0,0,1,0,0,1
-0.1204947427671445,-0.35486486474959156,1.1809501213884417,0,0,0,1,0,0,1,0,0,1
0.38593168722243804,-0.35486486474959156,0.2121533166836726,0,1,0,0,0,0,0,0,0,0
-0.3521904665823853,-0.8043033970404823,0.2121533166836726,1,0,0,0,0,1,0,0,1,0
-0.31346219163013833,-1.253741929331373,0.2121533166836726,0,0,0,1,0,0,0,0,0,0
0.189251227577231,1.4428892644139713,0.6965517190360571,0,0,0,0,0,1,0,0,0,1
1.8838828270973313,0.5440121998321898,0.2121533166836726,0,0,0,0,1,1,0,0,0,1
2.1771529138151875,1.4428892644139713,-0.7566434880210966,0,0,0,0,0,0,0,0,0,0
-0.04794180606508959,-0.8043033970404823,-0.7566434880210966,0,1,0,0,1,1,0,0,0,1
0.009765505850000288,-0.35486486474959156,0.2121533166836726,1,0,0,1,0,0,0,0,1,0
-0.3588527054621387,0.9934507321230805,3.11854373079798,1,0,0,0,0,0,0,0,0,1
-0.3500964825414223,-0.35486486474959156,2.634145328445595,1,0,0,1,0,1,0,0,0,1
-0.35604147171519074,-0.8043033970404823,0.2121533166836726,1,0,1,0,0,0,1,0,0,1
-0.3096464873777169,-0.35486486474959156,2.634145328445595,1,0,0,0,1,0,0,0,0,1
-0.34803138103895537,-0.8043033970404823,-0.7566434880210966,1,0,0,0,1,0,1,1,0,0
-0.25330949145571696,-1.253741929331373,0.2121533166836726,0,0,0,0,1,0,0,0,0,1
-0.3365746407688591,-0.35486486474959156,-0.7566434880210966,1,0,0,0,1,1,0,0,0,1
-0.13333784488505077,-0.35486486474959156,-0.7566434880210966,1,0,0,1,0,1,0,0,1,0
-0.07701689481777081,1.4428892644139713,-0.7566434880210966,1,0,0,0,0,0,0,0,0,1
-0.35507872043198935,-0.35486486474959156,3.11854373079798,1,0,0,0,0,1,0,0,0,1
-0.347774647363435,0.5440121998321898,0.2121533166836726,1,0,0,1,0,0,1,0,0,1
-0.08395512239870867,0.09457366754129916,0.2121533166836726,1,0,0,0,1,1,0,0,0,0
-0.34799928932951535,-1.253741929331373,-0.7566434880210966,1,0,1,0,0,1,0,0,0,1
-0.1552243907231618,0.5440121998321898,0.2121533166836726,1,0,0,0,1,0,0,0,0,1
0.8056334816212417,-0.35486486474959156,-0.7566434880210966,0,0,0,1,0,0,0,0,1,0
-0.2918837262026517,-0.35486486474959156,0.2121533166836726,1,0,0,0,0,0,0,0,0,0
-0.3429191717251561,2.3417663289957527,2.634145328445595,1,0,0,1,0,1,0,0,0,1
-0.3553868008426138,-0.35486486474959156,0.2121533166836726,1,0,0,1,0,1,0,0,1,0
-0.3226917672650954,1.892327796704862,2.634145328445595,1,0,0,1,0,0,1,0,0,1
-0.3433459914607087,0.09457366754129916,-0.7566434880210966,1,0,0,0,1,0,0,0,0,1
-0.3431662778878445,-1.253741929331373,0.2121533166836726,0,1,0,0,1,0,0,0,0,1
0.019418692049566016,-0.8043033970404823,-0.7566434880210966,0,0,0,0,0,1,0,0,1,0
0.3571678880513252,0.5440121998321898,1.665348523740826,0,0,1,0,0,1,0,0,0,1
-0.2726479555642884,-0.35486486474959156,-0.7566434880210966,1,0,0,0,1,0,1,0,0,0
0.45436404843239114,-0.8043033970404823,0.2121533166836726,0,0,0,0,1,0,1,0,0,1
-0.03644655574366525,-0.35486486474959156,-0.272245085668712,1,0,0,0,0,1,0,0,0,1
-0.3064661989722084,1.4428892644139713,0.2121533166836726,1,0,1,0,0,1,0,0,0,1
0.08171190924363836,-0.35486486474959156,1.1809501213884417,0,1,1,0,0,0,0,0,1,0
-0.28645380896539596,-0.35486486474959156,0.2121533166836726,1,0,1,0,0,1,0,0,0,0
-0.22909950585414665,1.4428892644139713,-0.7566434880210966,1,0,0,0,1,0,0,0,0,1
-0.1397305134055078,-1.253741929331373,0.2121533166836726,1,0,0,1,0,1,0,0,0,1
-0.340040545388384,-0.35486486474959156,-0.7566434880210966,1,0,1,0,0,0,0,0,0,1
-0.3176084404897922,0.09457366754129916,-0.7566434880210966,1,0,0,0,1,0,0,0,0,0
-0.2687391853544909,-0.35486486474959156,0.2121533166836726,1,0,0,0,0,0,0,0,0,1
-0.31884076213228996,-0.35486486474959156,0.2121533166836726,1,0,0,0,1,0,0,0,0,1
-0.15721407670844462,1.4428892644139713,-0.7566434880210966,0,0,0,0,1,1,0,0,0,0
-0.2308645498733491,-1.253741929331373,-0.7566434880210966,0,0,0,1,0,0,0,0,1,0
-0.15948616973679985,0.9934507321230805,0.2121533166836726,1,0,1,0,0,0,0,0,1,0
-0.14427469946221827,1.4428892644139713,0.2121533166836726,0,1,0,0,1,0,0,0,0,1
-0.34504685206103114,-0.35486486474959156,-0.7566434880210966,0,0,1,0,0,0,0,0,0,1
-0.3633327080999691,-1.253741929331373,0.2121533166836726,1,0,1,0,0,1,0,0,0,1
-0.27377116539469,0.5440121998321898,0.2121533166836726,1,0,0,1,0,0,0,0,0,1
-0.31257004210770506,-0.8043033970404823,-0.7566434880210966,1,0,0,1,0,0,1,0,0,1
-0.0851617706736544,-1.253741929331373,0.2121533166836726,0,0,1,0,0,0,0,0,0,1
0.14207320552942002,-0.8043033970404823,0.2121533166836726,0,1,0,0,1,1,0,0,0,0
0.7286326339907964,-0.35486486474959156,0.2121533166836726,0,0,0,1,0,0,1,0,0,1
-0.32995733028232177,-0.8043033970404823,0.2121533166836726,1,0,1,0,0,0,0,0,0,1
-0.3267064401160451,-0.35486486474959156,-0.7566434880210966,0,0,0,0,1,0,1,0,0,1
0.18350360241651886,-0.8043033970404823,1.1809501213884417,0,0,1,0,0,0,1,1,0,0
-0.33884031545532634,0.09457366754129916,0.2121533166836726,1,0,0,0,1,0,1,0,0,0
-0.3239497622751452,-0.8043033970404823,0.2121533166836726,0,1,1,0,0,0,0,0,0,1
-0.04052862118443906,-0.8043033970404823,-0.7566434880210966,0,0,0,0,1,0,0,1,0,0
-0.17651723993663201,-0.35486486474959156,-0.7566434880210966,0,1,1,0,0,0,1,0,0,0
-0.35403894904613187,0.09457366754129916,0.2121533166836726,1,0,1,0,0,0,1,0,0,1
-0.09851192180071333,-0.8043033970404823,0.2121533166836726,0,0,1,0,0,1,0,0,0,0
-0.33023973732539413,2.3417663289957527,0.2121533166836726,0,0,1,0,0,0,0,0,0,0
-0.29748693867088366,-0.8043033970404823,-0.7566434880210966,0,0,0,0,1,1,0,0,0,1
-0.34391080554685355,-0.35486486474959156,0.2121533166836726,1,0,1,0,0,0,0,0,0,1
15.504920073539699,4.139520458159316,-0.7566434880210966,1,0,0,0,0,0,0,0,0,1
0.5351966461699779,0.09457366754129916,-0.7566434880210966,1,0,1,0,0,1,0,0,0,1
0.04608048425235587,-0.8043033970404823,0.2121533166836726,0,1,0,0,1,1,0,0,0,1
-0.3594560295996116,-1.253741929331373,0.2121533166836726,1,0,0,0,1,0,0,0,1,0
-0.08390377566360459,-0.8043033970404823,0.2121533166836726,1,0,1,0,0,1,0,0,0,1
-0.36482176341798717,-1.253741929331373,0.2121533166836726,1,0,0,0,1,0,1,0,0,0
0.637517852548619,0.09457366754129916,0.2121533166836726,0,1,0,1,0,0,0,1,0,0
0.04608048425235587,-0.8043033970404823,0.2121533166836726,0,1,0,0,1,0,0,0,0,1
0.16540387829233313,-0.35486486474959156,-0.7566434880210966,0,0,0,1,0,0,0,0,0,1
-0.3544497229269645,-0.8043033970404823,-0.7566434880210966,1,0,0,0,1,1,0,0,1,0
-0.29986814351133506,0.09457366754129916,0.2121533166836726,1,0,0,0,1,0,0,1,0,0
-0.3407914913892811,-0.35486486474959156,0.2121533166836726,0,0,1,0,0,0,0,0,1,0
-0.29653060572957035,1.892327796704862,0.2121533166836726,1,0,1,0,0,0,1,0,0,1
-0.3099834503268374,-0.35486486474959156,0.2121533166836726,0,0,1,0,0,0,0,0,0,1
3.4000556395922827,2.3417663289957527,-0.7566434880210966,0,0,0,0,1,0,1,0,1,0
-0.3383878223522217,-1.253741929331373,-0.7566434880210966,1,0,0,0,1,0,0,0,1,0
-0.3447965367273988,2.3417663289957527,0.2121533166836726,1,0,0,0,1,0,1,0,0,1
-0.20275221240386923,0.5440121998321898,2.1497469260932105,0,0,0,0,0,0,1,0,1,0
-0.36374348198080164,-0.8043033970404823,0.2121533166836726,1,0,0,0,1,0,0,0,0,1
0.46563786595867906,0.5440121998321898,-0.7566434880210966,0,0,1,0,0,1,0,0,0,1
-0.2891591400711918,0.5440121998321898,-0.7566434880210966,1,0,1,0,0,0,0,0,0,1
-0.253335164823269,-0.35486486474959156,0.2121533166836726,0,1,0,1,0,0,1,0,1,0
0.23682397765115445,0.5440121998321898,1.665348523740826,0,0,0,0,1,0,1,0,0,0
-0.31799354100307275,0.09457366754129916,0.2121533166836726,1,0,0,0,0,0,0,1,0,0
-0.21956184980856508,-0.35486486474959156,0.2121533166836726,1,0,0,0,1,0,1,0,1,0
-0.36050863766924507,-1.253741929331373,0.2121533166836726,1,0,0,0,0,1,0,0,0,1
-0.3595843964373718,-0.8043033970404823,-0.7566434880210966,1,0,0,0,1,1,0,0,0,1
-0.35753052703320887,0.09457366754129916,-0.7566434880210966,1,0,0,0,1,0,1,0,0,0
0.9878309527961562,1.892327796704862,0.6965517190360571,0,0,0,0,0,1,0,0,0,1
0.023678866477732062,-1.253741929331373,0.6965517190360571,0,0,1,0,0,0,0,0,1,0
0.4854532128695296,-0.35486486474959156,0.7934313995065341,0,0,0,0,0,0,1,0,0,1
-0.2506009511789771,0.9934507321230805,-0.7566434880210966,1,0,0,0,1,0,0,0,0,0
-0.28669770595714034,1.4428892644139713,0.2121533166836726,1,0,0,0,1,0,1,0,0,1
-0.36271333810777623,-1.253741929331373,-0.7566434880210966,1,0,1,0,0,1,0,0,0,1
-0.3518823861717608,0.9934507321230805,-0.7566434880210966,0,0,1,0,0,0,0,0,0,0
-0.3659578099321648,-0.35486486474959156,3.11854373079798,1,0,0,0,0,0,0,0,0,1
2.0453041255807602,0.09457366754129916,-0.7566434880210966,0,0,0,1,0,0,0,0,0,0
-0.35555367773170204,0.09457366754129916,3.11854373079798,1,0,0,0,0,1,0,0,0,1
0.3812527159860794,2.3417663289957527,-0.7566434880210966,0,0,0,0,1,0,0,0,1,0
-0.35134324545316803,-0.35486486474959156,0.2121533166836726,1,0,0,0,1,0,0,0,1,0
0.24100873656213642,-0.35486486474959156,0.6965517190360571,0,0,1,0,0,0,0,0,1,0
-0.29696705297795495,-1.253741929331373,0.2121533166836726,1,0,0,0,1,0,1,0,0,1
-0.3453677691554316,-0.8043033970404823,-0.7566434880210966,1,0,0,1,0,0,0,0,0,0
-0.2988668821768056,0.5440121998321898,0.2121533166836726,0,1,0,1,0,1,0,0,0,1
-0.33455286307413623,0.5440121998321898,0.2121533166836726,1,0,0,0,1,1,0,0,0,1
2.1228232543186625,1.4428892644139713,-0.030045884492519763,0,0,0,0,1,1,0,0,0,0
-0.3553643366460058,-1.253741929331373,-0.7566434880210966,1,0,1,0,0,1,0,0,0,1
-0.24665367091785156,-0.35486486474959156,-0.7566434880210966,0,0,0,0,1,0,1,0,1,0
-0.35866015520549843,0.09457366754129916,2.634145328445595,1,0,0,1,0,1,0,0,0,1
-0.35990531353177224,-0.8043033970404823,-0.7566434880210966,1,0,0,0,1,0,0,0,0,1
-0.35844514075225015,0.5440121998321898,3.11854373079798,1,0,0,0,0,0,0,0,0,1
0.7498259989050023,0.09457366754129916,-0.7566434880210966,0,0,0,0,0,0,1,0,0,1
-0.17637282724415182,0.9934507321230805,-0.7566434880210966,0,1,1,0,0,0,0,1,0,0
-0.35828468220504994,-0.35486486474959156,-0.7566434880210966,1,0,0,0,1,0,0,0,0,1
-0.264592936494837,-0.8043033970404823,-0.7566434880210966,1,0,0,0,0,0,0,0,1,0
-0.23497228868167494,-0.8043033970404823,-0.7566434880210966,1,0,0,0,1,0,0,1,0,0
-0.33966186321699154,0.09457366754129916,0.2121533166836726,1,0,1,0,0,1,0,0,0,1
-0.19951094975042463,0.09457366754129916,-0.7566434880210966,1,0,1,0,0,1,0,0,1,0
-0.0863555822648241,0.09457366754129916,-0.7566434880210966,1,0,0,0,1,0,0,0,0,0
-0.3464267955669531,0.09457366754129916,-0.7566434880210966,1,0,1,0,0,0,0,0,0,1
-0.3189177822349461,0.9934507321230805,0.2121533166836726,1,0,1,0,0,0,0,0,0,1
0.1600188894482935,-0.8043033970404823,0.2121533166836726,0,1,0,0,0,1,0,0,0,1
-0.3352332073142652,-1.253741929331373,0.2121533166836726,1,0,0,0,0,0,1,0,0,1
-0.3617650280938228,-0.35486486474959156,2.634145328445595,1,0,0,0,1,0,0,0,0,0
0.24670341040227253,2.3417663289957527,0.6965517190360571,0,0,0,0,0,0,0,0,1,0
-0.30862276184657944,0.09457366754129916,-0.7566434880210966,1,0,0,0,1,1,0,0,0,1
0.28205724210689864,0.09457366754129916,-0.7566434880210966,1,0,0,0,1,1,0,0,0,1
0.0925236061539897,1.892327796704862,-0.7566434880210966,1,0,0,0,0,1,0,0,1,0
0.061137914321625166,0.5440121998321898,0.2121533166836726,0,1,0,0,0,1,0,0,0,1
0.0007926638905635814,-0.35486486474959156,0.2121533166836726,0,0,0,0,1,1,0,0,0,0
1.1662236308998588,1.4428892644139713,0.7934313995065341,0,0,0,0,0,1,0,0,0,1
0.2298119391385045,0.9934507321230805,-0.7566434880210966,0,0,0,0,0,0,0,0,0,1
-0.3423190567586272,0.09457366754129916,-0.7566434880210966,1,0,1,0,0,0,0,0,0,1
-0.34674450349040953,-1.253741929331373,3.11854373079798,1,0,0,0,0,1,0,0,0,1
-0.3303552674793783,-0.35486486474959156,2.1497469260932105,0,0,0,0,0,0,0,0,1,0
0.18428022178496795,-0.8043033970404823,0.2121533166836726,0,1,0,0,0,1,0,0,0,1
-0.26006800546379055,-0.8043033970404823,-0.7566434880210966,1,0,0,0,1,1,0,0,1,0
0.7622454904582999,0.5440121998321898,-0.7566434880210966,0,0,0,0,1,0,0,0,1,0
-0.3356118894856578,-0.8043033970404823,-0.7566434880210966,1,0,0,0,1,0,0,0,0,1
-0.08372406209074033,-0.8043033970404823,-0.7566434880210966,0,0,0,1,0,1,0,0,0,1
-0.35977694669401206,-0.35486486474959156,-0.7566434880210966,1,0,0,1,0,0,0,0,0,1
-0.3416932684245464,-1.253741929331373,-0.7566434880210966,1,0,0,1,0,0,0,0,0,1
-0.35133682711128006,-1.253741929331373,-0.7566434880210966,0,1,0,0,0,0,0,0,0,1
0.3371779622411209,-1.253741929331373,0.2121533166836726,0,1,0,0,0,1,0,0,1,0
-0.27075454470732574,0.09457366754129916,-0.7566434880210966,0,0,1,0,0,0,0,1,0,0
0.41524746379591965,-0.35486486474959156,-0.272245085668712,0,0,1,0,0,0,0,0,0,1
-0.33086231648853104,1.4428892644139713,-0.7566434880210966,1,0,1,0,0,0,0,0,0,1
-0.3532591205067388,-0.35486486474959156,2.634145328445595,1,0,0,0,1,0,0,1,0,0
-0.12887067893099638,2.3417663289957527,0.2121533166836726,1,0,1,0,0,1,0,0,0,1
-0.17159116253758502,1.4428892644139713,0.2121533166836726,0,1,0,0,0,1,0,0,0,1
-0.3431213494946284,2.3417663289957527,-0.7566434880210966,1,0,0,0,1,0,0,0,0,0
0.09072647042534715,-1.253741929331373,0.2121533166836726,0,1,0,0,0,0,1,0,0,1
-0.3376336671803806,-0.35486486474959156,-0.7566434880210966,1,0,0,0,1,0,0,0,0,1
-0.17287483091518682,0.09457366754129916,-0.7566434880210966,1,0,1,0,0,0,0,0,0,1
-0.13528902081900548,1.4428892644139713,0.2121533166836726,1,0,0,0,0,0,0,0,0,0
1.0557883567063966,1.892327796704862,-0.7566434880210966,1,0,0,1,0,0,0,0,0,1
-0.3559259415612066,0.5440121998321898,0.2121533166836726,1,0,0,0,0,1,0,0,0,1
0.3119538786212451,-0.8043033970404823,0.2121533166836726,1,0,0,1,0,0,0,0,1,0
0.1358955514622113,-0.35486486474959156,-0.7566434880210966,1,0,0,0,1,0,1,0,0,1
-0.30945714629202065,0.5440121998321898,-0.7566434880210966,1,0,1,0,0,1,0,0,0,1
-0.1507925256494915,-1.253741929331373,-0.272245085668712,0,0,1,0,0,0,1,0,0,1
0.6024929608657534,0.9934507321230805,-0.7566434880210966,0,0,0,1,0,1,0,0,0,1
0.5136791549904274,-1.253741929331373,-0.7566434880210966,0,1,0,0,0,0,1,0,0,1
-0.3290074156828964,-0.8043033970404823,0.2121533166836726,1,0,0,0,0,0,0,0,0,1
-0.2196966349882133,-0.35486486474959156,-0.7566434880210966,1,0,0,0,1,0,0,0,0,1
-0.31905256741459426,-0.8043033970404823,-0.7566434880210966,1,0,1,0,0,0,1,0,1,0
-0.225107297199805,-0.8043033970404823,0.2121533166836726,1,0,0,0,0,0,0,0,0,1
-0.3471969965935142,-0.8043033970404823,-0.7566434880210966,1,0,1,0,0,0,0,0,0,1
0.07076542715363883,-0.8043033970404823,-0.7566434880210966,0,0,0,0,0,1,0,0,0,1
-0.29662046251600244,2.3417663289957527,-0.7566434880210966,1,0,0,1,0,0,0,0,0,1
-0.11060086874677848,1.4428892644139713,-0.7566434880210966,0,1,1,0,0,0,1,0,1,0
-0.32709154062932566,2.3417663289957527,-0.7566434880210966,1,0,0,0,1,0,0,0,0,0
-0.24230075144940375,-0.8043033970404823,0.7934313995065341,0,0,0,0,0,0,0,0,0,1
-0.2778692766901838,-1.253741929331373,0.6965517190360571,0,0,0,0,0,1,0,0,1,0
2.0418638943287877,0.09457366754129916,1.1809501213884417,0,1,1,0,0,0,0,0,0,1
-0.3492123559463491,-0.8043033970404823,0.2121533166836726,1,0,0,0,0,0,0,0,0,1
-0.197649630602902,0.9934507321230805,-0.7566434880210966,0,0,0,0,1,1,0,0,0,1
-0.348448573261676,-0.8043033970404823,-0.7566434880210966,1,0,1,0,0,0,0,0,0,1
-0.34762060715812276,0.09457366754129916,0.2121533166836726,1,0,0,0,1,0,1,0,0,0
-0.34767195389322686,-1.253741929331373,0.2121533166836726,1,0,0,0,1,0,0,0,1,0
-0.3441161924872698,0.5440121998321898,-0.7566434880210966,0,0,0,1,0,0,0,0,1,0
-0.3447451899922947,-0.8043033970404823,0.2121533166836726,0,0,1,0,0,0,0,0,1,0
-0.3432818080418287,0.09457366754129916,-0.7566434880210966,1,0,0,0,0,0,1,0,0,0
-0.27625827287629356,-0.35486486474959156,-0.7566434880210966,0,0,0,0,0,1,0,0,0,1
-0.2700356904158687,-0.8043033970404823,0.2121533166836726,1,0,0,1,0,0,1,0,0,1
-0.36247265028697584,2.7912048612866434,3.11854373079798,1,0,0,0,0,0,1,0,0,1
0.16990313595582757,-0.8043033970404823,0.2121533166836726,0,0,0,1,0,0,0,0,0,0
0.3050092326984193,1.4428892644139713,0.2121533166836726,0,1,0,0,1,0,0,0,0,1
-0.35420903510616414,-1.253741929331373,-0.7566434880210966,1,0,0,1,0,0,0,0,0,1
-0.06754984053295741,0.09457366754129916,-0.7566434880210966,0,0,0,0,1,0,1,1,0,0
-0.1282192172293635,0.5440121998321898,-0.7566434880210966,0,1,0,1,0,0,0,0,0,0
-0.30098493499984863,1.4428892644139713,-0.7566434880210966,1,0,1,0,0,0,0,0,0,1
-0.27898285900775344,-1.253741929331373,0.2121533166836726,0,1,0,0,0,0,0,0,0,1
-0.34251160701526756,0.5440121998321898,-0.7566434880210966,1,0,0,0,0,1,0,0,1,0
0.18461076639220045,-0.35486486474959156,-0.7566434880210966,1,0,0,1,0,1,0,0,0,1
0.1895207979365274,-0.35486486474959156,-0.7566434880210966,0,1,1,0,0,0,1,0,0,0
0.621199218298356,0.9934507321230805,-0.030045884492519763,0,0,0,0,1,1,0,0,0,0
-0.36258497127001604,-1.253741929331373,-0.7566434880210966,1,0,0,1,0,0,0,0,0,0
0.34953968871742647,-0.8043033970404823,0.2121533166836726,1,0,1,0,0,0,1,0,0,1
-0.35557293275736607,-0.8043033970404823,-0.7566434880210966,1,0,0,1,0,0,0,0,1,0
-0.2600359137543505,0.09457366754129916,-0.7566434880210966,0,1,0,0,1,0,0,0,0,1
0.1766680683057891,0.5440121998321898,0.2121533166836726,0,1,0,0,1,0,1,0,0,1
0.40912436563475896,-0.35486486474959156,-0.7566434880210966,0,1,0,1,0,0,1,1,0,0
-0.34803138103895537,-0.8043033970404823,-0.7566434880210966,1,0,0,0,1,0,0,0,0,0
-0.31750574701958406,-0.8043033970404823,0.2121533166836726,0,0,0,1,0,0,0,0,0,0
-0.3529221575576183,-0.35486486474959156,0.2121533166836726,1,0,0,0,0,1,0,0,0,1
-0.32492535024212255,2.3417663289957527,-0.7566434880210966,1,0,1,0,0,1,0,0,0,1
0.019765282511518475,0.09457366754129916,2.1497469260932105,0,0,0,0,0,0,1,0,1,0
-0.2432583680590947,-0.8043033970404823,0.2121533166836726,1,0,1,0,0,0,1,0,0,1
0.5136631091357073,-0.8043033970404823,-0.7566434880210966,0,1,1,0,0,1,0,1,0,0
-0.3208497031432368,0.5440121998321898,-0.7566434880210966,1,0,1,0,0,0,1,0,1,0
2.8146194209613085,0.09457366754129916,0.2121533166836726,0,1,0,0,1,0,0,0,0,1
-0.3079488359483385,-0.8043033970404823,-0.7566434880210966,1,0,0,0,1,0,0,0,1,0
-0.3384038682069417,-0.8043033970404823,-0.7566434880210966,0,0,0,0,0,1,0,0,0,1
0.2680652567910388,0.5440121998321898,0.2121533166836726,0,0,1,0,0,0,0,0,0,1
0.8006271749485946,2.3417663289957527,-0.7566434880210966,1,0,0,0,1,0,0,0,0,1
1.0908966868338064,0.9934507321230805,0.6965517190360571,0,0,1,0,0,0,0,0,1,0
-0.30043295759747984,-0.8043033970404823,0.2121533166836726,0,0,0,0,1,0,0,0,0,1
0.1318519960727655,-0.35486486474959156,-0.7566434880210966,0,0,0,0,1,0,0,0,0,1
-0.17450508975474116,0.9934507321230805,2.634145328445595,1,0,0,1,0,0,0,0,0,1
-0.3381214611638693,-0.8043033970404823,0.2121533166836726,0,1,0,0,0,0,0,0,0,1
-0.2937963920852784,1.4428892644139713,-0.7566434880210966,1,0,1,0,0,0,0,0,0,0
0.7093423074463848,1.4428892644139713,-0.7566434880210966,1,0,0,0,1,0,0,0,0,1
2.9677482217254294,0.5440121998321898,-0.7566434880210966,1,0,1,0,0,0,1,0,0,1
-0.35385923547326764,-1.253741929331373,0.2121533166836726,1,0,0,0,0,1,0,0,0,1
-0.223034172769978,1.4428892644139713,-0.7566434880210966,1,0,0,0,1,1,0,0,1,0
-0.2937322086663983,0.09457366754129916,-0.7566434880210966,1,0,0,0,0,0,0,0,0,1
-0.35842909489753016,0.09457366754129916,2.634145328445595,1,0,1,0,0,0,0,0,0,0
-0.3296749232392493,-0.8043033970404823,-0.7566434880210966,0,0,0,0,1,1,0,0,0,1
-0.36532560325619595,-1.253741929331373,3.11854373079798,1,0,0,0,0,0,0,0,0,1
-0.3210262075451571,-0.35486486474959156,-0.7566434880210966,1,0,0,0,1,0,0,0,0,0
-0.30644052560465634,0.9934507321230805,-0.7566434880210966,1,0,1,0,0,0,0,0,0,1
-0.31914884254291437,-0.8043033970404823,0.2121533166836726,1,0,0,0,1,1,0,0,0,1
-0.3592313876335313,-1.253741929331373,-0.7566434880210966,1,0,0,0,1,0,0,0,0,1
-0.3220370963925185,-0.35486486474959156,-0.7566434880210966,0,1,0,1,0,0,0,0,1,0
-0.21160310586743383,-0.8043033970404823,0.2121533166836726,1,0,0,0,0,1,0,0,1,0
0.4486902342033911,1.4428892644139713,0.2121533166836726,1,0,0,0,0,0,0,0,0,1
-0.03197618061866691,1.4428892644139713,-0.7566434880210966,0,1,0,0,1,0,0,0,0,0
-0.2956833846003531,3.240643393577534,0.2121533166836726,1,0,0,0,1,0,0,0,0,1
-0.3537565420030595,-0.8043033970404823,0.2121533166836726,1,0,0,0,0,1,0,0,0,1
0.5610754006624306,0.09457366754129916,-0.272245085668712,0,0,1,0,0,0,0,0,0,1
-0.2070974298620514,-1.253741929331373,0.2121533166836726,0,1,0,1,0,1,0,0,0,1
0.6449214099164376,-0.8043033970404823,-0.272245085668712,0,0,1,0,0,0,0,0,0,1
-0.26274445403109037,0.09457366754129916,2.1497469260932105,0,0,0,0,0,0,0,0,0,1
-0.2782479588615764,0.5440121998321898,-0.7566434880210966,1,0,0,1,0,1,0,0,0,0
-0.07237643363274023,-0.35486486474959156,0.2121533166836726,0,0,0,0,1,1,0,0,1,0
0.21225135573291165,-0.35486486474959156,0.2121533166836726,0,0,0,0,1,1,0,0,0,0
0.3294374419241819,0.09457366754129916,0.2121533166836726,0,0,0,0,1,0,0,0,1,0
-0.329418189563729,-0.8043033970404823,-0.7566434880210966,1,0,0,1,0,0,0,0,0,1
0.13693853201901274,0.09457366754129916,-0.7566434880210966,1,0,0,1,0,0,1,0,0,0
-0.1668415895404583,0.9934507321230805,-0.7566434880210966,1,0,0,0,0,0,0,0,0,1
-0.09943616303258664,1.4428892644139713,0.2121533166836726,0,0,0,0,1,0,0,1,0,0
-0.31110986932818296,-0.35486486474959156,-0.7566434880210966,1,0,0,1,0,0,0,0,1,0
-0.34653911654999325,-0.35486486474959156,-0.7566434880210966,1,0,0,1,0,0,0,0,1,0
-0.3528451374549622,-0.8043033970404823,-0.7566434880210966,0,0,1,0,0,1,0,0,0,1
-0.28310343449985526,-0.35486486474959156,0.2121533166836726,1,0,0,0,1,0,0,0,1,0
-0.27259981800012834,0.5440121998321898,1.1809501213884417,0,1,1,0,0,1,0,0,0,0
-0.3424345869126114,-0.8043033970404823,0.2121533166836726,1,0,0,0,0,0,0,0,0,1
-0.32333360145389634,-1.253741929331373,0.2121533166836726,1,0,0,0,0,0,0,1,0,0
-0.2679304742766017,0.09457366754129916,2.634145328445595,1,0,0,1,0,0,0,0,0,1
-0.3613301854309102,-0.8043033970404823,0.2121533166836726,1,0,0,0,1,1,0,0,0,0
0.14458919554951963,0.09457366754129916,0.2121533166836726,0,1,0,0,1,0,0,0,0,1
-0.3528451374549622,-0.8043033970404823,-0.7566434880210966,1,0,1,0,0,1,0,0,0,1
-0.17637282724415182,2.7912048612866434,1.1809501213884417,0,1,1,0,0,0,0,0,1,0
-0.2693168361244117,-0.8043033970404823,0.2121533166836726,1,0,0,0,0,0,0,0,1,0
-0.21482511349521438,-0.35486486474959156,0.2121533166836726,0,1,0,0,1,0,0,0,0,1
0.6439490311204042,0.09457366754129916,2.634145328445595,1,0,1,0,0,0,0,0,0,1
-0.33323710298709436,-0.8043033970404823,-0.7566434880210966,1,0,0,0,1,0,1,1,0,0
-0.26683935615564014,-0.8043033970404823,-0.7566434880210966,1,0,0,0,1,1,0,0,0,1
-0.3595330497022677,-0.8043033970404823,3.11854373079798,1,0,0,0,0,0,1,0,0,1
-0.31914884254291437,1.892327796704862,3.11854373079798,1,0,0,0,0,0,0,0,0,0
-0.12707996154424187,2.3417663289957527,-0.7566434880210966,1,0,0,0,1,0,0,0,0,1
-0.010914391713165017,2.3417663289957527,0.2121533166836726,1,0,0,0,0,0,0,0,0,1
-0.03810248795077162,0.9934507321230805,0.2121533166836726,0,0,0,0,1,0,0,0,0,1
-0.19281982833217515,1.4428892644139713,-0.7566434880210966,1,0,1,0,0,1,0,0,1,0
-0.3189177822349461,0.9934507321230805,0.2121533166836726,1,0,0,0,0,1,0,0,0,1
2.1481420084813867,2.3417663289957527,-0.7566434880210966,0,0,0,0,0,1,0,0,0,1
-0.3367350993160593,0.09457366754129916,-0.7566434880210966,1,0,0,1,0,0,0,0,1,0
-0.3046754815854539,-0.8043033970404823,-0.7566434880210966,0,1,1,0,0,0,0,0,0,1
-0.3478388307823151,-0.8043033970404823,-0.7566434880210966,1,0,1,0,0,1,0,0,0,1
-0.13757395053113675,-0.35486486474959156,-0.7566434880210966,1,0,1,0,0,1,0,0,0,1
-0.34491848522327095,0.5440121998321898,-0.7566434880210966,1,0,1,0,0,0,0,0,0,1
-0.3501109238106703,-0.35486486474959156,0.2121533166836726,0,0,0,0,1,0,0,0,0,0
-0.3001505505544074,2.7912048612866434,-0.7566434880210966,1,0,0,0,1,0,0,0,1,0
-0.34641074971223307,-1.253741929331373,-0.7566434880210966,1,0,0,0,1,0,0,0,0,0
-0.3581210144869057,-1.253741929331373,0.2121533166836726,1,0,0,1,0,0,0,1,0,0
0.10461576227099886,2.3417663289957527,0.2121533166836726,1,0,0,0,1,0,0,0,1,0
-0.3418954461940187,0.09457366754129916,3.11854373079798,1,0,0,0,0,0,0,0,0,1
-0.09170847939942366,0.9934507321230805,0.2121533166836726,1,0,0,1,0,1,0,0,0,1
-0.3656497295215404,-0.8043033970404823,-0.7566434880210966,0,1,0,0,0,1,0,0,0,1
-0.22470294166086038,0.9934507321230805,-0.7566434880210966,1,0,1,0,0,1,0,1,0,0
-0.32492535024212255,-0.35486486474959156,2.634145328445595,1,0,0,1,0,0,1,0,0,0
-0.34651665235338525,-0.8043033970404823,0.2121533166836726,1,0,0,0,1,1,0,0,0,1
0.0008311739418916375,-0.35486486474959156,0.2121533166836726,1,0,0,0,0,0,1,0,0,1
0.5784434338113832,0.9934507321230805,0.2121533166836726,1,0,1,0,0,1,0,0,0,1
-0.0367385902995697,-0.8043033970404823,0.6965517190360571,0,0,0,0,0,0,1,0,0,1
-0.36270371059494416,-1.253741929331373,0.2121533166836726,1,0,1,0,0,0,0,0,0,1
1.3642795412116662,0.9934507321230805,0.2121533166836726,1,0,1,0,0,0,0,0,0,1
0.7517386647876291,-0.35486486474959156,0.2121533166836726,0,0,0,0,1,1,0,0,0,1
-0.3224382427605191,1.4428892644139713,-0.7566434880210966,1,0,1,0,0,1,0,0,0,1
-0.34369900026454925,0.5440121998321898,2.634145328445595,1,0,0,1,0,1,0,0,0,0
-0.3417093142792664,0.5440121998321898,-0.7566434880210966,1,0,1,0,0,0,0,0,0,0
0.04018202805727548,0.5440121998321898,-0.7566434880210966,0,0,1,0,0,0,0,0,0,0
-0.08173437610545754,1.4428892644139713,0.2121533166836726,0,1,1,0,0,0,1,0,0,1
-0.20798316104259665,2.7912048612866434,0.2121533166836726,1,0,1,0,0,0,0,0,0,0
-0.27899569569152943,-0.8043033970404823,0.2121533166836726,1,0,0,1,0,0,0,0,0,1
-0.03590741502507252,-1.253741929331373,-0.7566434880210966,1,0,1,0,0,0,1,0,0,0
-0.34803138103895537,-0.8043033970404823,-0.7566434880210966,1,0,0,0,1,0,1,0,1,0
-0.35125659783768,-0.35486486474959156,-0.7566434880210966,1,0,1,0,0,1,0,0,0,1
-0.27152474573388685,0.09457366754129916,-0.7566434880210966,1,0,0,1,0,1,0,0,1,0
-0.35894256224857085,-0.8043033970404823,-0.7566434880210966,1,0,1,0,0,0,0,0,1,0
-0.3271332598515977,-1.253741929331373,0.2121533166836726,0,0,1,0,0,1,0,0,0,1
0.26468920895794595,0.09457366754129916,0.2121533166836726,1,0,1,0,0,0,0,0,0,1
-0.3206892445960366,1.892327796704862,-0.7566434880210966,1,0,0,1,0,0,1,0,0,0
0.2283100471367104,-0.35486486474959156,0.2121533166836726,1,0,0,0,0,0,0,0,1,0
-0.28980097425999274,0.5440121998321898,-0.7566434880210966,1,0,1,0,0,0,0,0,1,0
-0.3664584405994295,-1.253741929331373,3.11854373079798,1,0,0,0,0,1,0,0,1,0
0.016235194473113484,-0.35486486474959156,0.2121533166836726,0,1,0,0,0,0,0,0,0,1
-0.19745708034626172,2.7912048612866434,0.2121533166836726,1,0,1,0,0,0,0,0,0,1
-0.35335860480600295,-0.8043033970404823,-0.7566434880210966,1,0,1,0,0,0,0,0,0,1
-0.29103650507343454,0.09457366754129916,0.2121533166836726,1,0,1,0,0,0,0,0,0,0
-0.3319855263189326,-0.8043033970404823,-0.7566434880210966,1,0,0,0,1,0,0,0,0,1
-0.35858313510284234,-1.253741929331373,0.2121533166836726,1,0,0,0,1,0,1,1,0,0
-0.35583608477477446,-0.8043033970404823,0.2121533166836726,1,0,0,0,1,0,0,0,0,1
-0.17057706451927956,-0.35486486474959156,0.2121533166836726,1,0,0,0,0,0,0,0,1,0
-0.3643211327507225,-0.35486486474959156,2.634145328445595,1,0,0,1,0,0,0,0,0,1
0.027672679717545737,0.9934507321230805,0.2121533166836726,1,0,0,0,1,0,0,0,0,1
0.7222271287865633,0.5440121998321898,0.2121533166836726,1,0,1,0,0,0,0,0,0,1
-0.27515110890061195,1.4428892644139713,-0.7566434880210966,1,0,0,0,1,1,0,0,0,0
-0.35424112681560416,-0.35486486474959156,-0.7566434880210966,0,1,0,0,1,0,0,0,0,1
-0.2700356904158687,-0.8043033970404823,0.2121533166836726,1,0,0,0,0,0,0,0,0,1
0.3469274235690067,0.09457366754129916,0.6965517190360571,0,0,1,0,0,0,1,0,1,0
-0.33729991340220417,-0.8043033970404823,0.2121533166836726,1,0,0,0,0,1,0,0,1,0
0.10163604704949068,-0.35486486474959156,-0.030045884492519763,0,0,0,0,1,0,0,0,0,1
-0.30339823154974005,-0.35486486474959156,0.2121533166836726,0,1,1,0,0,0,0,0,0,1
-0.35724491081919246,-0.35486486474959156,2.634145328445595,1,0,1,0,0,0,0,0,0,0
-0.318892108867394,0.09457366754129916,-0.7566434880210966,1,0,0,1,0,0,1,0,0,1
-0.33955916974678335,-0.35486486474959156,-0.7566434880210966,1,0,0,0,1,0,0,0,1,0
-0.34870530693719637,-0.35486486474959156,-0.7566434880210966,0,0,0,0,1,0,0,0,1,0
-0.2951955906168644,0.09457366754129916,0.2121533166836726,0,0,1,0,0,1,0,0,0,0
-0.343538541717349,-0.8043033970404823,0.2121533166836726,1,0,0,0,0,0,0,0,0,1
0.04697905211667715,0.09457366754129916,0.2121533166836726,1,0,0,0,0,0,0,0,0,1
-0.35605430839896673,-0.8043033970404823,3.11854373079798,1,0,0,0,0,0,0,0,0,1
-0.3438722954955255,-0.35486486474959156,0.2121533166836726,1,0,0,0,0,1,0,0,0,1
-0.23416999594567378,0.5440121998321898,0.2121533166836726,1,0,0,1,0,0,0,0,1,0
-0.36301820934745666,-0.8043033970404823,-0.7566434880210966,1,0,0,0,1,0,0,0,0,1
0.32050311001607323,-0.8043033970404823,1.1809501213884417,0,1,1,0,0,0,0,0,1,0
-0.2308966415827892,1.4428892644139713,-0.7566434880210966,1,0,0,0,0,1,0,0,0,1
-0.3168382394632311,0.5440121998321898,-0.7566434880210966,1,0,0,1,0,0,0,0,0,1
-0.31120614445650313,-0.35486486474959156,-0.7566434880210966,1,0,1,0,0,1,0,0,0,1
-0.17627655211583168,-0.8043033970404823,1.665348523740826,0,1,0,1,0,0,0,0,0,0
-0.28472085665563357,2.3417663289957527,0.2121533166836726,0,0,0,0,1,0,0,0,0,1
-0.3176084404897922,0.09457366754129916,-0.7566434880210966,1,0,0,0,1,0,0,1,0,0
0.01624161281500148,-0.8043033970404823,-0.7566434880210966,0,0,0,1,0,0,1,1,0,0
-0.3593918461807315,-0.8043033970404823,-0.7566434880210966,1,0,0,0,1,0,0,0,1,0
-0.2960428117460816,1.4428892644139713,-0.7566434880210966,1,0,0,0,1,0,1,0,1,0
-0.32400110901024926,0.09457366754129916,0.2121533166836726,1,0,0,0,1,1,0,0,1,0
-0.2849519169636019,-0.35486486474959156,0.2121533166836726,1,0,1,0,0,1,0,0,0,1
-0.35501453701310925,-0.8043033970404823,0.2121533166836726,1,0,0,0,1,0,0,0,0,1
0.015243560651416086,-0.35486486474959156,0.6965517190360571,0,0,0,0,0,0,0,0,0,1
0.44132839605784463,0.5440121998321898,-0.7566434880210966,0,0,0,1,0,0,0,0,0,1
-0.3189177822349461,0.9934507321230805,0.2121533166836726,1,0,0,1,0,0,0,0,1,0
-0.056972413101518384,-0.35486486474959156,0.2121533166836726,0,0,0,0,1,0,0,0,0,1
-0.2514289172825303,0.9934507321230805,3.11854373079798,1,0,0,0,0,0,1,0,0,1
-0.012640925681039502,-0.8043033970404823,-0.7566434880210966,0,1,0,0,0,0,0,0,0,0
-0.3500964825414223,-0.35486486474959156,2.634145328445595,1,0,1,0,0,0,0,0,0,1
-0.032987069466028335,-0.8043033970404823,-0.7566434880210966,1,0,0,0,0,0,1,0,0,1
-0.013956685768081359,0.09457366754129916,-0.7566434880210966,1,0,0,0,0,0,0,0,0,1
0.853135629934397,1.4428892644139713,0.2121533166836726,0,1,0,0,1,0,1,0,1,0
0.44946364440089626,2.7912048612866434,2.634145328445595,1,0,1,0,0,1,0,0,1,0
-0.3155866627950693,-0.8043033970404823,-0.7566434880210966,0,1,0,0,1,1,0,0,1,0
-0.3316517725407561,-0.8043033970404823,0.2121533166836726,1,0,0,0,1,0,0,0,0,1
-0.15172639439419683,0.5440121998321898,-0.7566434880210966,0,0,0,0,0,0,0,1,0,0
-0.1805126577619177,0.09457366754129916,-0.7566434880210966,0,0,1,0,0,0,0,0,1,0
-0.35991815021554824,-0.8043033970404823,0.2121533166836726,1,0,0,0,0,0,1,0,0,1
-0.0969298005253191,0.5440121998321898,-0.7566434880210966,1,0,0,0,1,0,0,0,0,1
-0.29758321379920377,-0.35486486474959156,-0.7566434880210966,1,0,0,0,0,0,1,0,0,0
-0.3530376877116025,-0.35486486474959156,-0.7566434880210966,1,0,0,0,1,0,1,0,0,1
-0.25203865976189116,-1.253741929331373,0.2121533166836726,1,0,0,1,0,0,0,0,0,1
-0.3536153384815233,-0.35486486474959156,0.2121533166836726,1,0,1,0,0,0,0,0,0,0
-0.3567346526390957,0.9934507321230805,3.11854373079798,1,0,0,0,0,0,1,1,0,0
0.1791198749070086,1.892327796704862,0.6965517190360571,0,0,1,0,0,0,0,0,0,0
-0.18929294946471414,1.4428892644139713,0.2121533166836726,0,0,0,0,1,1,0,0,0,1
0.09069437871590713,-0.35486486474959156,-0.7566434880210966,0,0,0,1,0,0,0,0,1,0
-0.340040545388384,-0.35486486474959156,-0.7566434880210966,1,0,1,0,0,0,1,0,0,1
-0.34384341295702947,-0.35486486474959156,2.634145328445595,1,0,0,1,0,1,0,0,0,0
0.0932456696163908,-0.35486486474959156,-0.7566434880210966,0,1,0,1,0,0,0,0,0,1
-0.2687776954058189,0.9934507321230805,0.2121533166836726,0,1,0,0,1,1,0,0,0,1
0.026170787715751594,-0.35486486474959156,0.2121533166836726,0,1,0,1,0,1,0,0,0,1
-0.17316365630014727,-0.8043033970404823,-0.7566434880210966,1,0,1,0,0,0,0,0,0,1
0.4759072129794938,0.5440121998321898,-0.7566434880210966,0,0,0,0,0,0,1,0,0,1
-0.2495226697417916,-0.35486486474959156,0.2121533166836726,1,0,0,0,0,1,0,0,0,0
-0.3171719932414076,-0.8043033970404823,3.11854373079798,1,0,0,0,0,0,0,0,0,1
-0.3100508429166615,-0.35486486474959156,-0.7566434880210966,1,0,0,0,0,0,0,0,0,1
-0.08895501072946779,-0.35486486474959156,-0.7566434880210966,0,0,0,0,1,0,0,0,1,0
0.4038902078250875,-0.8043033970404823,0.2121533166836726,0,0,0,0,1,1,0,0,0,1
-0.3674211918826309,-1.253741929331373,3.11854373079798,1,0,0,0,0,1,0,1,0,0
-0.3457207779592721,0.5440121998321898,-0.7566434880210966,1,0,0,0,0,0,1,0,0,1
-0.09932063287860246,-0.8043033970404823,-0.7566434880210966,1,0,0,1,0,0,1,1,0,0
-0.3660540850604849,-0.35486486474959156,3.11854373079798,1,0,0,0,0,0,0,0,0,1
-0.21481227681143839,-0.8043033970404823,0.2121533166836726,0,1,0,0,1,0,1,0,0,1
-0.36317866789465686,-0.8043033970404823,-0.7566434880210966,1,0,0,0,1,1,0,0,1,0
-0.2342341793645539,0.09457366754129916,-0.7566434880210966,0,1,0,1,0,1,0,0,0,0
-0.33949498632790326,-0.8043033970404823,-0.7566434880210966,0,0,0,0,1,0,0,0,0,0
-0.22126912875077553,0.09457366754129916,-0.7566434880210966,0,1,1,0,0,0,0,0,0,1
0.12055571434986952,0.5440121998321898,3.11854373079798,1,0,0,0,0,0,0,0,0,1
-0.32264362970093535,0.9934507321230805,2.634145328445595,1,0,0,1,0,0,0,0,0,1
-0.057617456461263324,-0.35486486474959156,-0.7566434880210966,1,0,0,0,1,0,0,0,0,1
-0.35991654563007625,-0.35486486474959156,2.634145328445595,1,0,1,0,0,0,0,0,0,1
-0.30862276184657944,0.5440121998321898,0.2121533166836726,1,0,1,0,0,0,1,0,0,1
0.1292236850696258,0.09457366754129916,3.11854373079798,1,0,0,0,0,0,0,0,0,1
-0.26927832607308366,0.09457366754129916,-0.7566434880210966,1,0,0,1,0,1,0,0,1,0
-0.36126921118297417,-1.253741929331373,-0.7566434880210966,1,0,0,0,1,0,1,0,0,1
-0.17151093326398492,-0.35486486474959156,-0.7566434880210966,1,0,0,1,0,1,0,0,0,1
-0.3338789371758953,-0.8043033970404823,-0.7566434880210966,1,0,0,0,1,0,0,0,0,0
0.3884091671912096,-0.8043033970404823,0.2121533166836726,0,1,0,1,0,0,1,0,1,0
-0.26205769144907337,0.9934507321230805,-0.7566434880210966,1,0,0,1,0,1,0,0,0,1
-0.12818712551992345,-0.35486486474959156,-0.7566434880210966,0,1,0,1,0,0,1,0,0,0
-0.3438722954955255,-0.35486486474959156,0.2121533166836726,1,0,1,0,0,0,0,0,0,1
-0.18600034007616548,0.9934507321230805,-0.7566434880210966,1,0,0,1,0,1,0,0,0,0
0.20064057525750312,0.5440121998321898,-0.7566434880210966,0,0,0,1,0,0,0,0,0,0
-0.3168382394632311,0.5440121998321898,-0.7566434880210966,1,0,0,0,1,0,0,0,0,1
0.016225566960281473,-0.35486486474959156,-0.7566434880210966,0,1,1,0,0,0,0,0,0,1
0.7773285938951213,0.5440121998321898,-0.7566434880210966,1,0,0,0,0,1,0,0,1,0
-0.33464913820245634,-0.35486486474959156,-0.7566434880210966,1,0,0,1,0,0,0,0,0,1
-0.06950743480880019,-0.35486486474959156,-0.7566434880210966,0,0,0,1,0,0,0,0,0,1
0.4333856979714334,0.5440121998321898,-0.7566434880210966,0,1,0,0,0,1,0,0,0,1
-0.35773591397362514,-0.35486486474959156,0.2121533166836726,1,0,0,0,0,0,0,0,1,0
-0.11952236397111113,-1.253741929331373,1.1809501213884417,0,1,1,0,0,0,0,0,1,0
-0.3356118894856578,-0.8043033970404823,-0.7566434880210966,1,0,1,0,0,0,0,0,0,1
-0.34653911654999325,-0.35486486474959156,-0.7566434880210966,1,0,0,0,0,0,0,0,1,0
0.0161774293961214,0.9934507321230805,-0.7566434880210966,0,1,0,0,1,0,0,1,0,0
-0.36035459746393284,-0.8043033970404823,-0.7566434880210966,1,0,0,0,0,0,1,0,1,0
-0.2918837262026517,-0.35486486474959156,0.2121533166836726,1,0,1,0,0,0,0,0,0,1
-0.35621476694616694,-0.35486486474959156,-0.7566434880210966,1,0,0,0,1,0,1,0,0,1
0.1766680683057891,0.09457366754129916,-0.7566434880210966,0,1,0,0,1,0,0,0,0,0
-0.34196604795478674,-0.35486486474959156,-0.7566434880210966,1,0,0,0,1,1,0,0,0,1
-0.24560748119010603,-1.253741929331373,0.2121533166836726,1,0,1,0,0,0,0,0,0,1
0.004078854937224247,0.5440121998321898,0.2121533166836726,1,0,1,0,0,0,0,0,0,1
-0.14749028874811082,-0.35486486474959156,-0.7566434880210966,0,1,1,0,0,0,0,0,0,1
-0.07643924404785,-0.35486486474959156,-0.7566434880210966,0,0,1,0,0,0,0,0,0,1
-0.3303681041631543,-0.8043033970404823,0.2121533166836726,0,0,1,0,0,1,0,0,1,0
-0.26294021345867463,-1.253741929331373,-0.7566434880210966,0,1,0,1,0,0,0,0,1,0
0.09135225875942811,1.4428892644139713,-0.7566434880210966,1,0,1,0,0,0,0,0,1,0
-0.34961029314340564,0.09457366754129916,2.634145328445595,1,0,0,0,1,0,1,0,0,0
1.2838159981326402,0.5440121998321898,-0.7566434880210966,0,1,1,0,0,1,0,0,0,1
-0.36237637515865573,-0.8043033970404823,-0.7566434880210966,1,0,0,0,1,0,1,0,0,1
-0.3406117778164168,1.4428892644139713,0.2121533166836726,1,0,0,0,1,1,0,0,1,0
-0.31447949881938775,-0.35486486474959156,-0.7566434880210966,1,0,0,0,1,0,0,0,0,1
-0.29049736435484175,-0.35486486474959156,0.2121533166836726,1,0,0,0,0,0,0,0,0,1
0.3307708524514158,-0.35486486474959156,-0.030045884492519763,0,0,0,0,1,0,0,0,1,0
0.32430276841377464,0.09457366754129916,0.2121533166836726,0,1,0,0,1,0,0,0,0,0
-0.31569898377810945,1.4428892644139713,-0.7566434880210966,0,0,0,0,1,1,0,0,0,1
-0.22236826979909707,-1.253741929331373,1.665348523740826,0,0,0,0,0,0,0,0,0,1
-0.33850014333526185,-0.35486486474959156,-0.7566434880210966,1,0,1,0,0,0,0,0,1,0
-0.29430985943631915,-0.35486486474959156,0.2121533166836726,1,0,0,0,1,0,0,0,0,1
-0.26500371037566955,-0.35486486474959156,0.2121533166836726,1,0,0,1,0,0,0,0,0,1
-0.154659576637017,0.09457366754129916,0.2121533166836726,1,0,0,0,1,0,0,0,0,1
-0.01846236177346374,-0.35486486474959156,0.2121533166836726,0,0,0,1,0,1,0,0,1,0
0.13000672277996292,-0.8043033970404823,0.2121533166836726,0,0,0,1,0,1,0,0,0,1
-0.13399251575762766,-0.35486486474959156,0.2121533166836726,0,0,0,0,1,1,0,0,0,1
-0.3497643333487178,-0.8043033970404823,-0.7566434880210966,1,0,0,0,0,1,0,0,0,1
-0.3658230247525166,-0.8043033970404823,2.634145328445595,1,0,0,1,0,0,0,0,0,1
1.2932028231438533,0.09457366754129916,-0.7566434880210966,0,1,1,0,0,1,0,1,0,0
-0.22547314268742147,0.9934507321230805,-0.7566434880210966,0,0,1,0,0,0,0,0,0,1
0.23765836209659572,-0.35486486474959156,-0.7566434880210966,0,1,1,0,0,0,0,0,0,1
-0.19836848489435902,1.4428892644139713,0.2121533166836726,1,0,0,0,1,0,0,0,0,1
1.0057509633474775,0.9934507321230805,0.2121533166836726,1,0,0,0,0,1,0,0,0,1
-0.3281601945536792,0.9934507321230805,0.2121533166836726,1,0,1,0,0,0,1,0,0,1
-0.2995472264169346,-0.35486486474959156,0.2121533166836726,0,1,0,0,1,0,0,0,0,1
-0.3123967468767288,0.09457366754129916,0.2121533166836726,0,1,0,0,1,0,1,0,0,1
-0.3374796269750684,-0.35486486474959156,0.2121533166836726,1,0,1,0,0,0,0,0,0,1
-0.3411637552187856,-0.8043033970404823,-0.7566434880210966,1,0,0,1,0,1,0,0,0,0
-0.3601139096431325,-0.35486486474959156,-0.7566434880210966,1,0,0,0,1,0,0,0,0,1
-0.29536888584784066,-0.35486486474959156,-0.7566434880210966,1,0,1,0,0,1,0,0,0,0
0.25691338776062306,-0.35486486474959156,-0.7566434880210966,0,0,0,0,0,0,0,0,0,1
-0.3444884563167743,-0.8043033970404823,0.2121533166836726,0,0,1,0,0,1,0,0,1,0
-0.32420328677972154,-0.35486486474959156,-0.7566434880210966,1,0,0,1,0,0,1,0,0,0
-0.06077207149921977,-0.8043033970404823,0.2121533166836726,0,0,1,0,0,0,0,0,0,1
-0.272359130179328,2.3417663289957527,-0.7566434880210966,1,0,0,0,1,0,0,0,0,0
-0.21465823660612615,-0.8043033970404823,-0.7566434880210966,1,0,0,0,1,0,0,0,0,0
-0.34803138103895537,-0.8043033970404823,-0.7566434880210966,1,0,1,0,0,0,1,0,0,0
-0.3477104639445549,0.5440121998321898,0.2121533166836726,1,0,0,0,0,0,0,0,0,1
0.11636132792605552,-0.35486486474959156,0.2121533166836726,0,1,0,1,0,0,0,0,0,1
-0.2992327276644221,1.4428892644139713,3.11854373079798,1,0,0,0,0,0,1,0,0,1
-0.3047075732948939,-0.8043033970404823,-0.7566434880210966,1,0,1,0,0,0,0,0,0,0
-0.3521904665823853,-0.8043033970404823,0.2121533166836726,1,0,0,1,0,1,0,0,0,1
0.2094337036440756,-0.8043033970404823,-0.7566434880210966,1,0,0,0,0,1,0,0,0,1
-0.36050863766924507,-1.253741929331373,0.2121533166836726,1,0,0,0,0,1,0,0,0,1
-0.33850014333526185,-0.35486486474959156,-0.7566434880210966,1,0,0,0,1,1,0,0,0,0
-0.3410032966715854,-0.35486486474959156,-0.7566434880210966,1,0,0,0,0,0,0,0,0,1
0.06755625620963428,0.5440121998321898,0.2121533166836726,0,1,0,1,0,0,0,0,0,0
-0.3108820181911587,-0.8043033970404823,0.2121533166836726,1,0,0,1,0,1,0,0,0,0
-0.30825049801707494,-0.35486486474959156,0.2121533166836726,1,0,1,0,0,0,0,0,1,0
0.3242385849948945,2.3417663289957527,0.2121533166836726,0,1,0,0,1,0,0,0,0,1
-0.20205261313807624,0.09457366754129916,0.2121533166836726,0,0,1,0,0,1,0,0,0,1
0.1985032674087961,-0.8043033970404823,0.2121533166836726,0,0,1,0,0,0,0,0,0,1
-0.20906144247978223,-0.8043033970404823,0.2121533166836726,1,0,0,0,0,0,0,0,0,1
-0.14190633130554292,0.5440121998321898,2.1497469260932105,0,0,0,0,0,0,0,0,0,1
0.6059909571947183,-0.8043033970404823,-0.7566434880210966,0,0,0,0,0,0,0,0,0,1
-0.3644559179303707,-0.8043033970404823,2.634145328445595,1,0,1,0,0,1,0,0,0,1
1.662337710977977,-0.35486486474959156,-0.7566434880210966,0,1,0,0,1,0,0,0,0,1
-0.3004457942812559,1.4428892644139713,3.11854373079798,1,0,0,0,0,0,0,0,1,0
-0.3293732611705129,-0.35486486474959156,3.11854373079798,1,0,0,0,0,1,0,0,0,1
0.4652238829069026,0.09457366754129916,1.1809501213884417,0,1,1,0,0,1,0,0,0,1
-0.3583007280597699,-0.8043033970404823,-0.7566434880210966,1,0,0,1,0,0,0,0,1,0
-0.15061923041851524,-1.253741929331373,-0.7566434880210966,0,1,1,0,0,1,0,0,0,1
-0.05903655185270214,0.09457366754129916,0.7934313995065341,0,0,0,0,0,0,0,0,0,1
-0.19047713354305182,0.5440121998321898,-0.7566434880210966,0,0,1,0,0,0,0,0,1,0
-0.28073506634317985,0.5440121998321898,-0.7566434880210966,1,0,1,0,0,0,0,0,0,1
-0.004008255841667215,1.4428892644139713,-0.7566434880210966,0,0,0,0,1,0,0,0,0,1
-0.17689271293708053,1.892327796704862,0.2121533166836726,1,0,0,0,1,0,0,0,0,1
-0.037666040702387014,-0.8043033970404823,0.2121533166836726,0,1,0,0,1,0,1,0,0,1
-0.24567166460898612,-0.35486486474959156,0.2121533166836726,1,0,1,0,0,0,0,0,0,1
-0.23599601421281244,-0.35486486474959156,1.1809501213884417,0,1,1,0,0,0,0,0,0,1
-0.14193842301498294,0.5440121998321898,-0.7566434880210966,1,0,0,0,0,0,0,0,1,0
-0.34439859953034224,-0.8043033970404823,3.11854373079798,1,0,0,0,0,1,0,0,1,0
-0.36199127464537517,-1.253741929331373,-0.7566434880210966,1,0,0,0,1,0,0,0,0,1
-0.05702375983662247,0.09457366754129916,-0.7566434880210966,0,0,0,0,0,1,0,0,0,1
-0.03234523527722746,-0.8043033970404823,-0.7566434880210966,1,0,0,0,1,1,0,0,0,0
-0.2989310655956857,0.5440121998321898,0.2121533166836726,1,0,0,0,1,0,1,0,0,1
-0.12492981701175881,0.5440121998321898,-0.7566434880210966,1,0,0,0,0,1,0,0,0,0
-0.24707086314057214,-0.8043033970404823,-0.7566434880210966,1,0,0,0,0,1,0,0,0,1
-0.2939889423419187,0.09457366754129916,-0.7566434880210966,1,0,0,0,0,0,0,0,0,0
0.03495107941854802,-0.35486486474959156,0.2121533166836726,1,0,0,1,0,0,0,0,0,0
-0.14103985515066167,-0.8043033970404823,-0.7566434880210966,0,0,0,0,1,0,0,0,0,1
-0.33448867965525614,0.5440121998321898,-0.7566434880210966,1,0,0,0,1,0,1,0,0,1
2.2447540997506437,2.3417663289957527,-0.7566434880210966,0,0,1,0,0,0,0,0,0,0
-0.28456681645032134,0.9934507321230805,0.2121533166836726,1,0,1,0,0,1,0,0,0,1
0.6681718534057506,1.892327796704862,0.2121533166836726,1,0,1,0,0,0,0,0,1,0
-0.029989703804328093,0.09457366754129916,0.2121533166836726,0,1,0,0,1,1,0,0,0,0
1.3630279645435046,0.9934507321230805,0.6965517190360571,0,0,1,0,0,0,0,0,0,0
-0.3649950586489634,-0.8043033970404823,2.634145328445595,1,0,0,0,1,0,0,0,0,1
0.867268818771793,-0.35486486474959156,0.2121533166836726,0,0,0,0,1,1,0,0,1,0
-0.3523445067876975,-0.35486486474959156,0.2121533166836726,1,0,0,1,0,0,0,0,1,0
-0.32807033776724703,0.5440121998321898,-0.7566434880210966,0,0,0,0,1,0,0,0,0,0
-0.2196966349882133,-0.35486486474959156,-0.7566434880210966,1,0,1,0,0,0,0,0,0,1
-0.28073506634317985,0.5440121998321898,-0.7566434880210966,1,0,1,0,0,1,0,1,0,0
-0.3090720457787401,0.09457366754129916,-0.7566434880210966,1,0,0,0,0,0,0,0,0,1
-0.3610574059006698,-0.35486486474959156,2.634145328445595,1,0,1,0,0,0,1,1,0,0
-0.35604147171519074,-0.8043033970404823,0.2121533166836726,1,0,0,0,0,0,1,0,0,1
1.0372714403594903,2.7912048612866434,1.1809501213884417,0,0,0,1,0,1,0,0,1,0
-0.21623073036868837,0.5440121998321898,-0.7566434880210966,0,1,1,0,0,0,0,0,0,1
1.326995393184221,1.4428892644139713,-0.7566434880210966,0,0,0,1,0,0,0,0,0,0
-0.29184521615132364,-0.35486486474959156,0.2121533166836726,0,1,0,0,1,0,0,0,0,1
1.8774805310640428,1.4428892644139713,-0.7566434880210966,0,1,0,0,1,0,0,1,0,0
-0.09566217800243727,-0.8043033970404823,0.2121533166836726,0,1,0,1,0,1,0,0,0,0
-0.1880734645059924,-1.253741929331373,0.2121533166836726,0,0,0,0,1,0,0,0,0,1
-0.03239337284138753,-1.253741929331373,1.1809501213884417,0,0,1,0,0,0,0,0,1,0
-0.3528451374549622,-0.8043033970404823,-0.7566434880210966,1,0,0,0,1,0,0,0,0,1
0.5981782305315392,1.4428892644139713,0.6965517190360571,0,0,0,0,0,0,0,0,1,0
-0.10175960279604594,-0.35486486474959156,-0.7566434880210966,1,0,0,0,1,0,0,1,0,0
-0.31593967159890984,-0.8043033970404823,-0.7566434880210966,1,0,0,0,0,0,0,0,1,0
-0.2173090118058739,-0.35486486474959156,2.1497469260932105,0,0,0,0,0,1,0,0,0,1
0.5352447837341379,0.5440121998321898,0.6965517190360571,0,0,0,0,0,1,0,0,0,0
-0.340040545388384,-0.35486486474959156,-0.7566434880210966,1,0,0,1,0,0,0,0,1,0
-0.2720895598200316,1.892327796704862,2.1497469260932105,0,0,0,0,0,1,0,0,1,0
-0.36667024588173386,-1.253741929331373,0.2121533166836726,1,0,0,1,0,0,0,0,1,0
-0.3573379767765686,-1.253741929331373,0.2121533166836726,0,1,0,0,1,1,0,0,0,0
0.06880141453590806,-0.35486486474959156,0.2121533166836726,1,0,0,0,1,0,0,0,1,0
-0.23026764407776426,0.9934507321230805,0.2121533166836726,0,1,0,0,1,1,0,0,0,1
-0.20902935077034215,-0.8043033970404823,2.634145328445595,1,0,1,0,0,0,1,0,0,1
-0.3226275838462153,-1.253741929331373,0.2121533166836726,1,0,0,0,1,0,0,0,0,1
-0.33917406923350285,-0.8043033970404823,0.2121533166836726,1,0,0,1,0,0,0,0,0,0
0.22612460172384327,-0.35486486474959156,1.1809501213884417,0,1,1,0,0,1,0,1,0,0
-0.2924228669212445,-0.35486486474959156,0.2121533166836726,1,0,0,1,0,0,0,0,0,1
-0.27625827287629356,-0.35486486474959156,-0.7566434880210966,0,0,0,0,0,0,0,0,1,0
-0.35990531353177224,-0.8043033970404823,-0.7566434880210966,1,0,0,0,1,0,1,0,0,1
0.18854360538407797,1.4428892644139713,0.6965517190360571,0,0,0,0,0,1,0,0,0,1
0.3159942248397469,1.4428892644139713,-0.7566434880210966,1,0,1,0,0,0,0,1,0,0
-0.3438722954955255,-0.35486486474959156,0.2121533166836726,1,0,1,0,0,0,1,0,0,1
-0.3443087427439101,-0.8043033970404823,-0.7566434880210966,1,0,0,1,0,0,0,0,0,1
-0.33656822242697115,-1.253741929331373,0.2121533166836726,0,0,1,0,0,0,0,0,0,1
-0.3538720721570437,0.09457366754129916,-0.7566434880210966,1,0,0,0,1,1,0,0,0,1
-0.3335419742267748,-1.253741929331373,-0.7566434880210966,0,1,1,0,0,0,0,0,0,1
-0.3413563054754259,0.09457366754129916,-0.7566434880210966,1,0,0,0,1,0,0,0,1,0
-0.33284558413192583,-1.253741929331373,0.2121533166836726,1,0,0,0,1,1,0,0,0,1
-0.34905831574103685,0.5440121998321898,0.2121533166836726,0,0,0,1,0,1,0,0,1,0
-0.32595228494420403,0.09457366754129916,-0.7566434880210966,1,0,0,0,1,1,0,0,0,0
-0.17772067904063374,-0.35486486474959156,-0.7566434880210966,1,0,1,0,0,0,1,0,0,1
-0.2247863801054045,-1.253741929331373,0.6965517190360571,0,0,0,0,0,0,1,1,0,0
-0.22808861700678523,1.4428892644139713,-0.7566434880210966,1,0,0,0,1,0,0,0,0,1
1.0020539984199843,-0.35486486474959156,0.2121533166836726,0,0,0,0,1,1,0,0,0,1
0.16642439465252662,-0.35486486474959156,0.2121533166836726,0,1,0,0,1,0,0,0,0,1
-0.34125361200521775,0.9934507321230805,0.2121533166836726,1,0,1,0,0,0,1,0,0,0
-0.3585446250515143,-0.35486486474959156,0.2121533166836726,1,0,0,0,0,0,1,0,0,1
0.03538431749598865,2.3417663289957527,-0.7566434880210966,0,1,0,1,0,0,0,0,0,1
-0.36450405549453074,-0.8043033970404823,2.634145328445595,1,0,0,1,0,0,0,0,0,1
-0.34475802667607075,0.09457366754129916,-0.7566434880210966,1,0,0,1,0,1,0,0,0,0
-0.2083682615558772,0.09457366754129916,-0.7566434880210966,0,1,0,0,1,0,1,0,0,1
-0.3065368007329765,0.9934507321230805,-0.7566434880210966,1,0,1,0,0,0,0,0,0,1
-0.2639831940154761,-0.35486486474959156,-0.7566434880210966,1,0,0,0,1,0,0,0,0,1
-0.272359130179328,2.3417663289957527,-0.7566434880210966,1,0,1,0,0,0,0,0,1,0
-0.27125196620364644,-0.35486486474959156,-0.7566434880210966,1,0,0,0,1,0,0,0,0,1
0.8710042937506143,0.5440121998321898,0.2121533166836726,1,0,0,0,0,1,0,0,0,1
-0.26639007222347955,1.892327796704862,-0.7566434880210966,1,0,1,0,0,0,0,0,0,1
-0.07104783686192234,0.9934507321230805,-0.7566434880210966,0,0,0,1,0,0,0,0,0,1
1.0308851901809213,0.09457366754129916,-0.7566434880210966,0,0,1,0,0,0,0,0,0,1
-0.328031827715919,-1.253741929331373,0.2121533166836726,1,0,0,1,0,0,1,0,0,1
0.6323703423544358,0.5440121998321898,0.2121533166836726,0,1,0,0,1,0,0,0,0,1
-0.3451431271893513,0.5440121998321898,2.1497469260932105,0,0,0,0,0,0,0,0,0,1
-0.3665033689926456,-1.253741929331373,0.2121533166836726,1,0,1,0,0,1,0,0,0,1
0.42444173855049266,0.09457366754129916,1.1809501213884417,0,1,1,0,0,0,0,0,0,1
-0.2700100170483167,-1.253741929331373,0.2121533166836726,0,0,0,0,1,0,1,0,0,1
-0.2841175325181607,-1.253741929331373,0.2121533166836726,0,1,0,0,1,1,0,0,1,0
-0.3251179004987628,-0.35486486474959156,0.2121533166836726,1,0,0,0,0,1,0,0,0,0
0.8441499512911842,1.4428892644139713,0.2121533166836726,0,1,0,0,0,1,0,0,0,1
0.28652119889000904,-0.8043033970404823,0.6965517190360571,0,0,0,0,0,0,0,0,0,1
0.3744942019780058,1.892327796704862,3.11854373079798,1,0,0,0,0,0,0,0,0,1
-0.30235846016388257,-0.8043033970404823,0.2121533166836726,0,1,0,0,0,1,0,0,1,0
-0.2113206988243614,0.9934507321230805,-0.7566434880210966,0,1,0,1,0,0,1,0,0,1
-0.36409969995558616,-0.35486486474959156,3.11854373079798,1,0,0,0,0,0,0,0,0,1
0.4996390321104074,0.09457366754129916,-0.7566434880210966,1,0,0,0,0,0,0,0,0,1
0.5707414235457723,-0.35486486474959156,0.2121533166836726,0,0,0,0,1,0,1,0,0,0
0.007223842462348722,0.9934507321230805,-0.7566434880210966,1,0,0,1,0,1,0,1,0,0
1.3820455115576753,0.09457366754129916,0.2121533166836726,0,1,0,0,1,0,1,0,0,1
-0.33555412440866567,0.09457366754129916,0.2121533166836726,1,0,0,0,0,0,0,0,0,1
0.14961475724783077,-0.8043033970404823,-0.7566434880210966,1,0,0,0,1,0,0,0,0,1
0.12535342491115634,-0.8043033970404823,-0.7566434880210966,0,1,1,0,0,0,0,0,1,0
-0.35722565579352844,0.5440121998321898,2.634145328445595,1,0,0,1,0,1,0,0,1,0
-0.3518823861717608,-0.8043033970404823,-0.7566434880210966,1,0,0,0,0,0,0,0,0,1
-0.33448867965525614,0.5440121998321898,-0.7566434880210966,1,0,0,0,0,1,0,0,0,1
-0.3189177822349461,0.9934507321230805,0.2121533166836726,1,0,1,0,0,0,0,0,0,0
-0.14912696592955316,0.09457366754129916,-0.7566434880210966,0,0,0,0,1,1,0,0,0,0
0.6227685028899741,-0.35486486474959156,0.2121533166836726,0,1,0,1,0,0,1,0,0,1
-0.3047075732948939,0.5440121998321898,0.2121533166836726,0,1,0,0,1,0,0,0,1,0
-0.3561955119205029,-0.35486486474959156,0.2121533166836726,1,0,0,0,0,1,0,0,1,0
-0.2587522453767487,0.5440121998321898,0.2121533166836726,1,0,0,0,0,0,0,0,0,1
-0.35068857458059116,-0.35486486474959156,0.2121533166836726,1,0,0,0,1,0,1,0,0,1
-0.31460465648620395,1.892327796704862,0.2121533166836726,1,0,0,0,0,0,1,0,0,1
0.27135786617958746,-0.8043033970404823,0.6965517190360571,0,0,1,0,0,0,0,0,0,1
-0.3225280995469512,0.9934507321230805,2.634145328445595,1,0,0,1,0,1,0,0,0,0
-0.2504340742898889,-0.8043033970404823,2.1497469260932105,0,0,0,0,0,1,0,0,0,1
-0.35809213194840966,-1.253741929331373,-0.7566434880210966,1,0,1,0,0,0,1,0,1,0
-0.224428557545148,-0.35486486474959156,2.634145328445595,0,0,0,0,1,0,0,0,0,0
-0.23997859535432203,0.5440121998321898,-0.7566434880210966,1,0,0,0,1,1,0,0,0,1
-0.2340897666720737,-0.35486486474959156,-0.7566434880210966,0,1,0,0,0,1,0,0,1,0
-0.34479011838551077,-1.253741929331373,-0.7566434880210966,1,0,0,0,1,1,0,0,0,1
-0.1603590642335691,0.09457366754129916,-0.7566434880210966,1,0,0,1,0,0,0,0,0,1
-0.34071447128662496,0.5440121998321898,0.2121533166836726,1,0,1,0,0,0,0,0,1,0
-0.2950479687534402,-1.253741929331373,-0.7566434880210966,0,0,1,0,0,1,0,0,1,0
0.11251674113513813,-0.8043033970404823,-0.7566434880210966,0,1,0,0,0,0,0,0,0,1
-0.3498124709128779,-0.35486486474959156,-0.7566434880210966,1,0,0,1,0,0,0,1,0,0
-0.3158369781287017,-0.8043033970404823,0.2121533166836726,1,0,0,0,1,0,1,0,1,0
1.4894757180791718,0.5440121998321898,0.2121533166836726,1,0,0,1,0,1,0,0,1,0
-0.350611554477935,-0.35486486474959156,0.2121533166836726,1,0,1,0,0,0,1,0,0,0
-0.35013338800727833,0.5440121998321898,-0.7566434880210966,1,0,1,0,0,0,0,0,0,1
-0.30644052560465634,0.9934507321230805,-0.7566434880210966,1,0,0,1,0,1,0,0,1,0
-0.2544519563117826,3.240643393577534,-0.7566434880210966,1,0,0,0,1,0,0,1,0,0
-0.2389195689428006,0.09457366754129916,-0.7566434880210966,0,0,0,0,1,0,0,0,0,0
0.12041130165738927,0.5440121998321898,-0.7566434880210966,1,0,0,0,1,1,0,0,0,1
2.206372415260349,0.5440121998321898,-0.7566434880210966,0,0,1,0,0,0,0,0,1,0
-0.325233430652747,-0.8043033970404823,0.2121533166836726,1,0,1,0,0,0,0,0,0,0
-0.34767195389322686,0.09457366754129916,3.11854373079798,1,0,0,0,0,1,0,0,0,1
-0.25262272887369996,0.9934507321230805,-0.7566434880210966,0,0,1,0,0,0,1,0,0,1
1.3496842317583335,2.3417663289957527,-0.7566434880210966,0,1,1,0,0,0,0,0,1,0
-0.23449091304007427,1.4428892644139713,-0.7566434880210966,0,1,0,1,0,0,0,0,0,1
-0.34622140862653683,-0.35486486474959156,0.2121533166836726,1,0,0,0,0,1,0,0,0,1
-0.34485430180439086,-0.35486486474959156,-0.7566434880210966,1,0,0,0,1,0,0,0,0,1
0.9499498989731263,0.9934507321230805,-0.7566434880210966,0,0,0,1,0,0,0,0,0,1
0.8948323880098481,-0.35486486474959156,-0.7566434880210966,0,0,0,0,1,0,0,0,0,1
-0.343554587572069,0.5440121998321898,-0.7566434880210966,1,0,0,1,0,0,1,0,0,1
-0.19572412803649927,-0.35486486474959156,0.2121533166836726,0,1,0,0,1,1,0,0,0,1
-0.3544497229269645,-0.8043033970404823,-0.7566434880210966,1,0,0,0,1,1,0,0,1,0
-0.31914884254291437,0.9934507321230805,0.2121533166836726,1,0,1,0,0,1,0,0,0,1
-0.34803138103895537,-0.8043033970404823,-0.7566434880210966,1,0,0,0,1,0,0,0,0,1
-0.29042676259407363,1.4428892644139713,-0.7566434880210966,0,0,0,0,1,0,0,0,0,1
-0.36620812526579716,-1.253741929331373,0.2121533166836726,1,0,0,0,0,1,0,0,0,1
-0.3319855263189326,-0.8043033970404823,-0.7566434880210966,0,1,0,1,0,0,1,0,0,0
-0.3457977980619282,-0.35486486474959156,0.2121533166836726,1,0,1,0,0,0,0,0,0,1
-0.3561955119205029,-0.35486486474959156,0.2121533166836726,1,0,1,0,0,1,0,0,0,1
-0.3461443885238807,-0.8043033970404823,2.1497469260932105,0,0,0,0,0,0,0,0,0,1
-0.3528451374549622,0.5440121998321898,2.1497469260932105,0,0,0,0,0,1,0,0,1,0
-0.253344792336101,-0.35486486474959156,-0.7566434880210966,0,0,1,0,0,0,0,0,1,0
-0.29696705297795495,-0.8043033970404823,0.2121533166836726,0,1,0,1,0,0,0,0,0,0
-0.34963596651095763,-0.8043033970404823,-0.7566434880210966,1,0,0,0,0,0,0,0,0,1
-0.3454640442837517,0.5440121998321898,2.1497469260932105,0,0,0,0,0,0,0,0,0,1
-0.25868806195786864,3.240643393577534,-0.7566434880210966,0,0,0,0,0,1,0,0,0,1
-0.36006577207897245,-0.35486486474959156,-0.7566434880210966,1,0,0,0,1,0,0,0,1,0
-0.1213355455544737,0.09457366754129916,0.2121533166836726,1,0,0,0,0,0,0,0,0,1
-0.36143287890111836,-0.8043033970404823,0.2121533166836726,1,0,0,1,0,0,0,0,0,0
-0.32861589682772785,-0.8043033970404823,-0.7566434880210966,1,0,0,0,0,0,0,1,0,0
-0.23026764407776426,-0.35486486474959156,0.2121533166836726,1,0,1,0,0,1,0,0,0,1
-0.3226917672650954,0.9934507321230805,0.2121533166836726,1,0,0,0,1,0,0,0,0,1
-0.24049206270536275,-0.8043033970404823,-0.7566434880210966,0,1,0,0,1,0,0,0,0,0
0.3969455619022617,0.09457366754129916,-0.7566434880210966,1,0,0,1,0,1,0,0,0,0
-0.2647469767001492,0.09457366754129916,0.2121533166836726,1,0,0,1,0,0,0,0,0,1
-0.29175535936489155,0.09457366754129916,0.2121533166836726,1,0,0,0,1,0,0,0,0,1
-0.18600034007616548,-0.35486486474959156,-0.7566434880210966,1,0,0,1,0,1,0,0,0,1
-0.2971210931832672,1.4428892644139713,0.2121533166836726,1,0,0,0,0,0,0,0,0,1
-0.3141425358702673,-0.8043033970404823,-0.7566434880210966,1,0,1,0,0,0,0,0,1,0
-0.23416999594567378,0.09457366754129916,-0.7566434880210966,0,0,1,0,0,0,1,0,1,0
0.6270022016578521,-0.35486486474959156,1.423149322564634,0,0,0,1,0,0,1,0,0,1
-0.20723863338358758,0.9934507321230805,0.2121533166836726,1,0,0,0,1,0,0,0,0,1
-0.09478607433472404,-1.253741929331373,0.6965517190360571,0,0,1,0,0,0,0,0,0,0
-0.3319855263189326,-0.8043033970404823,-0.7566434880210966,1,0,0,0,1,1,0,0,1,0
-0.3438722954955255,-0.35486486474959156,0.2121533166836726,1,0,1,0,0,0,0,0,1,0
-0.05319842807136902,0.9934507321230805,0.2121533166836726,1,0,0,0,1,1,0,0,0,1
-0.16992239364670267,-0.35486486474959156,-0.7566434880210966,0,0,0,0,1,0,0,0,1,0
0.6223256372997016,0.9934507321230805,1.665348523740826,0,0,0,0,0,0,0,0,0,1
0.7603360337466174,0.9934507321230805,2.634145328445595,0,1,0,0,1,0,1,0,0,0
-0.2802922007529073,-0.35486486474959156,0.2121533166836726,0,1,1,0,0,0,1,0,0,1
-0.34651665235338525,-0.8043033970404823,0.2121533166836726,1,0,0,0,1,1,0,0,0,1
1.8694896954134714,0.5440121998321898,-0.7566434880210966,0,1,0,1,0,1,0,0,1,0
-0.36083597310553356,-1.253741929331373,-0.7566434880210966,1,0,0,0,1,0,0,0,0,1
1.3961530270275195,0.5440121998321898,0.2121533166836726,0,1,0,0,0,1,0,0,0,1
0.20153112019446437,-0.35486486474959156,1.665348523740826,0,0,0,0,0,0,0,0,0,1
-0.3366709158971793,-0.35486486474959156,-0.7566434880210966,1,0,0,0,1,0,0,0,0,0
-0.3624341402356478,-0.8043033970404823,2.1497469260932105,0,0,0,0,0,0,0,0,0,1
6.539799379394241,0.9934507321230805,0.2121533166836726,1,0,1,0,0,0,0,0,0,1
-0.13338598244921082,-0.35486486474959156,-0.7566434880210966,1,0,0,0,1,0,1,0,1,0
-0.36190783620083106,-0.8043033970404823,3.11854373079798,1,0,0,0,0,1,0,0,1,0
-0.1202765191429522,0.5440121998321898,-0.7566434880210966,1,0,1,0,0,0,1,0,1,0
-0.3500852504431183,0.09457366754129916,-0.7566434880210966,1,0,1,0,0,0,0,0,1,0
-0.36420560259673834,-1.253741929331373,-0.7566434880210966,1,0,0,0,1,0,1,0,0,1
-0.340040545388384,-0.35486486474959156,-0.7566434880210966,1,0,0,0,1,0,0,0,0,1
1.7066852442531764,1.4428892644139713,0.2121533166836726,0,0,0,0,1,1,0,1,0,0
-0.3381214611638693,0.09457366754129916,0.2121533166836726,1,0,1,0,0,1,0,0,1,0
-0.34738954685015444,0.09457366754129916,-0.7566434880210966,1,0,0,1,0,0,0,0,0,1
-0.12917875934162085,-0.35486486474959156,0.2121533166836726,1,0,0,0,0,1,0,0,0,1
-0.31208866646610434,-0.8043033970404823,0.2121533166836726,0,1,1,0,0,0,1,0,0,0
-0.3376336671803806,-0.35486486474959156,-0.7566434880210966,1,0,0,1,0,1,0,0,0,1
4.12394832943139,0.09457366754129916,-0.7566434880210966,0,1,1,0,0,0,0,1,0,0
-0.2443912054023283,0.5440121998321898,-0.7566434880210966,1,0,1,0,0,1,0,0,1,0
-0.36259780795379204,-0.8043033970404823,2.634145328445595,1,0,1,0,0,0,0,0,0,0
-0.2932187413153576,1.892327796704862,-0.7566434880210966,0,0,1,0,0,0,0,0,0,1
-0.26780531660978557,1.4428892644139713,1.1809501213884417,0,1,1,0,0,0,1,0,0,1
-0.14103985515066167,-0.8043033970404823,-0.7566434880210966,0,0,0,0,0,1,0,0,0,0
-0.35762038381964095,-0.8043033970404823,2.1497469260932105,0,0,0,0,0,0,1,0,1,0
-0.034174462715310036,0.9934507321230805,-0.7566434880210966,1,0,1,0,0,0,0,0,0,0
1.314704268468684,0.5440121998321898,-0.7566434880210966,0,0,0,0,1,0,1,0,0,1
-0.34591332821591236,-1.253741929331373,-0.7566434880210966,1,0,1,0,0,1,0,0,0,1
-0.22126912875077553,-0.8043033970404823,-0.7566434880210966,0,0,0,0,1,1,0,0,0,1
-0.2661461752317352,-1.253741929331373,0.2121533166836726,0,1,0,0,0,0,0,1,0,0
-0.33015629888085,0.5440121998321898,-0.7566434880210966,0,0,0,1,0,0,0,0,1,0
-0.3621998707567355,-1.253741929331373,-0.7566434880210966,1,0,0,0,1,0,0,0,1,0
-0.34838438984279585,1.4428892644139713,-0.7566434880210966,1,0,0,0,1,0,1,0,0,1
-0.3613494404565743,-0.8043033970404823,-0.7566434880210966,1,0,1,0,0,0,1,0,0,1
0.023924368054948398,0.09457366754129916,0.2121533166836726,0,1,0,1,0,1,0,0,0,1
-0.3048487768164301,-0.8043033970404823,0.2121533166836726,1,0,0,0,1,0,0,0,0,1
-0.03323096645777271,-0.8043033970404823,1.1809501213884417,0,0,1,0,0,0,0,0,1,0
-0.3101888372672537,-0.8043033970404823,0.2121533166836726,1,0,0,0,0,0,0,1,0,0
-0.26234651683403376,1.4428892644139713,-0.7566434880210966,0,0,0,0,1,0,0,0,1,0
0.15722049238512148,1.892327796704862,-0.7566434880210966,1,0,0,1,0,1,0,0,1,0
-0.30515685722705455,-0.8043033970404823,-0.7566434880210966,1,0,1,0,0,0,0,0,0,1
-0.2802922007529073,-0.35486486474959156,0.2121533166836726,0,1,0,0,1,0,0,0,0,0
-0.3609194115500777,-0.8043033970404823,0.2121533166836726,1,0,1,0,0,0,1,0,0,0
-0.32040041921107615,-0.35486486474959156,-0.7566434880210966,1,0,1,0,0,1,0,0,0,0
0.2626417578956711,-0.35486486474959156,-0.7566434880210966,0,1,0,0,0,0,0,0,1,0
-0.3521904665823853,-0.8043033970404823,0.2121533166836726,1,0,0,0,0,1,0,0,0,1
-0.30880247541944367,1.4428892644139713,0.2121533166836726,1,0,1,0,0,0,0,0,0,1
0.5073731340854583,-0.35486486474959156,-0.7566434880210966,0,1,1,0,0,0,1,0,0,1
-0.3376336671803806,-0.35486486474959156,-0.7566434880210966,1,0,0,0,0,0,1,0,0,1
-0.34491848522327095,0.5440121998321898,-0.7566434880210966,1,0,0,0,1,1,0,0,0,1
-0.34475802667607075,-0.35486486474959156,-0.7566434880210966,1,0,0,0,1,0,0,0,0,1
0.3530922409524395,2.3417663289957527,-0.7566434880210966,0,1,1,0,0,0,1,0,0,1
-0.3104969176778781,1.892327796704862,0.2121533166836726,1,0,0,0,0,0,1,0,0,1
-0.35450106966206857,-0.8043033970404823,0.2121533166836726,1,0,0,0,0,1,0,0,0,1
-0.23234718684947925,-0.35486486474959156,0.2121533166836726,1,0,0,0,0,1,0,0,1,0
-0.045611947959742286,-0.35486486474959156,0.2121533166836726,1,0,1,0,0,0,0,0,0,1
0.27036302318694605,1.892327796704862,2.634145328445595,1,0,0,1,0,0,1,0,0,0
-0.36401305234009806,-1.253741929331373,0.2121533166836726,1,0,0,1,0,0,1,0,0,1
-0.3438722954955255,-0.35486486474959156,0.2121533166836726,1,0,1,0,0,1,0,0,1,0
-0.3410674800904655,-1.253741929331373,-0.7566434880210966,1,0,0,0,0,1,0,0,0,1
-0.3349379635874168,0.09457366754129916,-0.7566434880210966,0,0,1,0,0,1,0,0,0,1
0.06865700184342789,-0.35486486474959156,-0.272245085668712,0,0,1,0,0,0,0,0,0,1
-0.1016633276677258,-0.35486486474959156,-0.7566434880210966,0,0,0,0,1,0,0,0,0,1
-0.333686386919255,0.5440121998321898,-0.7566434880210966,1,0,0,0,0,1,0,0,0,1
0.13176534845727741,-0.35486486474959156,0.2121533166836726,0,1,0,0,1,1,0,0,0,1
-0.2752473840289321,2.3417663289957527,-0.7566434880210966,1,0,0,0,1,0,0,0,0,1
-0.33455286307413623,1.892327796704862,-0.7566434880210966,0,0,0,1,0,1,0,0,0,1
-0.36409007244275415,-0.8043033970404823,2.634145328445595,1,0,0,1,0,1,0,0,0,1
1.326995393184221,1.4428892644139713,-0.7566434880210966,0,0,0,1,0,0,0,0,0,1
-0.30465622655978986,-1.253741929331373,0.2121533166836726,0,1,0,0,1,1,0,0,0,1
-0.3643596428020506,-0.8043033970404823,0.2121533166836726,0,0,0,1,0,0,0,0,1,0
-0.3438722954955255,-0.35486486474959156,0.2121533166836726,1,0,0,0,0,0,1,1,0,0
-0.15252868713019796,2.7912048612866434,-0.7566434880210966,1,0,0,0,1,1,0,0,0,0
-0.09754917051751197,1.4428892644139713,0.2121533166836726,0,1,0,0,1,1,0,0,0,0
-0.29979754175056694,-0.35486486474959156,-0.7566434880210966,0,0,0,0,1,0,0,0,0,0
-0.2637264603399557,0.5440121998321898,-0.7566434880210966,1,0,0,1,0,0,0,0,0,1
-0.11854998517507777,-0.35486486474959156,0.2121533166836726,0,1,0,0,1,0,0,0,0,1
-0.2767236026631742,0.5440121998321898,-0.7566434880210966,0,1,0,0,0,0,1,0,0,1
-0.33907137576329466,-0.8043033970404823,0.2121533166836726,0,1,1,0,0,1,0,0,0,1
0.06912874997219653,-0.35486486474959156,-0.7566434880210966,0,0,0,0,0,0,0,0,0,1
-0.24659590584085947,-0.35486486474959156,0.2121533166836726,1,0,0,0,1,0,0,0,0,1
-0.04992507370848439,0.09457366754129916,0.6965517190360571,0,0,1,0,0,0,0,0,0,1
-0.36208754977369534,-0.8043033970404823,-0.7566434880210966,1,0,0,0,1,1,0,0,0,1
-0.29758321379920377,-0.35486486474959156,-0.7566434880210966,1,0,1,0,0,0,0,0,0,1
0.09832578722075,0.09457366754129916,0.2121533166836726,0,0,0,0,1,0,1,0,0,1
-0.3387247853013422,-0.8043033970404823,-0.7566434880210966,1,0,1,0,0,0,0,1,0,0
-0.35448181463640455,-0.35486486474959156,-0.7566434880210966,1,0,0,0,1,0,0,0,1,0
-0.3489459947579967,-0.35486486474959156,-0.7566434880210966,1,0,0,0,1,0,0,0,0,0
-0.36352525835660937,-1.253741929331373,0.2121533166836726,1,0,1,0,0,0,0,0,0,1
1.8006240961260775,0.09457366754129916,0.2121533166836726,0,0,0,0,1,1,0,0,0,0
-0.26619752196683927,0.09457366754129916,-0.7566434880210966,0,1,0,0,0,0,0,0,0,1
-0.3247969834043624,-0.8043033970404823,0.2121533166836726,1,0,1,0,0,0,1,0,0,1
0.09528349316583366,1.4428892644139713,-0.7566434880210966,0,0,0,0,1,1,0,0,1,0
0.7766546679968804,0.09457366754129916,-0.7566434880210966,1,0,1,0,0,1,0,0,0,1
-0.3193799028508827,2.3417663289957527,0.2121533166836726,1,0,1,0,0,0,1,0,0,0
0.028211820436138478,1.892327796704862,-0.7566434880210966,0,0,1,0,0,1,0,0,1,0
-0.3423190567586272,0.5440121998321898,0.2121533166836726,1,0,1,0,0,0,0,0,0,0
2.7013870333730514,2.3417663289957527,-0.7566434880210966,0,0,0,0,1,0,1,0,1,0
0.285853691333656,-0.8043033970404823,-0.272245085668712,0,0,1,0,0,0,0,0,0,0
-0.17789718344255398,-1.253741929331373,-0.7566434880210966,0,1,0,0,0,0,0,0,0,1
-0.3466193458235934,0.09457366754129916,3.11854373079798,1,0,0,0,0,1,0,0,1,0
1.3961530270275195,0.09457366754129916,-0.7566434880210966,0,1,0,0,0,0,0,0,0,1
0.21590018309624484,0.5440121998321898,-0.272245085668712,0,0,1,0,0,0,0,0,0,1
0.679850026470983,-0.35486486474959156,-0.7566434880210966,0,0,0,0,0,0,1,0,1,0
1.1509884127602916,1.4428892644139713,-0.7566434880210966,1,0,0,0,1,0,1,0,1,0
-0.2754880718497324,0.5440121998321898,2.634145328445595,1,0,1,0,0,0,0,0,0,1
0.3770647479041535,2.3417663289957527,-0.7566434880210966,0,0,0,0,1,0,0,0,0,1
-0.31750574701958406,-1.253741929331373,0.2121533166836726,0,0,0,1,0,0,0,0,0,1
-0.35224823165937735,-0.35486486474959156,2.1497469260932105,0,0,0,0,0,1,0,0,1,0
-0.3618308160981749,-0.8043033970404823,-0.7566434880210966,1,0,0,0,0,0,0,0,0,0
-0.17634073553471177,-0.8043033970404823,-0.7566434880210966,1,0,0,0,1,0,0,0,1,0
-0.32723595332180583,0.09457366754129916,-0.7566434880210966,1,0,0,0,0,0,0,0,1,0
-0.33949498632790326,-0.8043033970404823,-0.7566434880210966,1,0,0,0,0,1,0,0,0,1
-0.3106284936865823,-0.35486486474959156,-0.7566434880210966,1,0,0,1,0,0,0,0,0,1
0.14715653230472323,-0.8043033970404823,0.2121533166836726,0,0,0,0,1,0,0,0,1,0
-0.30502849038929436,1.4428892644139713,-0.7566434880210966,1,0,0,0,1,0,0,0,0,1
0.06724175745712188,-0.8043033970404823,-0.272245085668712,0,0,1,0,0,0,1,0,0,1
-0.33455286307413623,0.5440121998321898,0.2121533166836726,1,0,1,0,0,0,0,0,0,0
-0.13057795787320683,-0.8043033970404823,0.2121533166836726,0,1,0,0,0,0,0,0,1,0
-0.03188632383223481,-0.8043033970404823,0.6965517190360571,0,1,0,0,0,0,1,1,0,0
-0.014123562657169571,1.892327796704862,0.2121533166836726,1,0,0,0,1,1,0,0,0,1
-0.35287722916440223,-0.8043033970404823,-0.7566434880210966,0,0,1,0,0,0,0,0,0,0
-0.25235315851440365,-0.8043033970404823,2.634145328445595,1,0,0,0,1,0,0,0,0,1
0.09618206103015495,1.4428892644139713,0.2121533166836726,0,0,1,0,0,0,0,0,0,0
0.1584239314891232,-0.35486486474959156,1.1809501213884417,0,0,1,0,0,1,0,1,0,0
-0.13324156975673063,-0.35486486474959156,-0.7566434880210966,1,0,1,0,0,1,0,0,0,1
0.20064057525750312,0.5440121998321898,-0.7566434880210966,1,0,0,0,1,0,0,0,0,1
-0.2944542721287994,0.5440121998321898,-0.7566434880210966,1,0,0,0,1,0,0,0,1,0
-0.054905707013579476,0.09457366754129916,-0.7566434880210966,1,0,0,0,0,0,0,0,0,0
-0.2860943818196675,-0.8043033970404823,2.1497469260932105,0,0,0,0,0,1,0,0,1,0
-0.18667426597440642,0.09457366754129916,-0.7566434880210966,0,1,0,0,0,0,0,1,0,0
0.7132286134595744,-0.35486486474959156,0.2121533166836726,0,0,0,0,1,0,1,0,0,0
-0.2798942635558507,-0.8043033970404823,0.2121533166836726,1,0,0,0,1,0,0,0,0,1
0.44132839605784463,0.5440121998321898,-0.7566434880210966,0,0,0,1,0,0,0,0,0,1
-0.04798994362924966,0.5440121998321898,-0.7566434880210966,0,1,0,0,1,0,0,0,0,1
-0.11768992736208454,0.09457366754129916,0.2121533166836726,1,0,0,0,0,1,0,0,0,1
-0.31120614445650313,-0.35486486474959156,-0.7566434880210966,1,0,1,0,0,0,0,0,0,1
0.23362684109818993,-0.35486486474959156,1.423149322564634,0,0,0,1,0,0,0,0,0,1
-0.3427426673232359,-0.8043033970404823,0.2121533166836726,1,0,0,1,0,0,1,0,0,1
-0.33968753658454354,-0.8043033970404823,0.2121533166836726,1,0,0,0,0,0,0,0,0,1
-0.3285196216994077,-0.8043033970404823,0.2121533166836726,1,0,1,0,0,0,0,1,0,0
0.3590131613441279,-0.35486486474959156,0.2121533166836726,1,0,1,0,0,1,0,0,1,0
-0.347774647363435,0.5440121998321898,0.2121533166836726,1,0,0,0,1,0,0,0,0,1
-0.15018599234107466,2.3417663289957527,-0.7566434880210966,1,0,0,0,1,0,1,0,0,1
-0.34857052175754816,-0.8043033970404823,0.2121533166836726,1,0,0,0,1,0,0,0,0,1
-0.27587317236301295,-0.35486486474959156,-0.7566434880210966,1,0,0,0,1,0,0,0,0,1
-0.3436412351875571,-0.35486486474959156,0.2121533166836726,1,0,0,0,0,1,0,0,0,1
-0.3529221575576183,-0.35486486474959156,0.2121533166836726,1,0,0,0,0,0,1,0,1,0
-0.19822728137282283,-0.35486486474959156,-0.7566434880210966,1,0,0,0,0,0,1,0,0,1
-0.16998657706558273,0.09457366754129916,-0.7566434880210966,1,0,0,0,1,0,0,0,0,1
-0.3168382394632311,0.5440121998321898,-0.7566434880210966,1,0,0,0,1,0,1,0,1,0
0.37616938921077614,2.3417663289957527,1.1809501213884417,0,0,1,0,0,0,0,1,0,0
-0.2855536365156027,-1.253741929331373,2.634145328445595,1,0,1,0,0,1,0,0,1,0
-0.09266160316979301,-1.253741929331373,1.1809501213884417,0,0,1,0,0,0,0,0,0,1
-0.35329442138712286,-0.8043033970404823,-0.7566434880210966,0,0,0,0,0,1,0,0,0,1
0.1355778435387548,-0.35486486474959156,0.2121533166836726,0,0,0,0,1,1,0,0,0,1
-0.18445993802304328,0.5440121998321898,-0.7566434880210966,1,0,0,0,1,0,0,0,0,1
-0.2980196610475884,0.09457366754129916,0.2121533166836726,0,0,0,1,0,1,0,0,0,1
-0.2227966941201217,2.3417663289957527,0.2121533166836726,0,0,1,0,0,0,0,0,1,0
-0.23666031259822135,-0.8043033970404823,0.2121533166836726,1,0,0,0,0,1,0,0,0,1
-0.29463077653071956,0.09457366754129916,0.2121533166836726,1,0,1,0,0,1,0,0,0,1
-0.3592955710524114,-0.35486486474959156,-0.7566434880210966,0,1,1,0,0,0,1,0,0,1
1.0704703137752174,0.5440121998321898,3.11854373079798,1,0,0,0,0,0,0,0,0,1
0.03273675146718489,0.9934507321230805,-0.7566434880210966,1,0,0,0,1,0,0,0,0,0
-0.3014984023508893,-0.8043033970404823,-0.7566434880210966,1,0,1,0,0,0,0,0,0,0
0.9815409777459071,-0.8043033970404823,0.2121533166836726,1,0,1,0,0,1,0,0,0,1
-0.36501431367462744,-0.35486486474959156,0.2121533166836726,0,1,0,1,0,1,0,0,0,1
0.18290990579187802,0.5440121998321898,-0.7566434880210966,0,0,0,1,0,0,0,0,0,1
-0.10573897476661157,0.5440121998321898,0.2121533166836726,1,0,0,1,0,0,0,0,0,1
3.3443701053719157,1.4428892644139713,1.1809501213884417,0,0,0,1,0,0,1,0,0,0
-0.35083298727307133,-0.8043033970404823,2.634145328445595,1,0,0,1,0,0,0,0,0,1
-0.35828468220504994,-0.35486486474959156,2.634145328445595,1,0,1,0,0,0,0,0,0,0
-0.3457721246943762,-0.8043033970404823,0.2121533166836726,0,0,0,0,1,0,0,0,0,1
-0.3521904665823853,-0.8043033970404823,0.2121533166836726,1,0,0,1,0,0,0,0,1,0
-0.2694066929108438,-0.8043033970404823,-0.7566434880210966,1,0,0,0,1,0,1,0,0,1
-0.35636880715147917,0.09457366754129916,2.634145328445595,1,0,0,1,0,0,0,0,1,0
0.08674709845478157,0.09457366754129916,-0.7566434880210966,0,0,0,1,0,0,0,0,0,1
0.34650060383345416,1.4428892644139713,0.6965517190360571,0,0,1,0,0,1,0,0,1,0
-0.24047280767969872,-1.253741929331373,0.2121533166836726,0,1,0,1,0,0,0,0,1,0
-0.3152336539912288,0.5440121998321898,-0.7566434880210966,1,0,0,0,0,1,0,0,0,1
-0.35604147171519074,-0.35486486474959156,2.1497469260932105,0,0,0,0,0,1,0,0,0,1
-0.36402588902387406,-1.253741929331373,0.2121533166836726,1,0,0,0,1,1,0,0,1,0
0.14715653230472323,-0.8043033970404823,0.2121533166836726,0,0,1,0,0,0,0,0,0,1
0.2434444973086359,-0.35486486474959156,0.2121533166836726,0,1,0,0,0,1,0,0,1,0
0.009855362636432434,0.09457366754129916,-0.7566434880210966,0,1,0,0,1,1,0,0,0,1
-0.3292898227259688,0.09457366754129916,0.2121533166836726,0,0,0,0,1,1,0,0,0,0
-0.16992239364670267,-0.35486486474959156,-0.7566434880210966,0,0,0,0,0,0,0,0,0,1
-0.34057005859414474,-0.35486486474959156,-0.7566434880210966,1,0,0,0,1,1,0,0,0,1
2.3363117467830934,0.9934507321230805,-0.7566434880210966,0,0,0,0,1,1,0,0,0,0
-0.28073506634317985,0.5440121998321898,-0.7566434880210966,1,0,0,0,0,0,0,0,0,1
0.6246554954050488,0.9934507321230805,0.2121533166836726,0,1,0,0,0,0,0,0,0,1
-0.18224561007168014,-0.35486486474959156,-0.7566434880210966,1,0,1,0,0,0,0,0,0,1
0.0181606970395162,-0.35486486474959156,0.2121533166836726,0,1,0,0,0,0,0,0,0,1
-0.36456663432793884,-1.253741929331373,2.634145328445595,1,0,1,0,0,1,0,0,0,1
-0.06081058155054782,-0.8043033970404823,-0.7566434880210966,0,0,0,0,0,1,0,0,0,1
-0.19924458856207225,-1.253741929331373,0.6965517190360571,0,0,0,0,0,0,0,0,1,0
-0.24936542036553538,0.5440121998321898,-0.7566434880210966,0,0,1,0,0,1,0,0,0,1
0.2116544499373268,-0.8043033970404823,-0.272245085668712,0,0,1,0,0,0,0,0,0,1
-0.298430434928421,-0.8043033970404823,0.2121533166836726,0,0,1,0,0,0,1,0,0,1
0.9141355512380355,2.3417663289957527,-0.7566434880210966,0,0,1,0,0,0,0,0,0,1
-0.31693451459155125,-0.35486486474959156,-0.7566434880210966,1,0,0,0,0,1,0,0,0,1
-0.27848864668237666,-0.8043033970404823,-0.7566434880210966,1,0,0,0,1,0,1,0,0,0
-0.31059961114808626,1.4428892644139713,0.2121533166836726,1,0,0,1,0,0,0,0,0,1
-0.19753730961986185,1.4428892644139713,-0.7566434880210966,1,0,0,0,0,0,0,0,1,0
-0.13757395053113675,-0.35486486474959156,-0.7566434880210966,1,0,0,0,0,1,0,0,0,1
-0.13147652573752813,0.5440121998321898,0.2121533166836726,1,0,0,0,1,0,1,0,1,0
-0.3438722954955255,-0.35486486474959156,0.2121533166836726,1,0,0,1,0,0,0,0,0,1
-0.3366709158971793,-0.35486486474959156,-0.7566434880210966,1,0,0,0,1,0,0,0,0,1
-0.3554445659196059,-0.35486486474959156,-0.7566434880210966,1,0,0,0,1,0,0,0,0,1
-0.3225505637435592,-0.8043033970404823,-0.7566434880210966,1,0,0,1,0,0,1,0,0,1
-0.35306977942104256,-0.8043033970404823,-0.7566434880210966,1,0,1,0,0,0,0,0,0,1
-0.3015304940603294,-0.8043033970404823,-0.7566434880210966,0,1,0,0,1,1,0,0,1,0
-0.3515871424449124,-1.253741929331373,0.2121533166836726,1,0,0,0,1,0,0,0,0,1
-0.36160136037567864,-1.253741929331373,2.634145328445595,1,0,1,0,0,1,0,0,0,1
-0.3162092419582062,-1.253741929331373,0.2121533166836726,1,0,0,0,1,1,0,0,0,1
-0.3617217042860788,-0.35486486474959156,3.11854373079798,1,0,0,0,0,0,1,0,0,1
-0.2761619977479734,0.5440121998321898,-0.7566434880210966,1,0,1,0,0,1,0,0,0,1
-0.2195490131247891,-0.8043033970404823,3.11854373079798,1,0,0,0,0,1,0,0,0,1
-0.21250167373175505,-0.8043033970404823,0.2121533166836726,0,0,0,1,0,1,0,0,0,0
-0.0319601347639469,0.9934507321230805,-0.7566434880210966,1,0,0,0,0,1,0,0,1,0
2.1631127909351675,-0.35486486474959156,-0.7566434880210966,1,0,0,1,0,0,0,0,0,1
-0.35993098689932423,1.4428892644139713,0.2121533166836726,0,1,0,0,0,1,0,0,0,1
-0.3593918461807315,-0.8043033970404823,-0.7566434880210966,1,0,0,0,1,0,0,0,0,1
-0.3122170333038646,-0.35486486474959156,-0.7566434880210966,0,0,0,0,1,1,0,1,0,0
-0.09290229099059336,0.5440121998321898,0.2121533166836726,0,1,0,0,0,0,0,0,0,1
-0.33809578779631727,-0.8043033970404823,0.2121533166836726,1,0,0,0,0,0,0,1,0,0
-0.31934139279955465,-0.35486486474959156,-0.7566434880210966,0,1,1,0,0,0,1,1,0,0
-0.35779688822156125,1.4428892644139713,3.11854373079798,1,0,0,0,0,1,0,0,0,1
2.8077710501668025,0.9934507321230805,-0.7566434880210966,0,1,0,1,0,1,0,0,0,1
-0.35907092908633104,-1.253741929331373,-0.7566434880210966,1,0,0,0,0,1,0,0,0,1
-0.34485430180439086,-0.35486486474959156,-0.7566434880210966,1,0,0,1,0,0,0,0,0,1
-0.28086985152282806,-0.35486486474959156,0.2121533166836726,1,0,0,0,0,1,0,0,0,1
-0.3107536513533985,-1.253741929331373,0.2121533166836726,0,1,0,1,0,0,0,1,0,0
0.5178029396534731,0.5440121998321898,0.2121533166836726,1,0,1,0,0,1,0,0,1,0
-0.031234862130601875,-0.8043033970404823,3.11854373079798,1,0,0,0,0,1,0,1,0,0
1.0743855023269029,0.5440121998321898,0.6965517190360571,0,0,1,0,0,0,1,0,0,0
-0.2945986848212796,-0.35486486474959156,-0.7566434880210966,1,0,1,0,0,1,0,0,0,1
0.34997613596581106,0.09457366754129916,0.2121533166836726,0,1,0,0,1,0,0,0,0,1
-0.3663300737616693,-0.8043033970404823,3.11854373079798,1,0,0,0,0,0,0,0,0,1
-0.22223188003397684,0.5440121998321898,0.2121533166836726,1,0,0,1,0,1,0,0,0,1
0.02780746489719389,-0.8043033970404823,1.1809501213884417,0,1,1,0,0,1,0,0,0,1
-0.36175058682457484,-1.253741929331373,-0.7566434880210966,1,0,0,0,0,0,1,0,0,0
-0.332973950969686,-0.35486486474959156,0.2121533166836726,1,0,0,0,0,0,0,0,0,1
-0.3259843766536441,0.5440121998321898,-0.7566434880210966,1,0,0,0,0,0,1,0,0,1
0.020253076495007172,1.4428892644139713,-0.7566434880210966,1,0,1,0,0,0,0,0,1,0
-0.3635750005062414,-1.253741929331373,2.634145328445595,1,0,1,0,0,0,0,0,0,0
-0.2251843173024611,0.09457366754129916,-0.7566434880210966,1,0,0,0,0,0,1,0,0,1
0.992734565998595,0.09457366754129916,0.2121533166836726,1,0,1,0,0,0,1,0,0,0
-0.34477407253079073,-1.253741929331373,-0.7566434880210966,0,1,1,0,0,1,0,0,0,1
-0.009528029865355088,0.09457366754129916,-0.7566434880210966,1,0,0,0,1,0,1,0,1,0
-0.28604945342645144,-1.253741929331373,1.1809501213884417,0,0,1,0,0,0,0,0,0,1
-0.35203642637707305,0.9934507321230805,0.2121533166836726,1,0,1,0,0,0,0,0,1,0
-0.17196342636708956,2.3417663289957527,0.2121533166836726,1,0,0,0,1,0,0,1,0,0
1.795284035675254,0.9934507321230805,0.2121533166836726,0,0,0,0,1,1,0,1,0,0
-0.325233430652747,-0.8043033970404823,0.2121533166836726,1,0,0,0,0,0,0,0,0,1
-0.21979291011653343,0.9934507321230805,0.2121533166836726,1,0,0,0,1,0,0,0,1,0
-0.33555412440866567,0.09457366754129916,0.2121533166836726,1,0,0,1,0,1,0,0,0,0
0.05471957243361606,0.5440121998321898,0.2121533166836726,0,1,0,0,1,1,0,0,1,0
-0.29642791225936216,-0.35486486474959156,0.2121533166836726,0,1,0,0,1,1,0,0,0,1
-0.1656477779492886,0.9934507321230805,0.2121533166836726,1,0,1,0,0,1,0,0,1,0
-0.34007263709782404,0.5440121998321898,0.2121533166836726,1,0,0,1,0,0,0,0,0,1
1.94172492419207,0.09457366754129916,0.2121533166836726,0,1,0,0,0,0,0,0,0,1
-0.3410032966715854,-0.35486486474959156,-0.7566434880210966,1,0,1,0,0,0,0,0,0,1
-0.3323192800971091,0.9934507321230805,2.1497469260932105,0,0,0,0,0,1,0,0,0,0
0.9833894602096538,1.892327796704862,-0.7566434880210966,0,0,0,0,1,0,0,0,0,1
-0.3438337854441974,-0.35486486474959156,0.2121533166836726,0,1,0,0,0,0,0,0,1,0
-0.14431320951354634,-0.8043033970404823,-0.7566434880210966,0,0,0,0,1,0,0,0,0,0
-0.25819064046154794,0.5440121998321898,-0.7566434880210966,0,0,1,0,0,1,0,0,0,1
1.8259893832674894,1.892327796704862,-0.7566434880210966,0,0,0,0,1,1,0,0,0,1
-0.3390970491308467,0.09457366754129916,2.634145328445595,1,0,1,0,0,0,0,0,0,1
0.4363702269493576,-0.35486486474959156,-0.7566434880210966,1,0,0,0,0,0,0,0,0,0
-0.3521134464797292,1.4428892644139713,0.2121533166836726,1,0,1,0,0,1,0,0,0,1
-0.19315679128129562,-0.8043033970404823,-0.7566434880210966,0,0,1,0,0,0,0,0,1,0
-0.33312799117499825,-0.35486486474959156,0.2121533166836726,1,0,1,0,0,0,1,0,0,1
-0.17716228329637693,-0.35486486474959156,0.2121533166836726,0,1,0,0,0,0,0,0,0,0
-0.359045255718779,-0.8043033970404823,0.2121533166836726,1,0,0,0,1,0,1,0,0,1
-0.3191231691753624,1.892327796704862,0.2121533166836726,1,0,0,1,0,0,0,0,1,0
0.6901803477397338,-0.8043033970404823,1.1809501213884417,0,1,1,0,0,0,0,0,1,0
-0.34728043503805833,-0.35486486474959156,2.634145328445595,1,0,0,1,0,0,0,1,0,0
-0.361837234440063,-0.8043033970404823,3.11854373079798,1,0,0,0,0,1,0,0,1,0
0.11177863181801702,2.3417663289957527,-0.7566434880210966,1,0,1,0,0,0,1,0,1,0
-0.12621348538936064,-0.35486486474959156,0.2121533166836726,0,1,1,0,0,1,0,0,0,1
-0.3618308160981749,-0.8043033970404823,-0.7566434880210966,1,0,0,0,1,0,0,0,0,0
0.045124151311042505,-0.8043033970404823,-0.7566434880210966,0,1,0,0,0,0,0,0,0,1
-0.20346464835343825,-0.35486486474959156,0.2121533166836726,0,0,1,0,0,0,0,0,0,1
-0.35380788873816355,0.09457366754129916,3.11854373079798,1,0,0,0,0,1,0,0,0,0
-0.18917741931072998,-0.8043033970404823,-0.7566434880210966,1,0,1,0,0,1,0,0,0,0
-0.29042676259407363,1.4428892644139713,-0.7566434880210966,1,0,0,0,1,0,0,0,0,1
-0.0416839227242807,0.5440121998321898,0.2121533166836726,1,0,0,0,1,1,0,0,0,1
-0.34032937077334446,-0.8043033970404823,-0.7566434880210966,1,0,0,1,0,0,0,0,1,0
-0.2886617185748711,-0.8043033970404823,-0.7566434880210966,1,0,1,0,0,1,0,0,1,0
-0.24913756922851107,0.09457366754129916,0.6965517190360571,0,0,0,0,0,0,1,0,0,1
0.46067969685019217,0.09457366754129916,0.2121533166836726,1,0,0,1,0,1,0,0,0,1
-0.3557847380396704,-0.8043033970404823,0.2121533166836726,0,0,1,0,0,0,0,0,1,0
0.01619668442178543,0.9934507321230805,0.2121533166836726,0,1,0,0,1,1,0,0,0,0
-0.21956826815045313,-0.8043033970404823,-0.7566434880210966,1,0,0,0,1,1,0,0,0,1
0.06756909289341036,0.09457366754129916,0.2121533166836726,0,1,0,0,1,1,0,0,0,1
6.41649019504181,0.9934507321230805,0.2121533166836726,0,0,1,0,0,0,0,0,0,1
-0.04794180606508959,-0.8043033970404823,-0.7566434880210966,0,1,1,0,0,0,1,0,1,0
-0.15105246849595588,-0.35486486474959156,-0.7566434880210966,0,1,0,0,0,0,0,0,1,0
-0.3130514177493058,0.5440121998321898,0.2121533166836726,1,0,0,0,1,0,1,0,0,0
-0.36667024588173386,-1.253741929331373,0.2121533166836726,1,0,0,0,0,1,0,0,0,1
-0.36192067288460705,-1.253741929331373,0.2121533166836726,1,0,0,0,1,0,1,1,0,0
-0.0967404594396228,-0.8043033970404823,0.2121533166836726,0,0,0,0,1,0,1,0,0,1
-0.3626395271760641,-1.253741929331373,0.2121533166836726,1,0,0,0,1,1,0,0,0,1
-0.33033601245371425,-0.8043033970404823,1.1809501213884417,0,1,1,0,0,1,0,0,0,1
-0.3419082828777947,-0.35486486474959156,0.2121533166836726,0,1,1,0,0,0,0,0,1,0
-0.2680588411143619,0.09457366754129916,-0.7566434880210966,1,0,0,0,1,0,0,1,0,0
-0.3337826620475752,-0.35486486474959156,-0.7566434880210966,1,0,0,0,1,0,0,0,0,0
-0.29184521615132364,-0.35486486474959156,0.2121533166836726,0,1,0,1,0,0,0,0,0,0
-0.3319855263189326,1.4428892644139713,-0.7566434880210966,1,0,0,1,0,0,0,0,0,1
-0.3561505835272869,-0.8043033970404823,-0.7566434880210966,1,0,0,0,1,0,1,0,0,0
-0.32066357122848455,0.09457366754129916,0.2121533166836726,1,0,0,0,0,0,0,0,0,1
-0.28262847720014256,0.09457366754129916,-0.7566434880210966,1,0,0,0,1,0,0,0,1,0
-0.3550273736968853,-1.253741929331373,-0.7566434880210966,1,0,0,1,0,0,0,0,0,1
-0.3509838183074396,-0.8043033970404823,0.2121533166836726,0,1,0,0,0,0,0,0,0,0
-0.3529221575576183,-0.35486486474959156,0.2121533166836726,1,0,1,0,0,1,0,0,1,0
0.2730587267799099,-0.8043033970404823,1.1809501213884417,0,0,1,0,0,0,0,0,0,0
-0.17155907082814498,-0.35486486474959156,-0.7566434880210966,1,0,0,1,0,1,0,0,0,1
-0.2767877860820543,0.9934507321230805,0.2121533166836726,0,1,0,0,1,1,0,0,0,1
1.7762295831952268,4.139520458159316,-0.030045884492519763,0,0,0,0,1,0,0,0,0,1
-0.33423194597973577,1.4428892644139713,-0.7566434880210966,0,0,0,0,1,1,0,0,0,0
-0.3045150230382537,0.9934507321230805,-0.7566434880210966,1,0,1,0,0,0,1,0,1,0
-0.09930458702388245,-0.35486486474959156,-0.7566434880210966,0,1,0,0,1,0,0,0,0,1
-0.1506352762732353,-0.8043033970404823,-0.7566434880210966,0,1,0,1,0,0,0,0,0,1
0.2954715766528377,1.892327796704862,-0.7566434880210966,0,0,1,0,0,0,0,0,0,1
-0.17844274250303474,0.5440121998321898,1.1809501213884417,0,1,1,0,0,0,0,0,0,1
-0.3016588608980896,1.4428892644139713,-0.7566434880210966,1,0,0,0,0,0,1,0,0,1
0.24701309539836896,0.5440121998321898,0.2121533166836726,0,0,0,0,1,0,0,0,0,1
-0.340040545388384,-0.35486486474959156,-0.7566434880210966,1,0,1,0,0,0,0,0,0,1
0.3855770738331255,1.4428892644139713,0.6965517190360571,0,0,1,0,0,0,1,0,0,1
-0.3087511286843396,0.9934507321230805,-0.7566434880210966,1,0,0,0,1,0,0,0,0,1
-0.35125659783768,-0.35486486474959156,-0.7566434880210966,1,0,0,0,1,1,0,0,1,0
-0.32319239793236015,-0.35486486474959156,-0.7566434880210966,0,0,1,0,0,0,0,0,0,1
1.1496630251604179,1.4428892644139713,0.2121533166836726,0,1,0,0,0,1,0,0,0,1
-0.3464267955669531,-0.8043033970404823,-0.7566434880210966,1,0,1,0,0,0,0,1,0,0
-0.2718296169735673,-0.35486486474959156,-0.7566434880210966,1,0,0,0,1,0,0,0,0,1
-0.08018434653950333,-1.253741929331373,0.6965517190360571,0,0,0,0,0,1,0,0,0,1
-0.27982045262413857,0.5440121998321898,2.634145328445595,1,0,1,0,0,1,0,0,0,1
-0.35306977942104256,-0.8043033970404823,-0.7566434880210966,0,0,1,0,0,1,0,0,0,1
-0.3501012962978383,-0.35486486474959156,-0.7566434880210966,1,0,0,1,0,0,0,0,0,0
-0.32749268699732625,1.4428892644139713,-0.7566434880210966,1,0,0,0,1,0,0,0,0,0
-0.09929495951105044,-0.35486486474959156,0.2121533166836726,0,1,0,0,1,1,0,0,1,0
0.6562144824683896,2.3417663289957527,-0.7566434880210966,0,0,1,0,0,1,0,0,0,0
-0.22444620798533998,-0.8043033970404823,-0.7566434880210966,0,1,1,0,0,0,0,0,0,1
-0.054905707013579476,0.09457366754129916,-0.7566434880210966,1,0,0,1,0,0,0,1,0,0
-0.26698376884812036,3.240643393577534,-0.7566434880210966,0,0,0,0,1,0,1,0,0,1
-0.36667024588173386,0.09457366754129916,3.11854373079798,1,0,0,0,0,1,0,0,0,1
-0.1344931464248924,-1.253741929331373,0.2121533166836726,0,0,0,0,1,0,0,1,0,0
-0.3521904665823853,-0.8043033970404823,0.2121533166836726,1,0,1,0,0,0,0,0,0,0
-0.30644052560465634,0.9934507321230805,-0.7566434880210966,1,0,0,0,1,1,0,0,1,0
-0.2495226697417916,-0.35486486474959156,0.2121533166836726,1,0,0,0,0,0,1,0,1,0
0.3612034205134109,0.5440121998321898,0.6965517190360571,0,0,0,0,0,1,0,0,0,1
0.02570866709981492,0.9934507321230805,-0.7566434880210966,1,0,1,0,0,0,1,0,0,1
-0.11211880660329263,-0.8043033970404823,0.2121533166836726,0,1,1,0,0,0,0,1,0,0
-0.17574703891007093,-1.253741929331373,-0.7566434880210966,1,0,1,0,0,1,0,0,1,0
-0.31850700835411344,0.09457366754129916,-0.7566434880210966,1,0,0,1,0,1,0,0,1,0
-0.060797744866771836,1.4428892644139713,0.2121533166836726,0,0,0,0,1,0,1,0,1,0
-0.3049386336028622,-0.35486486474959156,0.2121533166836726,0,1,0,0,0,0,0,0,0,1
0.645207026130454,0.09457366754129916,-0.7566434880210966,0,1,1,0,0,0,0,0,1,0
-0.35168983591512054,-1.253741929331373,-0.7566434880210966,1,0,0,0,1,1,0,0,1,0
-0.20592929163843376,0.5440121998321898,0.2121533166836726,0,0,0,1,0,0,0,0,0,1
-0.35689832035723995,0.9934507321230805,2.634145328445595,1,0,0,1,0,1,0,0,0,1
-0.016074738591124352,0.5440121998321898,0.2121533166836726,1,0,0,0,0,0,0,0,1,0
0.22312081772025508,2.3417663289957527,-0.7566434880210966,1,0,0,0,1,1,0,0,0,1
-0.2982892314068848,-0.8043033970404823,-0.7566434880210966,1,0,0,0,1,0,0,0,0,0
-0.16652067244605784,-0.8043033970404823,0.2121533166836726,1,0,1,0,0,1,0,0,1,0
-0.2426101155284058,0.9934507321230805,-0.7566434880210966,0,1,1,0,0,1,0,0,0,1
-0.35088112483723144,-1.253741929331373,0.2121533166836726,1,0,0,0,0,0,0,0,0,1
-0.016074738591124352,0.09457366754129916,-0.7566434880210966,1,0,0,0,1,0,0,0,0,0
1.222543297298761,-0.35486486474959156,1.1809501213884417,0,0,1,0,0,1,0,0,0,1
2.0640456838937475,1.4428892644139713,-0.7566434880210966,0,0,0,0,0,0,0,0,0,1
-0.33219412243029295,-0.35486486474959156,-0.7566434880210966,1,0,0,0,1,0,0,0,0,1
-0.16668754933514607,-0.35486486474959156,0.2121533166836726,0,1,0,0,1,1,0,0,1,0
0.21642969630200556,-0.35486486474959156,-0.7566434880210966,1,0,0,0,0,0,1,0,0,1
-0.3633840548350732,0.09457366754129916,3.11854373079798,1,0,0,0,0,0,0,0,0,1
-0.3168671220017272,-0.35486486474959156,1.1809501213884417,0,1,1,0,0,1,0,0,0,1
0.837693099351847,0.09457366754129916,-0.7566434880210966,0,0,1,0,0,0,0,0,1,0
-0.3168382394632311,0.5440121998321898,-0.7566434880210966,1,0,0,0,1,1,0,0,1,0
-0.34963596651095763,-0.8043033970404823,-0.7566434880210966,1,0,0,0,1,1,0,0,0,0
-0.36050863766924507,-1.253741929331373,0.2121533166836726,1,0,0,0,0,1,0,0,0,1
-0.28615856523854755,0.09457366754129916,-0.7566434880210966,1,0,0,0,1,0,0,0,0,1
-0.3527424439847541,0.09457366754129916,3.11854373079798,1,0,0,0,0,0,0,0,0,0
-0.27259981800012834,-0.35486486474959156,-0.7566434880210966,0,1,1,0,0,0,0,0,1,0
-0.17160720839230506,-0.35486486474959156,-0.7566434880210966,0,0,0,0,1,1,0,0,0,1
-0.35459092644850065,-1.253741929331373,0.2121533166836726,1,0,1,0,0,0,1,0,0,1
-0.3004714676488079,-0.35486486474959156,-0.7566434880210966,0,0,0,0,1,0,0,0,1,0
0.21354144245240145,-0.35486486474959156,-0.7566434880210966,0,0,1,0,0,0,0,0,0,1
-0.3643082960669465,-0.8043033970404823,0.2121533166836726,1,0,0,1,0,0,1,0,0,1
-0.35735081346034464,-0.35486486474959156,0.2121533166836726,1,0,1,0,0,0,0,0,0,0
1.4073048960579355,2.3417663289957527,-0.7566434880210966,0,0,0,0,0,1,0,0,0,1
0.10865931766044466,-0.35486486474959156,0.2121533166836726,0,1,0,0,0,0,0,0,1,0
-0.33185715948117245,1.892327796704862,-0.7566434880210966,1,0,0,0,1,1,0,0,0,1
0.06760760294473842,-1.253741929331373,0.2121533166836726,0,1,0,0,1,0,0,0,1,0
4.483324128424796,2.3417663289957527,0.2121533166836726,0,1,0,0,1,0,1,0,0,1
0.5938923827358211,-0.8043033970404823,-0.7566434880210966,0,1,0,0,0,0,0,1,0,0
0.7474833041158792,-0.8043033970404823,1.665348523740826,0,1,0,1,0,0,0,0,0,0
0.11250069528041812,-0.35486486474959156,-0.7566434880210966,0,1,0,1,0,1,0,1,0,0
-0.30918436676178024,2.3417663289957527,-0.7566434880210966,1,0,0,0,1,0,1,1,0,0
-0.3217482710075581,-0.35486486474959156,-0.7566434880210966,0,1,0,0,0,1,0,0,0,1
0.07211327895012079,0.5440121998321898,-0.7566434880210966,1,0,1,0,0,1,0,0,1,0
-0.36081671807986954,-0.35486486474959156,0.2121533166836726,1,0,1,0,0,1,0,0,0,1
-0.07894239738417357,-0.35486486474959156,-0.7566434880210966,1,0,0,1,0,0,0,0,1,0
-0.2681872079521221,0.09457366754129916,-0.7566434880210966,0,0,0,1,0,0,0,0,0,1
-0.03255704055953173,-0.8043033970404823,0.2121533166836726,0,0,0,1,0,0,0,0,0,1
-0.2764283589363258,-0.8043033970404823,0.2121533166836726,1,0,0,0,1,0,0,0,0,1
0.26167900661246973,-0.35486486474959156,-0.7566434880210966,0,0,0,1,0,1,0,0,1,0
-0.36352525835660937,-1.253741929331373,0.2121533166836726,1,0,0,0,1,1,0,0,0,1
-0.3119522767009842,-1.253741929331373,1.665348523740826,0,0,0,0,1,1,0,0,0,1
-0.32839125486164755,0.09457366754129916,-0.7566434880210966,1,0,0,0,0,0,1,0,0,1
-0.3376079938128286,0.09457366754129916,0.2121533166836726,1,0,0,1,0,0,0,0,0,1
-0.3584611866069702,-0.8043033970404823,-0.7566434880210966,1,0,0,1,0,1,0,0,1,0
-0.2766915109537341,2.3417663289957527,-0.7566434880210966,1,0,0,0,0,0,0,0,0,1
-0.360450872592253,-0.8043033970404823,-0.7566434880210966,1,0,1,0,0,0,0,0,0,1
-0.329418189563729,-0.8043033970404823,-0.7566434880210966,1,0,0,0,1,0,0,0,0,1
-0.3207052904507566,-1.253741929331373,-0.7566434880210966,0,1,1,0,0,0,1,0,0,1
-0.224433371301564,-0.8043033970404823,1.1809501213884417,0,1,1,0,0,1,0,0,0,1
-0.06867946870524698,2.3417663289957527,0.2121533166836726,0,0,0,1,0,0,0,0,0,1
-0.18437970874944315,0.5440121998321898,-0.7566434880210966,0,1,0,0,0,0,1,0,1,0
-0.33293544091835797,-0.8043033970404823,0.2121533166836726,1,0,0,1,0,0,0,0,0,1
-0.0032380548151061386,0.09457366754129916,-0.7566434880210966,1,0,0,0,1,0,1,0,0,1
-0.297021608884003,0.5440121998321898,-0.7566434880210966,1,0,1,0,0,1,0,0,0,1
1.2945250015727834,-0.8043033970404823,0.2121533166836726,1,0,0,1,0,1,0,0,0,0
-0.2240290157626194,0.9934507321230805,-0.7566434880210966,1,0,0,0,1,0,0,0,1,0
-0.32646575229524477,0.5440121998321898,-0.7566434880210966,1,0,0,0,1,0,1,0,0,1
-0.32757291627092633,-0.35486486474959156,-0.7566434880210966,1,0,1,0,0,1,0,0,1,0
2.6637530857127096,2.3417663289957527,1.1809501213884417,0,1,1,0,0,0,0,0,0,1
-0.3432176246229485,1.4428892644139713,-0.7566434880210966,1,0,1,0,0,1,0,0,0,1
-0.2659086965818789,-0.35486486474959156,-0.7566434880210966,1,0,0,0,1,0,0,0,0,1
-0.34835229813335583,-0.8043033970404823,-0.7566434880210966,1,0,0,0,0,0,0,1,0,0
-0.3546743648930448,-0.35486486474959156,-0.7566434880210966,1,0,0,0,1,0,0,0,0,1
-0.3656433111796524,-0.8043033970404823,0.2121533166836726,1,0,0,1,0,1,0,0,1,0
0.14879641865710955,-0.35486486474959156,-0.7566434880210966,0,0,1,0,0,0,0,0,0,1
-0.29748693867088366,-0.8043033970404823,-0.7566434880210966,0,0,1,0,0,0,0,0,0,1
-0.03191199719978683,-0.35486486474959156,-0.7566434880210966,0,1,1,0,0,0,0,0,0,1
0.13456695469139335,-0.35486486474959156,1.1809501213884417,0,0,1,0,0,1,0,0,1,0
-0.03205640989226704,-0.35486486474959156,-0.7566434880210966,0,0,0,1,0,0,0,0,0,1
-0.360460500105085,-0.8043033970404823,2.634145328445595,1,0,0,0,1,1,0,0,0,1
-0.36501431367462744,-0.35486486474959156,0.2121533166836726,0,1,0,0,0,0,0,0,0,1
1.104059903753377,2.3417663289957527,-0.030045884492519763,0,0,0,0,1,0,0,0,0,1
-0.30158825913732146,0.9934507321230805,0.2121533166836726,1,0,0,0,1,0,1,0,0,1
-0.31749291033580807,-1.253741929331373,0.2121533166836726,0,1,0,0,1,0,1,0,0,1
0.48594229052139587,0.9934507321230805,0.2121533166836726,0,0,1,0,0,1,0,0,0,1
0.7273361289294185,0.09457366754129916,0.6965517190360571,0,0,0,0,0,0,0,0,0,1
-0.33919974260105484,-0.8043033970404823,0.2121533166836726,0,1,0,1,0,0,0,0,0,0
-0.33172879264341226,0.5440121998321898,0.2121533166836726,1,0,0,0,1,0,1,1,0,0
-0.35894256224857085,-0.8043033970404823,-0.7566434880210966,0,0,0,0,1,0,1,0,1,0
-0.22508162383225291,-0.8043033970404823,0.2121533166836726,0,1,0,0,1,0,0,0,0,1
-0.2655171777267103,0.09457366754129916,3.11854373079798,1,0,0,0,0,0,1,0,1,0
-0.1428851284434643,-1.253741929331373,-0.7566434880210966,0,0,0,1,0,1,0,0,0,1
-0.22775165405766468,0.09457366754129916,-0.7566434880210966,1,0,0,1,0,0,0,0,0,1
-0.3515743057611364,0.09457366754129916,0.2121533166836726,1,0,1,0,0,0,1,0,0,1
-0.35371161360984343,-0.8043033970404823,-0.7566434880210966,1,0,0,0,1,0,0,0,1,0
-0.3521904665823853,-0.8043033970404823,0.2121533166836726,1,0,0,0,0,0,0,0,0,0
-0.25872015366730866,-0.8043033970404823,-0.7566434880210966,1,0,1,0,0,0,0,0,0,1
0.22352196408825564,3.240643393577534,0.2121533166836726,0,1,0,0,1,0,0,0,0,1
-0.060938948388308024,0.9934507321230805,-0.7566434880210966,1,0,1,0,0,0,0,0,0,1
-0.31799354100307275,0.9934507321230805,-0.7566434880210966,0,0,1,0,0,0,0,0,0,1
0.008170547890830026,0.5440121998321898,-0.7566434880210966,0,1,0,0,1,0,0,0,1,0
-0.29183237946754764,-0.8043033970404823,0.2121533166836726,0,1,1,0,0,0,0,0,1,0
0.2620400383436703,-0.35486486474959156,1.665348523740826,0,0,0,0,1,0,0,0,0,1
-0.19951094975042463,0.09457366754129916,-0.7566434880210966,1,0,0,0,1,1,0,0,0,0
-0.3636857169038096,-0.8043033970404823,2.634145328445595,1,0,0,1,0,0,1,0,0,1
0.02249949615581037,0.5440121998321898,0.2121533166836726,1,0,1,0,0,1,0,0,0,1
-0.35676353517759174,-0.8043033970404823,2.634145328445595,1,0,1,0,0,1,0,0,0,0
-0.3549631902780052,-0.35486486474959156,-0.7566434880210966,1,0,0,1,0,0,0,0,0,1
1.2945250015727834,-0.8043033970404823,0.2121533166836726,1,0,0,0,0,0,0,0,0,1
-0.3517540193340007,0.09457366754129916,-0.7566434880210966,1,0,0,0,1,0,0,0,1,0
-0.35987322182233217,-1.253741929331373,-0.7566434880210966,1,0,1,0,0,0,0,0,0,1
0.4141852282134541,-0.8043033970404823,0.2121533166836726,1,0,0,0,1,0,0,0,0,1
-0.20901009574467813,-1.253741929331373,-0.7566434880210966,0,1,1,0,0,0,0,0,0,1
0.35508513610866627,-0.35486486474959156,0.2121533166836726,0,0,0,0,1,1,0,0,0,1
0.0007926638905635814,-0.35486486474959156,0.2121533166836726,0,0,0,0,1,0,0,0,0,1
-0.31509245046969264,1.4428892644139713,0.2121533166836726,1,0,0,0,0,1,0,0,0,1
-0.3539683472853638,-0.8043033970404823,-0.7566434880210966,1,0,0,0,1,0,0,1,0,0
-0.35083940561495935,-1.253741929331373,-0.7566434880210966,1,0,1,0,0,0,0,0,0,1
-0.30459204314090976,0.9934507321230805,0.2121533166836726,1,0,1,0,0,0,0,1,0,0
-0.33397521230421545,0.5440121998321898,0.2121533166836726,1,0,0,0,0,0,0,0,0,1
0.03165205168811137,-0.8043033970404823,0.2121533166836726,0,1,0,0,1,0,1,0,0,1
-0.20058602201666617,-0.35486486474959156,-0.7566434880210966,0,1,1,0,0,0,0,0,0,1
-0.34325613467427657,0.09457366754129916,0.2121533166836726,1,0,0,0,0,0,0,0,0,1
0.5927884279310837,0.9934507321230805,-0.272245085668712,0,0,1,0,0,0,0,0,0,1
-0.2536817552852215,0.9934507321230805,-0.7566434880210966,0,1,1,0,0,0,1,0,0,0
1.0098330287882513,-0.35486486474959156,0.2121533166836726,0,1,0,0,1,1,0,0,0,1
-0.36472548828966705,-0.35486486474959156,2.634145328445595,1,0,1,0,0,1,0,0,0,1
-0.3390007740025266,-0.8043033970404823,2.634145328445595,1,0,1,0,0,0,1,0,0,0
-0.35557293275736607,-0.8043033970404823,-0.7566434880210966,1,0,0,1,0,0,0,0,1,0
-0.15717556665711657,-0.35486486474959156,0.2121533166836726,1,0,0,1,0,0,0,0,0,1
-0.2443109761287282,0.09457366754129916,-0.7566434880210966,0,0,1,0,0,1,0,0,0,1
0.05195968542177219,-0.8043033970404823,-0.7566434880210966,1,0,0,0,1,0,0,0,0,1
-0.3265042623465728,0.09457366754129916,1.1809501213884417,0,1,1,0,0,1,0,0,0,1
-0.1958974232674755,-0.8043033970404823,0.6965517190360571,0,0,0,0,0,0,0,0,0,1
-0.23278363409786387,-0.8043033970404823,0.2121533166836726,1,0,1,0,0,1,0,0,0,1
-0.3284297649129756,0.09457366754129916,2.634145328445595,1,0,1,0,0,0,1,0,0,1
-0.26042101426763103,-0.35486486474959156,0.2121533166836726,1,0,0,1,0,0,1,0,1,0
0.0368123985660707,0.09457366754129916,0.2121533166836726,0,1,0,0,1,0,0,0,0,1
-0.3595843964373718,-0.8043033970404823,-0.7566434880210966,1,0,1,0,0,1,0,0,0,0
1.8290766057156218,0.9934507321230805,2.634145328445595,1,0,0,1,0,0,0,0,0,1
2.339392550889338,0.09457366754129916,-0.7566434880210966,0,1,1,0,0,0,1,0,0,1
0.5604464031574056,0.09457366754129916,0.2121533166836726,0,0,0,0,1,0,0,0,1,0
5.749409458424416,-0.35486486474959156,-0.7566434880210966,1,0,0,0,0,0,1,0,0,0
-0.3569849679727281,-0.8043033970404823,-0.7566434880210966,1,0,0,0,0,1,0,1,0,0
-0.048310860723650095,0.5440121998321898,-0.7566434880210966,0,1,0,0,1,0,1,0,0,0
-0.34559241112151196,0.5440121998321898,0.2121533166836726,1,0,1,0,0,0,0,1,0,0
-0.3454383709161997,-0.8043033970404823,0.2121533166836726,1,0,0,0,1,0,0,0,1,0
-0.13834415155769786,2.3417663289957527,0.2121533166836726,0,1,0,0,1,0,0,0,0,1
-0.0041366226794274175,-0.8043033970404823,-0.7566434880210966,1,0,0,0,1,1,0,0,0,1
-0.3652967207176999,-1.253741929331373,-0.7566434880210966,1,0,0,0,0,1,0,0,0,1
-0.25560725785162425,-1.253741929331373,0.6965517190360571,0,0,1,0,0,1,0,0,0,1
-0.29758321379920377,-0.35486486474959156,-0.7566434880210966,1,0,0,0,1,0,1,0,0,1
-0.3610285233621738,-0.35486486474959156,2.634145328445595,1,0,1,0,0,0,0,0,0,0
-0.3298546368121136,-0.35486486474959156,2.1497469260932105,0,0,0,0,0,0,0,0,0,0
-0.3469787729693219,-0.8043033970404823,0.2121533166836726,0,1,0,0,0,0,1,0,1,0
-0.33622163196501864,0.09457366754129916,-0.7566434880210966,0,0,0,1,0,1,0,0,0,1
0.039707070757562815,4.588958990450206,0.6965517190360571,0,0,0,0,0,0,1,0,0,1
-0.2550937905005835,-0.8043033970404823,-0.7566434880210966,1,0,1,0,0,1,0,0,0,0
-0.33483527011720865,-1.253741929331373,0.2121533166836726,0,0,1,0,0,1,0,0,0,1
-0.20840035326531722,-0.8043033970404823,-0.7566434880210966,0,1,1,0,0,1,0,0,0,1
-0.34738954685015444,-0.8043033970404823,-0.7566434880210966,1,0,0,0,1,0,1,0,0,1
-0.35557293275736607,-0.8043033970404823,-0.7566434880210966,1,0,1,0,0,0,1,0,0,1
-0.30644052560465634,0.9934507321230805,-0.7566434880210966,1,0,0,0,1,0,0,0,0,1
0.04627303450899615,-0.35486486474959156,0.2121533166836726,0,1,1,0,0,1,0,0,0,1
-0.22126912875077553,-0.8043033970404823,-0.7566434880210966,0,0,0,0,1,1,0,0,0,1
-0.014174909392273661,-0.8043033970404823,0.2121533166836726,1,0,1,0,0,0,0,0,1,0
-0.3015144482056094,0.5440121998321898,-0.7566434880210966,1,0,1,0,0,0,1,0,0,1
-0.18913890925940194,-0.8043033970404823,0.2121533166836726,0,1,0,1,0,0,0,0,0,1
-0.307595827144498,2.3417663289957527,-0.7566434880210966,1,0,0,0,0,0,0,1,0,0
-0.31059961114808626,1.4428892644139713,0.2121533166836726,1,0,1,0,0,0,0,0,1,0
-0.3509838183074396,0.09457366754129916,-0.7566434880210966,1,0,1,0,0,1,0,0,0,1
-0.3112542820206632,0.9934507321230805,-0.7566434880210966,1,0,0,0,1,0,0,0,0,1
-0.3264850073209088,0.09457366754129916,2.634145328445595,1,0,1,0,0,1,0,0,0,1
-0.3213439154686135,-1.253741929331373,0.2121533166836726,0,1,0,0,1,0,0,0,1,0
-0.34140765221053,-0.8043033970404823,0.2121533166836726,0,0,0,1,0,0,0,0,0,1
-0.354786685876085,-1.253741929331373,-0.7566434880210966,1,0,0,1,0,0,0,0,1,0
-0.2263909655774068,-0.8043033970404823,0.2121533166836726,1,0,0,1,0,1,0,0,0,0
-0.3057986914158555,1.892327796704862,-0.7566434880210966,1,0,0,0,1,0,1,0,0,1
-0.33320501127765434,0.9934507321230805,-0.7566434880210966,0,0,0,1,0,0,0,0,0,1
-0.2438616921965676,0.9934507321230805,-0.7566434880210966,1,0,0,0,0,1,0,0,0,1
-0.34325613467427657,0.09457366754129916,0.2121533166836726,1,0,0,0,0,0,0,0,0,0
-0.35760754713586496,-0.8043033970404823,0.2121533166836726,1,0,0,1,0,1,0,0,0,1
0.017467516115611235,0.09457366754129916,0.6965517190360571,0,0,1,0,0,1,0,0,0,0
-0.35709728895576826,-1.253741929331373,-0.7566434880210966,1,0,1,0,0,0,1,1,0,0
0.8028415028999577,0.09457366754129916,-0.7566434880210966,0,0,0,0,1,1,0,0,0,1
-0.07681471704829856,-0.8043033970404823,0.6965517190360571,0,0,0,0,0,0,0,0,0,1
-0.17450508975474116,0.9934507321230805,2.634145328445595,1,0,1,0,0,0,0,0,1,0
-0.2665023932065197,1.4428892644139713,-0.7566434880210966,1,0,0,0,0,0,0,0,0,1
2.4186269814968107,0.9934507321230805,-0.7566434880210966,1,0,1,0,0,1,0,0,0,1
-0.34803138103895537,-0.8043033970404823,-0.7566434880210966,1,0,0,0,1,1,0,0,0,1
-0.17229718014526602,-0.8043033970404823,-0.7566434880210966,1,0,0,1,0,0,1,0,0,0
0.33374094016009204,-0.35486486474959156,-0.7566434880210966,0,1,1,0,0,1,0,0,0,1
-0.3305093076846905,0.9934507321230805,-0.7566434880210966,1,0,0,1,0,0,0,0,1,0
-0.2996210373486467,-1.253741929331373,-0.7566434880210966,0,0,0,0,1,0,0,0,0,1
-0.3592313876335313,-1.253741929331373,-0.7566434880210966,1,0,0,0,1,0,0,0,1,0
0.02099118581212823,-0.35486486474959156,-0.7566434880210966,1,0,0,0,0,0,0,0,0,1
-0.35637522549336725,-1.253741929331373,2.1497469260932105,0,0,0,0,0,0,0,0,1,0
-0.32646575229524477,0.5440121998321898,-0.7566434880210966,1,0,0,1,0,1,0,0,1,0
-0.36481213590515515,-0.35486486474959156,2.634145328445595,1,0,1,0,0,0,0,0,0,0
-0.3430571660757483,-1.253741929331373,-0.7566434880210966,1,0,0,0,1,1,0,0,1,0
-0.2980645894408045,0.9934507321230805,-0.7566434880210966,1,0,1,0,0,0,0,0,1,0
-0.27886732885376925,0.9934507321230805,0.2121533166836726,1,0,0,0,0,0,0,0,1,0
4.541175853032366,-0.35486486474959156,1.1809501213884417,0,1,0,0,0,1,0,0,1,0
-0.32866082522094386,-0.35486486474959156,0.2121533166836726,1,0,0,0,1,1,0,0,0,0
-0.2726479555642884,-0.35486486474959156,-0.7566434880210966,1,0,0,1,0,0,0,0,0,0
-0.33272363563605367,0.9934507321230805,-0.7566434880210966,1,0,0,0,1,0,0,0,0,0
0.35508513610866627,-0.35486486474959156,0.2121533166836726,0,0,0,0,1,0,0,0,0,1
-0.2694066929108438,-0.8043033970404823,-0.7566434880210966,1,0,1,0,0,0,0,0,0,1
-0.3598298980145881,-1.253741929331373,2.634145328445595,1,0,1,0,0,0,0,0,1,0
-0.32094597827155696,-0.8043033970404823,-0.7566434880210966,1,0,1,0,0,0,1,0,0,1
-0.029989703804328093,0.09457366754129916,0.2121533166836726,0,1,0,0,1,0,0,0,0,0
-0.29185484366415565,-0.35486486474959156,-0.7566434880210966,0,1,0,0,0,0,1,0,0,1
0.40349227062803095,0.09457366754129916,-0.7566434880210966,1,0,0,0,1,0,1,1,0,0
-0.31428694856274747,-0.35486486474959156,-0.7566434880210966,1,0,0,0,0,0,0,0,1,0
-0.06627900883913161,1.4428892644139713,0.6965517190360571,0,0,1,0,0,1,0,1,0,0
3.0081035463462866,1.4428892644139713,-0.7566434880210966,1,0,0,1,0,1,0,0,1,0
-0.30338539486596405,-0.8043033970404823,2.1497469260932105,0,0,0,0,0,1,0,0,1,0
-0.31291021422776955,-0.8043033970404823,0.2121533166836726,1,0,0,1,0,0,0,0,1,0
-0.3023969702152106,0.5440121998321898,-0.7566434880210966,1,0,1,0,0,0,0,0,0,1
0.43025675630102894,0.5440121998321898,-0.7566434880210966,0,1,0,1,0,1,0,0,0,1
1.9417377608758457,0.09457366754129916,1.1809501213884417,0,1,1,0,0,0,0,0,0,0
0.32431560509755064,-0.35486486474959156,0.2121533166836726,0,1,1,0,0,0,0,0,0,0
-0.32905876241800047,-1.253741929331373,0.2121533166836726,1,0,1,0,0,0,0,0,0,1
0.14297177339374129,2.3417663289957527,-0.7566434880210966,1,0,1,0,0,0,0,0,0,1
-0.07104783686192234,0.9934507321230805,-0.7566434880210966,0,0,0,0,0,0,1,0,1,0
1.2348472586980745,1.4428892644139713,0.2121533166836726,1,0,0,0,0,0,0,0,0,1
-0.19793845598786242,0.9934507321230805,-0.7566434880210966,0,1,0,1,0,0,0,0,0,0
-0.3629058883644165,-1.253741929331373,-0.7566434880210966,1,0,0,0,0,0,0,0,0,0
-0.13338598244921082,-0.35486486474959156,-0.7566434880210966,1,0,0,0,1,1,0,0,1,0
-0.35167699923134454,-0.8043033970404823,0.2121533166836726,1,0,0,0,0,1,0,0,0,1
0.43745813589937516,-0.35486486474959156,0.2121533166836726,0,0,0,0,1,1,0,0,0,1
0.6901610927140698,-0.35486486474959156,0.2121533166836726,0,1,0,0,1,0,1,0,1,0
-0.340040545388384,-0.35486486474959156,-0.7566434880210966,1,0,0,1,0,0,0,0,1,0
-0.2945986848212796,-0.35486486474959156,-0.7566434880210966,1,0,1,0,0,0,1,0,0,1
-0.28627088622158775,-0.35486486474959156,-0.7566434880210966,1,0,0,0,1,0,1,0,0,1
-0.3571454265199283,-0.8043033970404823,0.2121533166836726,1,0,0,0,1,0,0,1,0,0
-0.2952726107195205,-0.35486486474959156,-0.7566434880210966,0,0,1,0,0,0,0,0,0,0
-0.34803138103895537,-0.8043033970404823,-0.7566434880210966,1,0,1,0,0,1,0,0,1,0
-0.07363442864279005,-0.8043033970404823,0.2121533166836726,0,0,1,0,0,0,0,0,0,0
0.11248464942569802,0.5440121998321898,0.2121533166836726,0,1,0,0,0,0,0,0,0,1
7.333157783487272,-0.8043033970404823,0.2121533166836726,0,1,0,0,1,1,0,0,0,0
-0.364654886528899,-1.253741929331373,0.2121533166836726,1,0,0,0,1,0,0,0,0,0
0.30317358691844865,-0.8043033970404823,1.1809501213884417,0,1,0,0,0,0,0,0,0,1
-0.3317608843528523,-0.8043033970404823,-0.7566434880210966,1,0,0,0,1,1,0,0,0,1
-0.2659086965818789,-0.35486486474959156,-0.7566434880210966,1,0,0,1,0,0,0,0,0,0
-0.25203865976189116,-1.253741929331373,0.2121533166836726,0,0,0,0,1,0,0,0,0,0
-0.13057795787320683,-0.8043033970404823,0.2121533166836726,0,1,0,0,1,0,0,0,0,1
0.1358955514622113,-0.35486486474959156,-0.7566434880210966,1,0,0,0,0,1,0,0,1,0
-0.34864754186020425,0.09457366754129916,0.2121533166836726,1,0,1,0,0,1,0,0,0,1
-0.02159451261481218,0.09457366754129916,-0.7566434880210966,1,0,1,0,0,0,1,0,0,1
0.40640619784518717,0.09457366754129916,0.2121533166836726,0,0,0,0,1,0,0,0,0,1
-0.33185715948117245,-0.35486486474959156,0.2121533166836726,1,0,0,0,0,1,0,0,0,1
-0.1803072708215014,1.4428892644139713,0.2121533166836726,1,0,0,0,1,0,0,0,0,1
0.02099118581212823,-0.35486486474959156,-0.7566434880210966,1,0,1,0,0,0,0,0,0,1
-0.2597470883693901,-0.8043033970404823,-0.7566434880210966,0,1,1,0,0,0,1,0,0,1
-0.36450084632358676,-1.253741929331373,0.2121533166836726,1,0,1,0,0,0,1,0,0,0
-0.2994124412372864,-0.35486486474959156,-0.7566434880210966,1,0,0,1,0,1,0,0,0,1
0.7047692388511785,0.5440121998321898,0.2121533166836726,1,0,0,0,1,0,0,0,0,1
3.7099973693642423,-0.8043033970404823,-0.7566434880210966,1,0,1,0,0,0,0,0,0,1
0.19272194595317185,1.4428892644139713,1.665348523740826,0,0,1,0,0,0,0,0,1,0
-0.20058602201666617,-1.253741929331373,-0.7566434880210966,1,0,0,0,0,0,0,0,0,1
-0.3168382394632311,0.5440121998321898,-0.7566434880210966,1,0,0,0,1,0,1,0,0,0
-0.35470645660248484,0.5440121998321898,-0.7566434880210966,0,0,0,1,0,0,0,0,0,1
-0.21186625788484217,-0.8043033970404823,-0.7566434880210966,1,0,0,0,0,0,0,0,1,0
-0.3247071266179303,1.4428892644139713,0.2121533166836726,1,0,0,0,1,0,0,0,1,0
-0.3551557405346455,-0.35486486474959156,-0.7566434880210966,1,0,0,0,0,1,0,0,1,0
-0.3479928709876273,-0.35486486474959156,0.2121533166836726,1,0,0,0,0,1,0,0,1,0
-0.35247287362545765,1.4428892644139713,0.2121533166836726,1,0,0,0,0,0,0,0,0,1
-0.134936012015165,0.9934507321230805,2.634145328445595,0,0,0,0,1,0,0,0,1,0
-0.10950975062581692,-1.253741929331373,-0.7566434880210966,0,1,0,1,0,1,0,0,0,0
0.3692022790913423,0.5440121998321898,-0.7566434880210966,1,0,1,0,0,1,0,0,0,1
0.1477213463908681,0.09457366754129916,-0.7566434880210966,1,0,0,0,1,1,0,0,1,0
-0.273033056077569,-0.35486486474959156,-0.7566434880210966,1,0,1,0,0,0,0,0,0,0
3.6104809783906613,0.09457366754129916,-0.7566434880210966,0,1,0,0,0,0,0,0,0,1
-0.0800976989240152,-0.8043033970404823,1.1809501213884417,0,1,1,0,0,1,0,0,0,1
-0.33914839586595075,0.09457366754129916,0.2121533166836726,1,0,0,0,0,0,0,0,0,1
-0.25348920502858124,0.9934507321230805,-0.7566434880210966,1,0,0,0,1,1,0,1,0,0
-0.35935333612940346,-0.8043033970404823,0.2121533166836726,1,0,0,0,0,1,0,0,1,0
-0.24131040129608394,-0.35486486474959156,-0.7566434880210966,1,0,1,0,0,1,0,0,1,0
-0.21886866888466008,-0.35486486474959156,0.2121533166836726,1,0,0,0,0,0,0,0,0,1
-0.2937963920852784,1.4428892644139713,-0.7566434880210966,1,0,0,0,1,0,0,0,0,0
-0.34363481684566916,0.5440121998321898,-0.7566434880210966,1,0,0,0,1,0,0,0,0,1
-0.33843595991638176,-1.253741929331373,-0.7566434880210966,1,0,1,0,0,1,0,0,1,0
0.15530461733155085,-0.35486486474959156,-0.272245085668712,0,0,1,0,0,0,0,0,0,1
-0.3015625857697694,0.5440121998321898,0.2121533166836726,1,0,0,0,0,0,0,0,1,0
0.1638313845297709,-0.8043033970404823,-0.7566434880210966,1,0,0,0,0,0,1,0,0,1
3.490522168503771,1.892327796704862,-0.7566434880210966,1,0,0,0,0,1,0,0,1,0
-0.3105482644129822,-1.253741929331373,-0.7566434880210966,0,1,0,0,1,0,1,0,1,0
-0.19248286538305465,0.5440121998321898,-0.7566434880210966,0,0,0,0,1,1,0,0,0,1
-0.30465622655978986,-1.253741929331373,0.2121533166836726,0,1,0,0,0,0,0,0,0,1
-0.04828839652704205,-0.8043033970404823,-0.272245085668712,0,0,1,0,0,0,0,0,0,1
-0.3271075864840457,-0.8043033970404823,-0.7566434880210966,0,1,1,0,0,1,0,0,0,1
-0.34154885573206617,-0.8043033970404823,-0.7566434880210966,1,0,1,0,0,0,0,0,1,0
-0.3617409593117428,-0.35486486474959156,0.2121533166836726,1,0,1,0,0,0,1,0,0,1
-0.16998657706558273,0.09457366754129916,-0.7566434880210966,1,0,0,0,1,0,0,0,0,0
-0.34721625161917824,4.139520458159316,3.11854373079798,1,0,0,0,0,0,0,0,1,0
-0.2648753435379094,-1.253741929331373,0.2121533166836726,1,0,1,0,0,1,0,0,0,1
-0.32723595332180583,0.09457366754129916,-0.7566434880210966,1,0,0,1,0,1,0,0,0,1
0.5322827189528216,-0.8043033970404823,0.2121533166836726,0,0,0,1,0,1,0,0,0,1
-0.012673017390479518,-0.8043033970404823,-0.7566434880210966,1,0,0,0,1,1,0,0,0,1
-0.30212739985591425,0.9934507321230805,3.11854373079798,1,0,0,0,0,0,1,0,0,0
-0.22133331216965557,0.5440121998321898,0.2121533166836726,1,0,1,0,0,0,0,0,1,0
-0.3118961162094641,-1.253741929331373,-0.7566434880210966,1,0,1,0,0,0,0,0,0,1
-0.35878531287231463,-0.8043033970404823,2.634145328445595,1,0,1,0,0,0,0,0,0,0
-0.09951318313524274,1.892327796704862,-0.7566434880210966,0,0,0,0,1,1,0,0,0,1
-0.3271717699029258,-0.8043033970404823,-0.7566434880210966,1,0,0,0,0,1,0,0,0,0
-0.36040594419903693,-0.8043033970404823,0.2121533166836726,1,0,0,1,0,1,0,0,1,0
0.009775133362832302,-0.35486486474959156,-0.7566434880210966,1,0,1,0,0,1,0,0,0,0
-0.0848151802117019,-0.35486486474959156,-0.7566434880210966,0,1,0,0,1,1,0,0,0,1
0.4710003906061108,-0.35486486474959156,0.2121533166836726,0,0,0,0,1,1,0,0,0,1
-0.3476976272607789,-0.8043033970404823,0.2121533166836726,1,0,1,0,0,1,0,0,0,1
0.5169043717891519,2.7912048612866434,0.2121533166836726,0,1,0,0,1,0,0,0,0,0
-0.21904838245752437,0.09457366754129916,0.2121533166836726,1,0,1,0,0,0,1,0,0,1
-0.23416999594567378,0.09457366754129916,-0.7566434880210966,1,0,0,0,0,0,0,0,0,1
-0.25791786093130753,2.3417663289957527,0.2121533166836726,1,0,0,0,0,0,1,0,0,1
0.40092493387282735,0.09457366754129916,-0.7566434880210966,0,1,0,0,1,0,0,0,0,1
-0.31029153073746185,0.9934507321230805,-0.7566434880210966,1,0,1,0,0,1,0,0,0,1
-0.18275907742272088,-0.8043033970404823,-0.7566434880210966,0,0,0,0,1,0,0,0,0,1
0.917357558865816,-0.8043033970404823,0.2121533166836726,0,0,0,0,1,1,0,0,0,1
-0.34052192102998474,-0.35486486474959156,-0.7566434880210966,1,0,0,0,0,0,0,0,0,1
-0.08449426311730146,0.5440121998321898,-0.7566434880210966,1,0,1,0,0,1,0,0,0,1
-0.09449083060787562,-0.35486486474959156,-0.7566434880210966,0,1,0,0,1,0,0,0,0,1
-0.16442508381962287,-0.8043033970404823,0.6965517190360571,0,0,0,0,0,0,0,0,0,1
-0.32646575229524477,0.5440121998321898,-0.7566434880210966,1,0,0,0,1,0,0,0,0,0
-0.23731498347079832,-0.8043033970404823,-0.7566434880210966,1,0,0,0,1,1,0,0,0,1
0.013064533580436988,-0.8043033970404823,-0.7566434880210966,0,1,1,0,0,0,0,0,0,1
-0.19628573295170007,-1.253741929331373,-0.7566434880210966,0,0,0,0,1,0,0,0,0,1
-0.31237107350917676,-0.8043033970404823,0.2121533166836726,0,1,0,0,0,0,0,0,0,0
-0.2539384889607419,1.892327796704862,-0.7566434880210966,0,1,1,0,0,0,0,0,1,0
-0.32723595332180583,0.09457366754129916,-0.7566434880210966,1,0,0,0,0,1,0,0,1,0
-0.3276210538350864,0.9934507321230805,-0.7566434880210966,1,0,1,0,0,0,0,0,0,1
-0.14749028874811082,-0.35486486474959156,-0.7566434880210966,0,1,1,0,0,0,0,0,1,0
-0.3354771043060096,-0.8043033970404823,0.2121533166836726,0,1,0,0,1,0,0,0,1,0
-0.3515357957098083,-0.35486486474959156,0.2121533166836726,1,0,1,0,0,0,0,0,0,1
0.27929735509505477,0.5440121998321898,0.2121533166836726,0,0,0,0,1,0,1,0,0,0
-0.32781360409172666,0.5440121998321898,2.634145328445595,1,0,1,0,0,0,0,0,1,0
-0.23793114429204718,-0.35486486474959156,0.2121533166836726,0,1,0,0,0,0,0,0,0,1
0.026517378177704054,-0.8043033970404823,0.2121533166836726,0,1,0,0,1,0,0,0,1,0
0.5610465181239345,-0.35486486474959156,-0.7566434880210966,1,0,0,0,1,0,0,0,0,1
0.34348077397514587,0.09457366754129916,-0.7566434880210966,1,0,0,0,1,0,0,0,0,0
-0.31234540014162476,0.5440121998321898,-0.7566434880210966,1,0,0,0,1,0,0,0,0,0
-0.35013980634916636,2.3417663289957527,3.11854373079798,1,0,0,0,0,0,1,0,0,1
-0.32012443050989176,-0.8043033970404823,0.2121533166836726,1,0,1,0,0,0,0,0,0,0
-0.26110135850776006,0.09457366754129916,0.2121533166836726,1,0,0,0,1,0,1,0,1,0
-0.27886732885376925,0.09457366754129916,0.2121533166836726,1,0,0,0,1,0,0,0,0,0
0.39829341369874355,1.892327796704862,-0.7566434880210966,1,0,1,0,0,1,0,0,0,1
-0.2190227090899723,3.6900819258684248,-0.7566434880210966,1,0,0,0,1,0,0,0,0,1
-0.13338598244921082,-0.35486486474959156,-0.7566434880210966,1,0,0,0,1,0,0,0,0,1
-0.2649459452986775,4.139520458159316,-0.7566434880210966,1,0,0,0,1,1,0,0,0,1
-0.297021608884003,0.5440121998321898,-0.7566434880210966,0,1,0,1,0,1,0,0,0,1
-0.33555412440866567,0.09457366754129916,0.2121533166836726,1,0,0,0,1,1,0,0,0,0
-0.33479355089493656,1.4428892644139713,-0.7566434880210966,0,1,0,0,1,0,1,0,0,1
-0.3523445067876975,-0.35486486474959156,0.2121533166836726,1,0,0,0,0,0,1,1,0,0
-0.2983534148257649,-0.35486486474959156,-0.7566434880210966,1,0,0,0,0,0,0,0,0,1
-0.35247287362545765,1.4428892644139713,0.2121533166836726,1,0,0,0,0,1,0,0,0,1
-0.20564046625347335,0.9934507321230805,-0.7566434880210966,0,1,0,1,0,1,0,0,1,0
-0.3366709158971793,-0.35486486474959156,-0.7566434880210966,1,0,1,0,0,0,0,1,0,0
-0.3593725911550675,0.09457366754129916,2.634145328445595,1,0,1,0,0,0,1,0,0,1
0.018558634236572794,-0.8043033970404823,0.2121533166836726,0,0,0,0,1,0,1,0,0,1
0.18374749940826318,0.09457366754129916,0.6965517190360571,0,0,1,0,0,0,1,0,0,1
-0.3521904665823853,-0.8043033970404823,0.2121533166836726,1,0,0,0,0,1,0,0,0,1
-0.19822728137282283,-0.35486486474959156,-0.7566434880210966,1,0,0,1,0,0,0,0,0,1
0.576931914296757,0.5440121998321898,-0.272245085668712,0,0,1,0,0,0,0,0,0,0
-0.3303167574280502,-0.8043033970404823,0.2121533166836726,0,1,0,1,0,0,0,0,0,1
-0.3464267955669531,-0.8043033970404823,-0.7566434880210966,0,0,1,0,0,1,0,0,0,1
-0.1016633276677258,-0.8043033970404823,1.1809501213884417,0,0,1,0,0,0,0,0,1,0
0.16986462590449952,0.5440121998321898,0.2121533166836726,1,0,0,0,0,0,1,0,0,0
0.6227588753771421,-0.35486486474959156,-0.7566434880210966,0,1,0,1,0,1,0,0,0,1
6.639835656060752,4.139520458159316,0.2121533166836726,0,1,0,1,0,0,0,0,1,0
-0.28156303244673303,-0.8043033970404823,0.2121533166836726,0,1,1,0,0,0,0,0,1,0
-0.27671076597939814,0.9934507321230805,0.2121533166836726,0,1,0,0,1,1,0,0,0,1
-0.35152937736792034,0.5440121998321898,3.11854373079798,1,0,0,0,0,0,0,0,1,0
0.38590601385488604,3.240643393577534,-0.7566434880210966,1,0,1,0,0,1,0,0,0,1
-0.3448061642402308,-1.253741929331373,-0.7566434880210966,1,0,0,0,0,0,1,0,0,1
-0.3587500119919306,-0.8043033970404823,-0.7566434880210966,1,0,0,0,1,1,0,0,0,0
1.6650334145709411,-0.35486486474959156,-0.7566434880210966,0,0,1,0,0,0,0,0,0,1
-0.1851659556307243,-0.8043033970404823,-0.7566434880210966,1,0,0,0,1,0,0,0,0,0
-0.33301246102101406,0.5440121998321898,0.2121533166836726,1,0,1,0,0,0,0,0,1,0
0.9712748398960366,1.4428892644139713,-0.7566434880210966,1,0,1,0,0,0,0,0,0,1
1.2035867245325262,0.5440121998321898,-0.7566434880210966,0,1,1,0,0,0,0,0,0,0
-0.20517834563753667,-0.8043033970404823,1.1809501213884417,0,1,1,0,0,0,0,0,0,0
-0.3030548502587315,-1.253741929331373,-0.7566434880210966,1,0,1,0,0,0,0,0,1,0
-0.31334024313426617,1.4428892644139713,-0.7566434880210966,0,0,0,0,0,1,0,0,0,1
-0.2650422204269976,1.4428892644139713,0.2121533166836726,1,0,0,1,0,1,0,0,0,0
-0.027627753989540774,0.9934507321230805,-0.7566434880210966,1,0,1,0,0,0,0,0,1,0
-0.36306313774067267,0.09457366754129916,3.11854373079798,1,0,0,0,0,0,1,0,0,1
-0.24052415441480288,0.5440121998321898,0.2121533166836726,0,1,0,0,1,0,0,1,0,0
-0.364000215656322,-0.8043033970404823,0.2121533166836726,1,0,1,0,0,0,0,0,0,1
-0.16928055945790174,-0.8043033970404823,-0.7566434880210966,0,0,1,0,0,0,0,0,0,1
-0.359045255718779,-0.35486486474959156,2.1497469260932105,0,0,0,0,0,1,0,0,0,1
-0.347774647363435,0.5440121998321898,0.2121533166836726,1,0,1,0,0,0,0,0,0,1
-0.3578386074438333,-0.8043033970404823,0.2121533166836726,1,0,0,0,0,1,0,0,1,0
-0.3453677691554316,-0.8043033970404823,-0.7566434880210966,1,0,0,0,1,1,0,0,0,0
-0.02692173638185973,1.4428892644139713,-0.7566434880210966,1,0,1,0,0,1,0,0,0,1
-0.25498146951754336,-0.35486486474959156,-0.7566434880210966,1,0,0,0,1,1,0,0,1,0
0.6900391442181976,-0.8043033970404823,-0.7566434880210966,0,1,0,0,1,1,0,0,0,1
-0.2960428117460816,1.4428892644139713,-0.7566434880210966,1,0,0,0,1,0,0,0,0,1
-0.32681876109908525,1.4428892644139713,-0.7566434880210966,1,0,1,0,0,1,0,0,1,0
0.10014859631694453,0.9934507321230805,0.2121533166836726,0,0,0,0,1,1,0,0,0,1
-0.34889785719383665,-0.35486486474959156,-0.7566434880210966,1,0,0,0,1,0,0,0,0,1
-0.08953506837759657,-0.35486486474959156,1.423149322564634,0,0,0,1,0,0,0,0,1,0
-0.35604147171519074,-0.8043033970404823,0.2121533166836726,1,0,1,0,0,0,0,0,0,1
-0.22171841268293613,-0.35486486474959156,-0.7566434880210966,1,0,0,0,0,0,1,0,0,1
-0.29000957037135305,0.09457366754129916,-0.7566434880210966,1,0,0,0,1,0,0,0,1,0
1.0739137541981343,0.09457366754129916,0.2121533166836726,0,0,1,0,0,0,1,0,0,0
0.018584307604124817,-0.35486486474959156,-0.7566434880210966,1,0,0,0,1,0,0,0,1,0
-0.325233430652747,0.09457366754129916,0.2121533166836726,0,1,0,0,0,0,1,0,0,1
-0.2798044067694186,-1.253741929331373,-0.7566434880210966,1,0,1,0,0,1,0,0,0,1
-0.348493501654892,-0.35486486474959156,0.2121533166836726,1,0,0,0,0,0,0,0,0,1
1.8886003083850182,1.4428892644139713,-0.7566434880210966,0,0,0,0,1,0,0,0,0,1
0.04170638425567762,1.4428892644139713,-0.7566434880210966,1,0,0,0,1,1,0,1,0,0
-0.3423190567586272,0.5440121998321898,0.2121533166836726,1,0,1,0,0,1,0,0,0,0
-0.33172879264341226,-0.8043033970404823,0.2121533166836726,1,0,1,0,0,0,0,0,0,1
0.5629110464424012,0.09457366754129916,0.2121533166836726,1,0,0,1,0,0,1,0,0,1
-0.31818609125971303,0.09457366754129916,-0.7566434880210966,1,0,0,1,0,0,0,0,0,0
-0.34941774288676536,1.4428892644139713,0.2121533166836726,1,0,0,0,1,1,0,0,0,1
-0.3489459947579967,-0.35486486474959156,-0.7566434880210966,1,0,0,0,0,1,0,0,0,1
-0.3296749232392493,-0.8043033970404823,0.2121533166836726,1,0,1,0,0,1,0,0,0,1
-0.35403894904613187,0.09457366754129916,0.2121533166836726,1,0,0,1,0,0,1,0,0,1
-0.28158870581428513,0.09457366754129916,0.2121533166836726,0,1,0,0,0,0,0,0,0,1
-0.2751061805073959,1.4428892644139713,0.2121533166836726,1,0,1,0,0,0,1,1,0,0
0.6612528808504767,-0.8043033970404823,-0.7566434880210966,0,0,0,1,0,0,0,0,0,1
-0.3669205612153662,-0.8043033970404823,2.634145328445595,1,0,1,0,0,1,0,0,0,0
-0.35480273173080495,-0.8043033970404823,-0.7566434880210966,1,0,1,0,0,0,0,0,0,1
-0.3583007280597699,-0.8043033970404823,-0.7566434880210966,1,0,0,0,1,0,0,0,1,0
-0.27900211403341746,-0.8043033970404823,-0.7566434880210966,0,1,0,1,0,1,0,0,0,0
-0.24323269469154268,-0.8043033970404823,0.2121533166836726,1,0,0,0,1,0,1,0,0,1
-0.36323001462976096,-0.8043033970404823,0.2121533166836726,1,0,0,1,0,0,0,0,0,1
-0.3284554382805276,-0.8043033970404823,-0.7566434880210966,0,0,1,0,0,1,0,0,0,0
-0.33166460922453217,-0.8043033970404823,-0.7566434880210966,1,0,0,0,1,0,0,0,0,1
-0.32654277239790086,-0.35486486474959156,0.2121533166836726,1,0,0,0,1,1,0,0,1,0
-0.3570170596821681,-0.8043033970404823,-0.7566434880210966,1,0,0,0,1,0,0,0,0,1
0.07029367902487019,-0.8043033970404823,-0.030045884492519763,0,0,0,0,1,1,0,0,0,1
